week,pick_id,show,episode_date,host,is_guest,game_date,matchup,market_type,side,number_cited,price_cited,stated_confidence,confidence_tier,line_available_at_listen,closing_line,closing_price,ledger_clv_points,clv_pct,ledger_result,notes,ext_episode_id,ext_period,ext_game_id_provisional,ext_attribution_confidence,ext_pick_or_lean,ext_reasoning_15w,ext_final_score,ext_graded_as_of,ext_clv_status,number_source,source_file,evidence_grade,resolved_team,cfbd_game_id,opponent,is_home,period_norm,market_norm,ou,result,margin_or_total,clv_points,clv_points_vs_listen,clv_prob_delta,closing_number,closing_basis,beat_close,gradeable,clv_computable,ungradeable_reason,clv_blocked_reason,resolution_hint,listen_line_skipped,graded_at,_is_lean,_is_guest,entity_type,in_host_baseline,disputed,dispute_reason
1,W01-001,Cover 3,2026-09-03,Bud Elliott,False,2026-09-04,Miami at Stanford,SPREAD,Miami -13.5,-13.5,,board pick,2,,,,,,W,Miami led by 22 at half,C3_20260903_LOCKS,1H,20260904_MIA_STAN,HIGH,PICK,Stanford OL banged up; should be 14 not 13.5,1H: MIA 28 STAN 6,2026-09-05,NO_CLOSE_CAPTURED,,host_pick_ledger_WK01_2026.csv,ROSTER,Miami,401858206,Stanford,False,1H,SPREAD,,W,22.0,,,,,,,True,False,,NO_CFBD_MARKET for SPREAD/1H - CFBD publishes full-game spread/total/ML only,,,20260926T023919Z,False,False,HOST,True,False,
1,W01-002,Cover 3,2026-09-03,Bud Elliott,False,2026-09-04,UTEP at Oklahoma,TEAM_TOTAL,UTEP under 1.5,1.5,,sicko mode,2,,,,,,W,limited books; big books only | UTEP shut out; 1H team total zero,C3_20260903_LOCKS,1H,20260904_UTEP_OU,HIGH,PICK,UTEP rebuilt JUCO OL cannot block Oklahoma front,OKLA 51 UTEP 0,2026-09-05,NO_CLOSE_CAPTURED,,host_pick_ledger_WK01_2026.csv,ROSTER,UTEP,401856664,Oklahoma,False,1H,TEAM_TOTAL,UNDER,W,0.0,,,,,,,True,False,,NO_CFBD_MARKET for TEAM_TOTAL/1H - CFBD publishes full-game spread/total/ML only,,,20260926T023919Z,False,False,HOST,True,False,
1,W01-003,Cover 3,2026-09-03,Bud Elliott,False,2026-09-05,Boise State at Oregon,TEAM_TOTAL,Boise under 6.5,6.5,plus money,board pick,2,,,,,,,,C3_20260903_LOCKS,1H,20260905_BSU_ORE,HIGH,PICK,Oregon DL whips unresolved Boise OL early,,,PENDING,,host_pick_ledger_WK01_2026.csv,ROSTER,Boise State,401858433,Oregon,False,1H,TEAM_TOTAL,UNDER,L,17.0,,,,,,,True,False,,NO_CFBD_MARKET for TEAM_TOTAL/1H - CFBD publishes full-game spread/total/ML only,,,20260926T023919Z,False,False,HOST,True,False,
1,W01-004,Cover 3,2026-09-03,Bud Elliott,False,2026-09-05,Clemson at LSU,TEAM_TOTAL,Clemson under 20.5,20.5,,cover 3 star lock (3 units),3,,,,,,,3-star = 3 units; only one per host per week,C3_20260903_LOCKS,FG,20260905_CLEM_LSU,HIGH,PICK,Vizzina not worth a damn; distrusts Clemson run game,,,PENDING,,host_pick_ledger_WK01_2026.csv,ASSERTION,Clemson,401856660,LSU,False,FG,TEAM_TOTAL,UNDER,W,10.0,,,,,,,True,False,,NO_CFBD_MARKET for TEAM_TOTAL/FG - CFBD publishes full-game spread/total/ML only,,,20260926T023919Z,False,False,HOST,True,False,
1,W01-005,Cover 3,2026-09-03,Bud Elliott,False,2026-09-05,Tennessee State at Georgia,SPREAD,Georgia -47,-47.0,,lock,2,,,,,,,fades own Kirby-big-spread caution; books adjusted,C3_20260903_LOCKS,FG,20260905_TNST_UGA,HIGH,PICK,Books overcorrected; TSU a bad FCS team,,,PENDING,,host_pick_ledger_WK01_2026.csv,ASSERTION,Georgia,401856658,Tennessee State,True,FG,SPREAD,,W,60.0,2.5,,,-49.5,CLOSE_PROXY/DraftKings/n_books=3,True,True,True,,,,,20260926T023919Z,False,False,HOST,True,False,
1,W01-006,Cover 3,2026-09-03,Bud Elliott,False,2026-09-06,Louisville vs Ole Miss,TOTAL,under 55.5,55.5,,board pick,2,,,,,,,neutral site Nashville,C3_20260903_LOCKS,FG,20260906_LOU_MISS,HIGH,PICK,Louisville edges vs new Ole Miss tackles; LBs match Kienholz,,,PENDING,,host_pick_ledger_WK01_2026.csv,ROSTER,,401856661,,,FG,TOTAL,UNDER,L,79.0,0.0,,,55.5,CLOSE_PROXY/DraftKings/n_books=3,False,True,True,,,,,20260926T023919Z,False,False,HOST,True,False,
1,W01-007,Cover 3,2026-09-03,Bud Elliott,False,2026-09-06,Wisconsin vs Notre Dame,TOTAL,under 24.5,24.5,,board pick,2,,,,,,,Lambeau Field neutral,C3_20260903_LOCKS,1H,20260906_WIS_ND,HIGH,PICK,Had 48 in pocket; prefers first half here,,,PENDING,,host_pick_ledger_WK01_2026.csv,ASSERTION,,401858438,,,1H,TOTAL,UNDER,W,23.0,,,,,,,True,False,,NO_CFBD_MARKET for TOTAL/1H - CFBD publishes full-game spread/total/ML only,,,20260926T023919Z,False,False,HOST,True,False,
1,W01-008,Cover 3,2026-09-03,Bud Elliott,False,2026-09-05,North Texas at Indiana,TEAM_TOTAL,Indiana over 27.5,27.5,,board pick,2,,,,,,,,C3_20260903_LOCKS,1H,20260905_UNT_IU,HIGH,PICK,North Texas secondary injuries; Indiana OL returns intact,,,PENDING,,host_pick_ledger_WK01_2026.csv,ROSTER,Indiana,401858425,North Texas,True,1H,TEAM_TOTAL,OVER,L,24.0,,,,,,,True,False,,NO_CFBD_MARKET for TEAM_TOTAL/1H - CFBD publishes full-game spread/total/ML only,,,20260926T023919Z,False,False,HOST,True,False,
1,W01-009,Cover 3,2026-09-03,Bud Elliott,False,2026-09-07,SMU at Florida State,SPREAD,SMU -3,-3.0,,board pick,2,,,,,,,,C3_20260903_LOCKS,FG,20260907_SMU_FSU,MEDIUM,PICK,SMU better team coaching edge experience edge more talent,,,PENDING,,host_pick_ledger_WK01_2026.csv,ASSERTION,SMU,401858212,Florida State,False,FG,SPREAD,,P,3.0,0.0,,,-3.0,CLOSE_PROXY/DraftKings/n_books=3,False,True,True,,,,,20260926T023919Z,False,False,HOST,True,False,
1,W01-010,Cover 3,2026-09-03,Bud Elliott,False,2026-09-05,Tulane vs Duke,TOTAL,under 51.5,51.5,,board pick,2,,,,,,,game date unverified,C3_20260903_LOCKS,FG,20260905_TUL_DUKE,HIGH,PICK,Doubts Hoehler hire; Duke replacing quarterback,,,PENDING,,host_pick_ledger_WK01_2026.csv,ASSERTION,,401858209,,,FG,TOTAL,UNDER,W,20.0,0.0,,,51.5,CLOSE_PROXY/DraftKings/n_books=3,False,True,True,,,,,20260926T023919Z,False,False,HOST,True,False,
1,W01-011,Cover 3,2026-09-03,Bud Elliott,False,2026-09-05,FIU at USF,ML,FIU,,+525,moneyline sprinkle,1,,,,,,,price garbled in transcript (+506 vs +525),C3_20260903_LOCKS,FG,20260905_FIU_USF,HIGH,PICK,Chadwell better coach than Napier in Sun Belt,,,PENDING,,host_pick_ledger_WK01_2026.csv,ASSERTION,Florida International,401862699,South Florida,False,FG,ML,,L,-10.0,,,0.01544,470.0,CLOSE_PROXY/DraftKings,True,True,True,,,,,20260926T023919Z,False,False,HOST,True,False,
1,W01-012,Cover 3,2026-09-03,Bud Elliott,False,2026-09-05,Liberty at JMU,ML,Liberty,,+190,moneyline sprinkle,1,+230 earlier in week,,,,,,line moved against him; he noted it,C3_20260903_LOCKS,FG,20260905_LIB_JMU,HIGH,PICK,Was 230 earlier; likes it less at 190,,,PENDING,,host_pick_ledger_WK01_2026.csv,NONE,Liberty,401869960,James Madison,False,FG,ML,,L,-7.0,,,0.00605,185.0,CLOSE_PROXY/DraftKings,True,True,True,,,,,20260926T023919Z,False,False,HOST,True,False,
1,W01-013,Cover 3,2026-09-03,Bud Elliott,False,2026-09-05,Baylor vs Auburn,ML,Baylor,,+250,moneyline sprinkle,1,,,,,,,,C3_20260903_LOCKS,FG,20260905_BAY_AUB,HIGH,PICK,Nobody wants to bet Baylor; give me Aranda,,,PENDING,,host_pick_ledger_WK01_2026.csv,NONE,Baylor,401856636,Auburn,False,FG,ML,,L,-1.0,,,0.02679,220.0,CLOSE_PROXY/DraftKings,True,True,True,,,,,20260926T023919Z,False,False,HOST,True,False,
1,W01-014,Cover 3,2026-09-03,Bud Elliott,False,2026-09-05,Wyoming at Colorado State,ML,Wyoming,,+165,moneyline sprinkle,1,+140 to +146 at other books,,,,,,shopped up from 140,C3_20260903_LOCKS,FG,20260905_WYO_CSU,HIGH,PICK,Line shopped 140 to 165 on air,,,PENDING,,host_pick_ledger_WK01_2026.csv,NONE,Wyoming,401860878,Colorado State,False,FG,ML,,L,-22.0,,,0.07719,120.0,CLOSE_PROXY/DraftKings,True,True,True,,,,,20260926T023919Z,False,False,HOST,True,False,
1,W01-015,Cover 3,2026-09-03,Chip Patterson,False,2026-09-03,Colorado at Georgia Tech,SPREAD,Georgia Tech -3.5,-3.5,,best bet for this game,2,,,,,,L,"contradicts show-level upset alert on Colorado two days earlier | GT led by 3 at half, needed >3.5",C3_20260903_LOCKS,1H,20260903_COLO_GT,HIGH,PICK,Tech mashes early; go-go offense slow to settle on road,1H: GT 10 COLO 7,2026-09-05,NO_CLOSE_CAPTURED,,host_pick_ledger_WK01_2026.csv,SCHEME,Georgia Tech,401856776,Colorado,True,1H,SPREAD,,L,3.0,,,,,,,True,False,,NO_CFBD_MARKET for SPREAD/1H - CFBD publishes full-game spread/total/ML only,,,20260926T023919Z,False,False,HOST,True,False,
1,W01-016,Cover 3,2026-09-03,Chip Patterson,False,2026-09-04,Toledo at Michigan State,TOTAL,under 47.5,47.5,,board pick,2,46.5 also available,,,,,L,took worse-priced better number deliberately | Total 50; the 46.5 he passed on also loses,C3_20260903_LOCKS,FG,20260904_TOL_MSU,HIGH,PICK,Unimpressed by Michigan State explosiveness; expects rock fight,MSU 30 TOL 20,2026-09-05,NO_CLOSE_CAPTURED,,host_pick_ledger_WK01_2026.csv,ASSERTION,,401858429,,,FG,TOTAL,UNDER,L,50.0,-1.0,-2.0,,48.5,CLOSE_PROXY/DraftKings/n_books=3,False,True,True,,,,,20260926T023919Z,False,False,HOST,True,False,
1,W01-017,Cover 3,2026-09-03,Chip Patterson,False,2026-09-05,Boise State at Oregon,TEAM_TOTAL,Boise under 13.5,13.5,,board pick,2,,,,,,,,C3_20260903_LOCKS,FG,20260905_BSU_ORE,HIGH,PICK,Boise OL concerns unanswered vs best DL in country,,,PENDING,,host_pick_ledger_WK01_2026.csv,ROSTER,Boise State,401858433,Oregon,False,FG,TEAM_TOTAL,UNDER,L,27.0,,,,,,,True,False,,NO_CFBD_MARKET for TEAM_TOTAL/FG - CFBD publishes full-game spread/total/ML only,,,20260926T023919Z,False,False,HOST,True,False,
1,W01-018,Cover 3,2026-09-03,Chip Patterson,False,2026-09-05,North Texas at Indiana,SPREAD,Indiana -7.5,-7.5,plus money,board pick,1,,,,,,,fourth-quarter derivative market,C3_20260903_LOCKS,4Q,20260905_UNT_IU,HIGH,PICK,Prefers 4Q -7.5 plus money over -40.5 full game,,,PENDING,,host_pick_ledger_WK01_2026.csv,NONE,Indiana,401858425,North Texas,True,Q4,SPREAD,,W,21.0,,,,,,,True,False,,NO_CFBD_MARKET for SPREAD/Q4 - CFBD publishes full-game spread/total/ML only,,,20260926T023919Z,False,False,HOST,True,False,
1,W01-019,Cover 3,2026-09-03,Chip Patterson,False,2026-09-05,Wyoming at Colorado State,TOTAL,under 46.5,46.5,,cover 3 star lock (3 units),3,,,,,,,3 units; wind 10mph not a factor per host,C3_20260903_LOCKS,FG,20260905_WYO_CSU,HIGH,PICK,Rivalry phone-booth game; familiarity and tape both directions,,,PENDING,,host_pick_ledger_WK01_2026.csv,SCHEME,,401860878,,,FG,TOTAL,UNDER,L,48.0,0.0,,,46.5,CLOSE_PROXY/DraftKings/n_books=3,False,True,True,,,,,20260926T023919Z,False,False,HOST,True,False,
1,W01-020,Cover 3,2026-09-03,Chip Patterson,False,2026-09-06,Wisconsin vs Notre Dame,SPREAD,Notre Dame -20,-20.0,,board pick,2,20.5 elsewhere,,,,,,,C3_20260903_LOCKS,FG,20260906_WIS_ND,HIGH,PICK,Freeman needs resume points; expects mid-2000s style bloodbaths,,,PENDING,,host_pick_ledger_WK01_2026.csv,MOTIVATION,Notre Dame,401858438,Wisconsin,True,FG,SPREAD,,W,28.0,1.0,41.5,,-21.0,CLOSE_PROXY/DraftKings/n_books=3,True,True,True,,,,,20260926T023919Z,False,False,HOST,True,False,
1,W01-021,Cover 3,2026-09-03,Chip Patterson,False,2026-09-05,ECU at Alabama,TOTAL,under 28.5,28.5,,board pick,2,,,,,,,110F heat cited,C3_20260903_LOCKS,1H,20260905_ECU_BAMA,HIGH,PICK,Heat plus new QB friction; ECU lost everything offensively,,,PENDING,,host_pick_ledger_WK01_2026.csv,ROSTER,,401856634,,,1H,TOTAL,UNDER,L,45.0,,,,,,,True,False,,NO_CFBD_MARKET for TOTAL/1H - CFBD publishes full-game spread/total/ML only,,,20260926T023919Z,False,False,HOST,True,False,
1,W01-022,Cover 3,2026-09-03,Chip Patterson,False,2026-09-05,Boston College at Cincinnati,SPREAD,Boston College +7.5,7.5,,moneyline sprinkles segment side,2,,,,,,,,C3_20260903_LOCKS,FG,20260905_BC_CIN,HIGH,PICK,Refuses to let Cincinnati be a touchdown-plus favorite,,,PENDING,,host_pick_ledger_WK01_2026.csv,ASSERTION,Boston College,401856777,Cincinnati,False,FG,SPREAD,,L,-19.0,0.5,,,7.0,CLOSE_PROXY/DraftKings/n_books=3,True,True,True,,,,,20260926T023919Z,False,False,HOST,True,False,
1,W01-023,Cover 3,2026-09-03,Chip Patterson,False,2026-09-05,UCLA at Cal,SPREAD,Cal +2,2.0,,board pick,2,,,,,,,,C3_20260903_LOCKS,FG,20260905_UCLA_CAL,HIGH,PICK,Program rallied around LuPoy; both QBs play well,,,PENDING,,host_pick_ledger_WK01_2026.csv,MOTIVATION,California,401858210,UCLA,True,FG,SPREAD,,L,-21.0,-0.5,,,2.5,CLOSE_PROXY/DraftKings/n_books=3,False,True,True,,,,,20260926T023919Z,False,False,HOST,True,False,
1,W01-024,Cover 3,2026-09-03,Chip Patterson,False,2026-09-04,Toledo at Michigan State,ML,Toledo,,+350,moneyline sprinkle,1,,,,,,L,Toledo lost by 10,C3_20260903_LOCKS,FG,20260904_TOL_MSU,HIGH,PICK,Rockets to the moon; correlated with his under,MSU 30 TOL 20,2026-09-05,NO_CLOSE_CAPTURED,,host_pick_ledger_WK01_2026.csv,NONE,Toledo,401858429,Michigan State,False,FG,ML,,L,-10.0,,,0.01587,320.0,CLOSE_PROXY/DraftKings,True,True,True,,,,,20260926T023919Z,False,False,HOST,True,False,
1,W01-025,Cover 3,2026-09-03,Chip Patterson,False,2026-09-05,Oklahoma State at Tulsa,ML,Tulsa,,+460,moneyline sprinkle,1,+450 elsewhere,,,,,,,C3_20260903_LOCKS,FG,20260905_OKST_TUL,HIGH,PICK,In-state rivalry; Tulsa beat them at home last year,,,PENDING,,host_pick_ledger_WK01_2026.csv,BASE_RATE,Tulsa,401856772,Oklahoma State,True,FG,ML,,W,14.0,,,0.01751,410.0,CLOSE_PROXY/DraftKings,True,True,True,,,,,20260926T023919Z,False,False,HOST,True,False,
1,W01-026,Cover 3,2026-09-03,Chip Patterson,False,2026-09-05,UCLA at Cal,ML,Cal,,+115,moneyline sprinkle,1,+102 initially,,,,,,shopped up from +102,C3_20260903_LOCKS,FG,20260905_UCLA_CAL,HIGH,PICK,Same side as his spread; correlated exposure,,,PENDING,,host_pick_ledger_WK01_2026.csv,NONE,California,401858210,UCLA,True,FG,ML,,L,-21.0,,,-0.01057,120.0,CLOSE_PROXY/DraftKings,False,True,True,,,,,20260926T023919Z,False,False,HOST,True,False,
1,W01-027,Cover 3,2026-09-03,Danny Kanell,False,2026-09-03,Colorado at Georgia Tech,TOTAL,under 26.5,26.5,,board pick,2,,,,,,W,1H under 26.5 by nine points,C3_20260903_LOCKS,1H,20260903_COLO_GT,HIGH,PICK,Both offenses have new pieces; sluggish out of gate,1H total 17,2026-09-05,NO_CLOSE_CAPTURED,,host_pick_ledger_WK01_2026.csv,ASSERTION,,401856776,,,1H,TOTAL,UNDER,W,17.0,,,,,,,True,False,,NO_CFBD_MARKET for TOTAL/1H - CFBD publishes full-game spread/total/ML only,,,20260926T023919Z,False,False,HOST,True,False,
1,W01-028,Cover 3,2026-09-03,Danny Kanell,False,2026-09-06,Louisville vs Ole Miss,SPREAD,Louisville +7,7.0,,board pick,2,,,,,,,,C3_20260903_LOCKS,FG,20260906_LOU_MISS,HIGH,PICK,Betting on big-game Brohm; Ole Miss defense overrated post-Kiffin,,,PENDING,,host_pick_ledger_WK01_2026.csv,MOTIVATION,Louisville,401856661,Ole Miss,False,FG,SPREAD,,W,-3.0,0.5,,,6.5,CLOSE_PROXY/DraftKings/n_books=3,True,True,True,,,,,20260926T023919Z,False,False,HOST,True,False,
1,W01-029,Cover 3,2026-09-03,Danny Kanell,False,2026-09-05,Boise State at Oregon,TEAM_TOTAL,Boise under 13.5,13.5,,board pick,2,,,,,,,,C3_20260903_LOCKS,FG,20260905_BSU_ORE,HIGH,PICK,No Jeanty; Madsen struggles against power four defenses,,,PENDING,,host_pick_ledger_WK01_2026.csv,ROSTER,Boise State,401858433,Oregon,False,FG,TEAM_TOTAL,UNDER,L,27.0,,,,,,,True,False,,NO_CFBD_MARKET for TEAM_TOTAL/FG - CFBD publishes full-game spread/total/ML only,,,20260926T023919Z,False,False,HOST,True,False,
1,W01-030,Cover 3,2026-09-03,Danny Kanell,False,2026-09-05,Clemson at LSU,TOTAL,under 50.5,50.5,,board pick,2,,,,,,,,C3_20260903_LOCKS,FG,20260905_CLEM_LSU,HIGH,PICK,Clemson defense stout; Leavitt had no spring reps,,,PENDING,,host_pick_ledger_WK01_2026.csv,ROSTER,,401856660,,,FG,TOTAL,UNDER,L,61.0,2.0,,,48.5,CLOSE_PROXY/DraftKings/n_books=3,True,True,True,,,,,20260926T023919Z,False,False,HOST,True,False,
1,W01-031,Cover 3,2026-09-03,Danny Kanell,False,2026-09-04,Miami at Stanford,TOTAL,over 47.5,47.5,,board pick,2,,,,,,W,"only over on the Cover 3 card | Total 51, over 47.5",C3_20260903_LOCKS,FG,20260904_MIA_STAN,HIGH,PICK,Miami can reach the number alone; Stanford needs ten,MIA 45 STAN 6,2026-09-05,NO_CLOSE_CAPTURED,,host_pick_ledger_WK01_2026.csv,ASSERTION,,401858206,,,FG,TOTAL,OVER,W,51.0,-1.0,,,46.5,CLOSE_PROXY/DraftKings/n_books=3,False,True,True,,,,,20260926T023919Z,False,False,HOST,True,False,
1,W01-032,Cover 3,2026-09-03,Danny Kanell,False,2026-09-06,Wisconsin vs Notre Dame,SPREAD,Wisconsin +11.5,11.5,,board pick,2,,,,,,,,C3_20260903_LOCKS,1H,20260906_WIS_ND,HIGH,PICK,Sluggish start; Notre Dame depth takes control late,,,PENDING,,host_pick_ledger_WK01_2026.csv,SCHEME,Wisconsin,401858438,Notre Dame,False,1H,SPREAD,,W,-3.0,,,,,,,True,False,,NO_CFBD_MARKET for SPREAD/1H - CFBD publishes full-game spread/total/ML only,,,20260926T023919Z,False,False,HOST,True,False,
1,W01-033,Cover 3,2026-09-03,Danny Kanell,False,2026-09-05,Western Michigan at Michigan,SPREAD,Michigan -27.5,-27.5,,cover 3 star lock (3 units),3,,,,,,,3 units,C3_20260903_LOCKS,FG,20260905_WMU_MICH,HIGH,PICK,Whittingham era opener; build Underwood confidence with a massacre,,,PENDING,,host_pick_ledger_WK01_2026.csv,MOTIVATION,Michigan,401858428,Western Michigan,True,FG,SPREAD,,L,1.0,0.0,,,-27.5,CLOSE_PROXY/DraftKings/n_books=3,False,True,True,,,,,20260926T023919Z,False,False,HOST,True,False,
1,W01-034,Cover 3,2026-09-03,Danny Kanell,False,2026-09-05,Baylor vs Auburn,SPREAD,Auburn -7,-7.0,,board pick,2,-1.5 misread on his board,,,,,,,C3_20260903_LOCKS,FG,20260905_BAY_AUB,HIGH,PICK,Distrusts Lagway; Auburn controls line of scrimmage,,,PENDING,,host_pick_ledger_WK01_2026.csv,ASSERTION,Auburn,401856636,Baylor,True,FG,SPREAD,,L,1.0,-0.5,5.0,,-6.5,CLOSE_PROXY/DraftKings/n_books=3,False,True,True,,,,,20260926T023919Z,False,False,HOST,True,False,
1,W01-035,Cover 3,2026-09-03,Danny Kanell,False,2026-09-05,FIU at USF,ML,FIU,,,moneyline sprinkle,1,,,,,,,PRICE NOT CITED - ungradeable for CLV,C3_20260903_LOCKS,FG,20260905_FIU_USF,MEDIUM,PICK,Was under on USF win total in preseason,,,PENDING,,host_pick_ledger_WK01_2026.csv,NONE,Florida International,401862699,South Florida,False,FG,ML,,L,-10.0,,,,,,,True,False,,NO_PRICE_CITED,,,20260926T023919Z,False,False,HOST,True,False,
1,W01-036,Cover 3,2026-09-03,Danny Kanell,False,2026-09-05,UCLA at Cal,ML,Cal,,,moneyline sprinkle,1,,,,,,,PRICE NOT CITED,C3_20260903_LOCKS,FG,20260905_UCLA_CAL,MEDIUM,PICK,The cal-gor-ithm gets it done,,,PENDING,,host_pick_ledger_WK01_2026.csv,NONE,California,401858210,UCLA,True,FG,ML,,L,-21.0,,,,,,,True,False,,NO_PRICE_CITED,,,20260926T023919Z,False,False,HOST,True,False,
1,W01-037,Cover 3,2026-09-03,Danny Kanell,False,2026-09-05,Clemson at LSU,ML,Clemson,,+325,moneyline sprinkle,1,+350 first quoted,,,,,,line moved against him mid-segment,C3_20260903_LOCKS,FG,20260905_CLEM_LSU,HIGH,PICK,Dabo disrespect card; Vizzina might be merely adequate,,,PENDING,,host_pick_ledger_WK01_2026.csv,ASSERTION,Clemson,401856660,LSU,False,FG,ML,,L,-41.0,,,0.0028,320.0,CLOSE_PROXY/DraftKings,True,True,True,,,,,20260926T023919Z,False,False,HOST,True,False,
1,W01-038,Cover 3,2026-09-03,Danny Kanell,False,2026-09-07,SMU at Florida State,ML,Florida State,,+140,moneyline sprinkle,1,,,,,,,rationale explicitly non-analytical (daughter attendance),C3_20260903_LOCKS,FG,20260907_SMU_FSU,HIGH,PICK,Why is it only a field goal for Florida State,,,PENDING,,host_pick_ledger_WK01_2026.csv,NONE,Florida State,401858212,SMU,True,FG,ML,,L,-3.0,,,0.01812,130.0,CLOSE_PROXY/DraftKings,True,True,True,,,,,20260926T023919Z,False,False,HOST,True,False,
1,W01-039,Cover 3,2026-09-03,Tom Fornelli,False,2026-09-05,Clemson at LSU,SPREAD,LSU -10,-10.0,,board pick,2,,,,,,,,C3_20260903_LOCKS,FG,20260905_CLEM_LSU,HIGH,PICK,Talent gap; Kiffin era opener statement game in Baton Rouge,,,PENDING,,host_pick_ledger_WK01_2026.csv,MOTIVATION,LSU,401856660,Clemson,True,FG,SPREAD,,W,41.0,0.0,,,-10.0,CLOSE_PROXY/DraftKings/n_books=3,False,True,True,,,,,20260926T023919Z,False,False,HOST,True,False,
1,W01-040,Cover 3,2026-09-03,Tom Fornelli,False,2026-09-06,Louisville vs Ole Miss,SPREAD,Louisville +7,7.0,,board pick,2,,,,,,,,C3_20260903_LOCKS,FG,20260906_LOU_MISS,HIGH,PICK,Brohm gameplanning edge; Ole Miss defense lost its good players,,,PENDING,,host_pick_ledger_WK01_2026.csv,ROSTER,Louisville,401856661,Ole Miss,False,FG,SPREAD,,W,-3.0,0.5,,,6.5,CLOSE_PROXY/DraftKings/n_books=3,True,True,True,,,,,20260926T023919Z,False,False,HOST,True,False,
1,W01-041,Cover 3,2026-09-03,Tom Fornelli,False,2026-09-06,Wisconsin vs Notre Dame,TOTAL,under 47.5,47.5,,cover 3 star lock (3 units),3,,,,,,,3 units,C3_20260903_LOCKS,FG,20260906_WIS_ND,HIGH,PICK,Both paths to the result are lower scoring,,,PENDING,,host_pick_ledger_WK01_2026.csv,ASSERTION,,401858438,,,FG,TOTAL,UNDER,L,54.0,1.0,,,46.5,CLOSE_PROXY/DraftKings/n_books=3,True,True,True,,,,,20260926T023919Z,False,False,HOST,True,False,
1,W01-042,Cover 3,2026-09-03,Tom Fornelli,False,2026-09-05,North Texas at Indiana,SPREAD,Indiana -40.5,-40.5,,board pick,2,,,,,,,,C3_20260903_LOCKS,FG,20260905_UNT_IU,HIGH,PICK,Cignetti motivated; North Texas gutted by staff departure,,,PENDING,,host_pick_ledger_WK01_2026.csv,ROSTER,Indiana,401858425,North Texas,True,FG,SPREAD,,L,36.0,-1.0,,,-39.5,CLOSE_PROXY/DraftKings/n_books=3,False,True,True,,,,,20260926T023919Z,False,False,HOST,True,False,
1,W01-043,Cover 3,2026-09-03,Tom Fornelli,False,2026-09-05,Ball State at Ohio State,SPREAD,Ball State +51,51.0,,board pick,2,,,,,,,,C3_20260903_LOCKS,FG,20260905_BALL_OSU,HIGH,PICK,Ohio State disinterested; Texas next week,,,PENDING,,host_pick_ledger_WK01_2026.csv,MOTIVATION,Ball State,401858432,Ohio State,False,FG,SPREAD,,L,-53.0,1.5,,,49.5,CLOSE_PROXY/DraftKings/n_books=3,True,True,True,,,,,20260926T023919Z,False,False,HOST,True,False,
1,W01-044,Cover 3,2026-09-03,Tom Fornelli,False,2026-09-05,Furman at Tennessee,SPREAD,Tennessee -46.5,-46.5,,board pick,2,,,,,,,opponent resolved from schedule 2026-09-04: Furman 3:30pm ET,C3_20260903_LOCKS,FG,20260905_FUR_TENN,HIGH,PICK,Heupel offense does not decelerate in non-conference games,,,PENDING,,host_pick_ledger_WK01_2026.csv,MOTIVATION,Tennessee,401856666,Furman,True,FG,SPREAD,,W,47.0,3.0,,,-49.5,CLOSE_PROXY/DraftKings/n_books=3,True,True,True,,,,,20260926T023919Z,False,False,HOST,True,False,
1,W01-045,Cover 3,2026-09-03,Tom Fornelli,False,2026-09-05,Kent State at South Carolina,SPREAD,South Carolina -35.5,-35.5,,board pick,2,,,,,,,opponent resolved from schedule 2026-09-04: Kent State 12:45pm ET,C3_20260903_LOCKS,FG,20260905_KENT_SC,HIGH,PICK,New OC wants to show off; Sellers unleashed,,,PENDING,,host_pick_ledger_WK01_2026.csv,MOTIVATION,South Carolina,401856665,Kent State,True,FG,SPREAD,,W,57.0,0.0,,,-35.5,CLOSE_PROXY/DraftKings/n_books=3,False,True,True,,,,,20260926T023919Z,False,False,HOST,True,False,
1,W01-046,Cover 3,2026-09-03,Tom Fornelli,False,2026-09-05,Baylor vs Auburn,TOTAL,under 59,59.0,,board pick,2,,,,,,,,C3_20260903_LOCKS,FG,20260905_BAY_AUB,HIGH,PICK,Best number he could find,,,PENDING,,host_pick_ledger_WK01_2026.csv,NONE,,401856636,,,FG,TOTAL,UNDER,W,33.0,0.5,,,58.5,CLOSE_PROXY/DraftKings/n_books=3,True,True,True,,,,,20260926T023919Z,False,False,HOST,True,False,
1,W01-047,Cover 3,2026-09-03,Tom Fornelli,False,2026-09-05,Boston College at Cincinnati,TOTAL,under 50.5,50.5,,board pick,2,,,,,,,,C3_20260903_LOCKS,FG,20260905_BC_CIN,HIGH,PICK,Lower scoring keeps Boston College close; correlated with Chip,,,PENDING,,host_pick_ledger_WK01_2026.csv,ASSERTION,,401856777,,,FG,TOTAL,UNDER,W,49.0,-1.0,,,51.5,CLOSE_PROXY/DraftKings/n_books=3,False,True,True,,,,,20260926T023919Z,False,False,HOST,True,False,
1,W01-048,Cover 3,2026-09-03,Tom Fornelli,False,2026-09-05,UCLA at Cal,ML,Cal,,+115,moneyline sprinkle,1,,,,,,,,C3_20260903_LOCKS,FG,20260905_UCLA_CAL,HIGH,PICK,Same number Chip found,,,PENDING,,host_pick_ledger_WK01_2026.csv,NONE,California,401858210,UCLA,True,FG,ML,,L,-21.0,,,-0.01057,120.0,CLOSE_PROXY/DraftKings,False,True,True,,,,,20260926T023919Z,False,False,HOST,True,False,
1,W01-049,Cover 3,2026-09-03,Tom Fornelli,False,2026-09-05,South Dakota State at Northwestern,ML,South Dakota State,,+475,moneyline sprinkle,1,+470 quoted once,,,,,,,C3_20260903_LOCKS,FG,20260905_SDST_NW,HIGH,PICK,Fading Northwestern; not sure they are better,,,PENDING,,host_pick_ledger_WK01_2026.csv,NONE,South Dakota State,401858431,Northwestern,False,FG,ML,,L,-16.0,,,0.01127,440.0,CLOSE_PROXY/DraftKings,True,True,True,,,,,20260926T023919Z,False,False,HOST,True,False,
1,W01-050,Cover 3,2026-09-03,Kinsey Brooks,True,2026-09-05,Western Kentucky at Nevada,ML,Nevada,,plus money,guest picks segment,2,around +1.5 spread,,,,,,NUMBER AMBIGUOUS - side vs ML unclear in transcript,C3_20260903_LOCKS,FG,20260905_WKU_NEV,MEDIUM,PICK,Home road splits; WKU eleven points worse away; elevation,,,PENDING,,host_pick_ledger_WK01_2026.csv,STAT_CITED,Nevada,401864432,Western Kentucky,True,FG,ML,,W,35.0,,,,,,,True,False,,NO_PRICE_CITED,,,20260926T023919Z,False,True,GUEST,False,False,
1,W01-051,Cover 3,2026-09-03,Kinsey Brooks,True,2026-09-05,Liberty at JMU,SPREAD,JMU -6,-6.0,,guest picks segment,2,-6.5 market,,,,,,host gave her the better number on air,C3_20260903_LOCKS,FG,20260905_LIB_JMU,MEDIUM,PICK,Napier recruiting profile replaces returning production; road splits,,,PENDING,,host_pick_ledger_WK01_2026.csv,ROSTER,James Madison,401869960,Liberty,True,FG,SPREAD,,W,7.0,0.0,-0.5,,-6.0,CLOSE_PROXY/DraftKings/n_books=3,False,True,True,,,,,20260926T023919Z,False,True,GUEST,False,False,
1,W01-052,Cover 3,2026-09-03,The Dentist,False,2026-09-06,Louisville vs Ole Miss,TOTAL,under 28.5,28.5,,recurring guest pick,2,,,,,,,identity unresolved; recurring non-host picker,C3_20260903_LOCKS,1H,20260906_LOU_MISS,LOW,PICK,Louisville kicking game concern; improved Ole Miss defense,,,PENDING,,host_pick_ledger_WK01_2026.csv,ASSERTION,,401856661,,,1H,TOTAL,UNDER,W,16.0,,,,,,,True,False,,NO_CFBD_MARKET for TOTAL/1H - CFBD publishes full-game spread/total/ML only,,,20260926T023919Z,False,False,UNRESOLVED,False,False,
1,W01-053,Cover 3,2026-09-03,The Dentist,False,2026-09-06,Louisville vs Ole Miss,SPREAD,Ole Miss -6.5,-6.5,,recurring guest pick; nervous,2,,,,,,,stated confidence hedged despite making the pick,C3_20260903_LOCKS,FG,20260906_LOU_MISS,LOW,PICK,Nervous about it; Louisville OL banged up,,,PENDING,,host_pick_ledger_WK01_2026.csv,ROSTER,Ole Miss,401856661,Louisville,True,FG,SPREAD,,L,3.0,0.0,,,-6.5,CLOSE_PROXY/DraftKings/n_books=3,False,True,True,,,,,20260926T023919Z,False,False,UNRESOLVED,False,False,
1,W01-055,Cover 3,2026-09-01,Cover 3 (show-level),False,2026-09-03,Colorado at Georgia Tech,SPREAD,Colorado +6.5,6.5,,upset alert of the week,1,,,,,,W,SHOW-LEVEL designation not an individual wager; Danny and Bud both endorsed | Colorado won outright,C3_20260901_BGB,FG,20260903_COLO_GT,HIGH,LEAN,Colorado more experienced; Georgia Tech lost King and Faulkner,COLO 14 GT 13,2026-09-05,NO_CLOSE_CAPTURED,,host_pick_ledger_WK01_2026.csv,ROSTER,Colorado,401856776,Georgia Tech,False,FG,SPREAD,,W,1.0,0.0,,,6.5,CLOSE_PROXY/DraftKings/n_books=3,False,True,True,,,,,20260926T023919Z,True,False,SHOW,False,False,
1,W01-056,Cover 3,2026-09-02,Danny Kanell,False,2026-09-06,Louisville vs Ole Miss,SPREAD,Louisville,6.5,,ripe spot for an upset,1,,,,,,,"NO NUMBER CITED - lean only; became a firm +7 pick next day | [INF] NUMBER_INFERRED_FROM_MARKET: no number was said on air. Back-filled from fact_lines at DraftKings/CLOSE_PROXY = 6.5. The OPEN on the same game was 8.5; the graded result is the same under either number. CFBD has no snapshot from the recording date, so this is the closest entry that exists, not the number he could actually have got. CLV is blocked on this row by design.",C3_20260902_PREVIEW,FG,20260906_LOU_MISS,HIGH,LEAN,Brohm one of the best play callers; Ole Miss looking ahead,,,NUMBER_INFERRED_NO_CLV,MARKET_INFERRED,host_pick_ledger_WK01_2026.csv,MOTIVATION,Louisville,401856661,Ole Miss,False,FG,SPREAD,,W,-3.0,,,,,,,True,False,,"NUMBER_INFERRED_FROM_MARKET - number_cited was back-filled from fact_lines, so CLV would measure the market against itself",,,20260926T023919Z,True,False,HOST,True,False,
1,W01-057,BBOC,2026-09-03,Stucky,False,2026-09-03,Colorado at Georgia Tech,SPREAD,Colorado +7,7.0,,logged in Action app,2,+6.5 widely; +7 at -120,,,,,W,he got +7 flat; co-host could not | Won outright as +7 dog,BBOC_20260903_WK1PREV,FG,20260903_COLO_GT,HIGH,PICK,Makes it 3.5; Key is 17-6 ATS as underdog,COLO 14 GT 13,2026-09-05,NO_CLOSE_CAPTURED,,host_pick_ledger_WK01_2026.csv,BASE_RATE,Colorado,401856776,Georgia Tech,False,FG,SPREAD,,W,1.0,0.5,,,6.5,CLOSE_PROXY/DraftKings/n_books=3,True,True,True,,,,AMBIGUOUS_MULTIPLE_NUMBERS,20260926T023919Z,False,False,HOST,True,False,
1,W01-058,BBOC,2026-09-03,Stucky,False,2026-09-03,UMass at Rutgers,SPREAD,UMass +29.5,29.5,,first trash bet of the year,2,anything over +29,,,,,W,Won outright as +29.5 dog [VERIFY - source is schedule article not scores feed],BBOC_20260903_WK1PREV,FG,20260903_UMASS_RUT,HIGH,PICK,Makes it 27.5; Schiano will not embarrass former DC,UMASS 37 RUT 21,2026-09-05,NO_CLOSE_CAPTURED,,host_pick_ledger_WK01_2026.csv,MOTIVATION,Massachusetts,401858423,Rutgers,False,FG,SPREAD,,W,16.0,0.0,-0.5,,29.5,CLOSE_PROXY/DraftKings/n_books=3,False,True,True,,,,,20260926T023919Z,False,False,HOST,True,False,
1,W01-059,BBOC,2026-09-03,Stucky,False,2026-09-03,Akron at Wake Forest,SPREAD,Wake Forest -24.5,-24.5,,played,1,,,,,,L,"CONDITIONAL on Poffenberger eligibility news | Won by 22, needed 25",BBOC_20260903_WK1PREV,FG,20260903_AKR_WAKE,HIGH,PICK,Played partly on eligibility rumor; wait-and-see,WAKE 38 AKR 16,2026-09-05,NO_CLOSE_CAPTURED,,host_pick_ledger_WK01_2026.csv,NONE,Wake Forest,401858204,Akron,True,FG,SPREAD,,L,22.0,3.0,,,-27.5,CLOSE_PROXY/DraftKings/n_books=3,True,True,True,,,,,20260926T023919Z,False,False,HOST,True,False,
1,W01-060,BBOC,2026-09-03,Stucky,False,2026-09-06,Louisville vs Ole Miss,SPREAD,Louisville +7,7.0,,favorite bet of the weekend; first bet of the season,3,anything at +7 or above,,,,,,,BBOC_20260903_WK1PREV,FG,20260906_LOU_MISS,HIGH,PICK,Brohm 11-4 ATS as seven-plus dog since 2018,,,PENDING,,host_pick_ledger_WK01_2026.csv,BASE_RATE,Louisville,401856661,Ole Miss,False,FG,SPREAD,,W,-3.0,0.5,0.5,,6.5,CLOSE_PROXY/DraftKings/n_books=3,True,True,True,,,,,20260926T023919Z,False,False,HOST,True,False,
1,W01-061,BBOC,2026-09-03,Stucky,False,2026-09-06,Wisconsin vs Notre Dame,TOTAL,under 47.5,47.5,,put it on the board,2,,,,,,,,BBOC_20260903_WK1PREV,FG,20260906_WIS_ND,HIGH,PICK,Both offensive lines injured; neither team reaches 31 or 13,,,PENDING,,host_pick_ledger_WK01_2026.csv,ROSTER,,401858438,,,FG,TOTAL,UNDER,L,54.0,1.0,,,46.5,CLOSE_PROXY/DraftKings/n_books=3,True,True,True,,,,,20260926T023919Z,False,False,HOST,True,False,
1,W01-062,BBOC,2026-09-03,Stucky,False,2026-09-05,Liberty at JMU,SPREAD,Liberty +6,6.0,,head-to-head vs co-host,2,,,,,,,explicit head-to-head with Colin Wilson,BBOC_20260903_WK1PREV,FG,20260905_LIB_JMU,HIGH,PICK,Trusts Chadwell over Napier; JMU starting completely over,,,PENDING,,host_pick_ledger_WK01_2026.csv,ROSTER,Liberty,401869960,James Madison,False,FG,SPREAD,,L,-7.0,0.0,,,6.0,CLOSE_PROXY/DraftKings/n_books=3,False,True,True,,,,,20260926T023919Z,False,False,HOST,True,False,
1,W01-063,BBOC,2026-09-03,Stucky,False,2026-09-05,Western Michigan at Michigan,SPREAD,Michigan -27.5,-27.5,,liked,2,under four touchdowns,,,,,,,BBOC_20260903_WK1PREV,FG,20260905_WMU_MICH,HIGH,PICK,WMU cannot throw or play from behind; defense decimated,,,PENDING,,host_pick_ledger_WK01_2026.csv,ROSTER,Michigan,401858428,Western Michigan,True,FG,SPREAD,,L,1.0,0.0,,,-27.5,CLOSE_PROXY/DraftKings/n_books=3,False,True,True,,,,NO_NUMBER,20260926T023919Z,False,False,HOST,True,False,
1,W01-064,BBOC,2026-09-03,Stucky,False,2026-09-05,ECU at Alabama,SPREAD,Alabama -28,-28.0,,at 28 or better,2,,,,,,,also flagged live under interest,BBOC_20260903_WK1PREV,FG,20260905_ECU_BAMA,HIGH,PICK,DeBoer averages fifty-plus margin vs non-power four,,,PENDING,,host_pick_ledger_WK01_2026.csv,BASE_RATE,Alabama,401856634,East Carolina,True,FG,SPREAD,,W,38.0,-0.5,,,-27.5,CLOSE_PROXY/DraftKings/n_books=3,False,True,True,,,,,20260926T023919Z,False,False,HOST,True,False,
1,W01-065,BBOC,2026-09-03,Stucky,False,2026-09-05,Coastal Carolina vs West Virginia,SPREAD,West Virginia,-21.0,,favorite favorite (overdog parlay),2,,,,,,,"NO NUMBER CITED - UNGRADEABLE | [INF] NUMBER_INFERRED_FROM_MARKET: no number was said on air. Back-filled from fact_lines at DraftKings/CLOSE_PROXY = -21. The OPEN on the same game was -17.5; the graded result is the same under either number. CFBD has no snapshot from the recording date, so this is the closest entry that exists, not the number he could actually have got. CLV is blocked on this row by design.",BBOC_20260903_WK1PREV,FG,20260905_CCU_WVU,HIGH,PICK,Wins by thirty-plus; Coastal horrendous this year,,,NUMBER_INFERRED_NO_CLV,MARKET_INFERRED,host_pick_ledger_WK01_2026.csv,ASSERTION,West Virginia,401856780,Coastal Carolina,True,FG,SPREAD,,L,7.0,,,,,,,True,False,,"NUMBER_INFERRED_FROM_MARKET - number_cited was back-filled from fact_lines, so CLV would measure the market against itself",,,20260926T023919Z,False,False,HOST,True,False,
1,W01-066,BBOC,2026-09-03,Stucky,False,2026-09-05,Western Kentucky at Nevada,ML,Nevada,,,underdog moneyline parlay leg,1,,,,,,,PRICE NOT CITED,BBOC_20260903_WK1PREV,FG,20260905_WKU_NEV,HIGH,PICK,Late kick travel; WKU starting over outside quarterback,,,PENDING,,host_pick_ledger_WK01_2026.csv,ROSTER,Nevada,401864432,Western Kentucky,True,FG,ML,,W,35.0,,,,,,,True,False,,NO_PRICE_CITED,,,20260926T023919Z,False,False,HOST,True,False,
1,W01-068,BBOC,2026-09-03,Stucky,False,2026-09-05,UCLA at Cal,SPREAD,Cal +1.5,1.5,,threw into a round robin,1,,,,,,,also monitoring live over,BBOC_20260903_WK1PREV,FG,20260905_UCLA_CAL,HIGH,PICK,Coin flip; trusts Sagapolutele much more than Iamaleava,,,PENDING,,host_pick_ledger_WK01_2026.csv,ASSERTION,California,401858210,UCLA,True,FG,SPREAD,,L,-21.0,-1.0,,,2.5,CLOSE_PROXY/DraftKings/n_books=3,False,True,True,,,,,20260926T023919Z,False,False,HOST,True,False,
1,W01-069,BBOC,2026-09-03,Stucky,False,2026-09-04,San Jose State at Eastern Michigan,SPREAD,San Jose State,1.5,,threw into a round robin,1,,,,,,W,"NO NUMBER CITED | Side won; no number was cited so CLV uncomputable | [INF] NUMBER_INFERRED_FROM_MARKET: no number was said on air. Back-filled from fact_lines at DraftKings/CLOSE_PROXY = 1.5. The OPEN on the same game was 3.5; the graded result is the same under either number. CFBD has no snapshot from the recording date, so this is the closest entry that exists, not the number he could actually have got. CLV is blocked on this row by design.",BBOC_20260903_WK1PREV,FG,20260904_SJSU_EMU,HIGH,PICK,More juice than expected last week; coin flip game,SJSU 27 EMU 21,2026-09-05,NUMBER_INFERRED_NO_CLV,MARKET_INFERRED,host_pick_ledger_WK01_2026.csv,NONE,San José State,401864495,Eastern Michigan,False,FG,SPREAD,,W,6.0,,,,,,,True,False,,"NUMBER_INFERRED_FROM_MARKET - number_cited was back-filled from fact_lines, so CLV would measure the market against itself",,,20260926T023919Z,False,False,HOST,True,False,
1,W01-070,BBOC,2026-09-03,Stucky,False,2026-09-05,Oklahoma State at Tulsa,TOTAL,over 59,59.0,,want to bet this over,1,,,,,,,LEAN - did not confirm placement,BBOC_20260903_WK1PREV,FG,20260905_OKST_TUL,HIGH,LEAN,Tulsa corner and linebacker out; both defenses have issues,,,PENDING,,host_pick_ledger_WK01_2026.csv,ROSTER,,401856772,,,FG,TOTAL,OVER,L,34.0,-1.5,,,57.5,CLOSE_PROXY/DraftKings/n_books=3,False,True,True,,,,,20260926T023919Z,True,False,HOST,True,False,
1,W01-071,BBOC,2026-09-03,Stucky,False,2026-09-04,UTEP at Oklahoma,TEAM_TOTAL,UTEP under 3.5,3.5,,fun sweat,1,,,,,,W,UTEP shut out; full-game team total zero,BBOC_20260903_WK1PREV,FG,20260904_UTEP_OU,HIGH,PICK,UTEP OL is community college kids; Oklahoma dominates front,OKLA 51 UTEP 0,2026-09-05,NO_CLOSE_CAPTURED,,host_pick_ledger_WK01_2026.csv,ROSTER,UTEP,401856664,Oklahoma,False,FG,TEAM_TOTAL,UNDER,W,0.0,,,,,,,True,False,,NO_CFBD_MARKET for TEAM_TOTAL/FG - CFBD publishes full-game spread/total/ML only,,,20260926T023919Z,False,False,HOST,True,False,
1,W01-072,BBOC,2026-09-03,Stucky,False,2026-09-05,Texas State at Texas,SPREAD,Texas State +30,30.0,,betting some pregame,1,,,,,,,also flagged live interest if Texas jumps ahead,BBOC_20260903_WK1PREV,FG,20260905_TXST_TEX,HIGH,PICK,Texas OL injuries; Texas State can backdoor with elite receivers,,,PENDING,,host_pick_ledger_WK01_2026.csv,ROSTER,Texas State,401856667,Texas,False,FG,SPREAD,,L,-52.0,0.5,,,29.5,CLOSE_PROXY/DraftKings/n_books=3,True,True,True,,,,,20260926T023919Z,False,False,HOST,True,False,
1,W01-073,BBOC,2026-09-03,Stucky,False,2026-09-05,Arkansas State at Memphis,SPREAD,Arkansas State,10.5,,strong argument no explicit placement,1,+11.5 market,,,,,,"NUMBER NOT CITED BY STUCKY - inferred lean | [INF] NUMBER_INFERRED_FROM_MARKET: no number was said on air. Back-filled from fact_lines at DraftKings/CLOSE_PROXY = 10.5. The OPEN on the same game was 10.5; the graded result is the same under either number. CFBD has no snapshot from the recording date, so this is the closest entry that exists, not the number he could actually have got. CLV is blocked on this row by design.",BBOC_20260903_WK1PREV,FG,20260905_ARST_MEM,MEDIUM,LEAN,Week zero tape disadvantage; Memphis looking ahead to Boise,,,NUMBER_INFERRED_NO_CLV,MARKET_INFERRED,host_pick_ledger_WK01_2026.csv,BASE_RATE,Arkansas State,401862695,Memphis,False,FG,SPREAD,,L,-18.0,,,,,,,True,False,,"NUMBER_INFERRED_FROM_MARKET - number_cited was back-filled from fact_lines, so CLV would measure the market against itself",,,20260926T023919Z,True,False,HOST,True,False,
1,W01-074,BBOC,2026-09-03,Stucky,False,2026-09-05,Miami OH at Pittsburgh,TOTAL,under,47.5,,under makes sense,1,,,,,,,"NO NUMBER CITED | [INF] NUMBER_INFERRED_FROM_MARKET: no number was said on air. Back-filled from fact_lines at DraftKings/CLOSE_PROXY = 47.5. The OPEN on the same game was 50.5; the graded result is the same under either number. CFBD has no snapshot from the recording date, so this is the closest entry that exists, not the number he could actually have got. CLV is blocked on this row by design.",BBOC_20260903_WK1PREV,FG,20260905_MIAO_PITT,HIGH,LEAN,Miami Ohio averages eight points in openers since 2017,,,NUMBER_INFERRED_NO_CLV,MARKET_INFERRED,host_pick_ledger_WK01_2026.csv,BASE_RATE,,401858207,,,FG,TOTAL,UNDER,L,73.0,,,,,,,True,False,,"NUMBER_INFERRED_FROM_MARKET - number_cited was back-filled from fact_lines, so CLV would measure the market against itself",,,20260926T023919Z,True,False,HOST,True,False,
1,W01-075,BBOC,2026-09-03,Colin Wilson,False,2026-09-03,Colorado at Georgia Tech,SPREAD,Colorado +6.5,6.5,could buy to +7 at -120,absolutely the play right out of the gate,2,,,,,,W,waiting for +7 to be widely available | Won outright as +6.5 dog,BBOC_20260903_WK1PREV,FG,20260903_COLO_GT,HIGH,PICK,Did Georgia Tech install for Tennessee instead; Scudero is the star,COLO 14 GT 13,2026-09-05,NO_CLOSE_CAPTURED,,host_pick_ledger_WK01_2026.csv,SCHEME,Colorado,401856776,Georgia Tech,False,FG,SPREAD,,W,1.0,0.0,,,6.5,CLOSE_PROXY/DraftKings/n_books=3,False,True,True,,,,,20260926T023919Z,False,False,HOST,True,False,
1,W01-076,BBOC,2026-09-03,Colin Wilson,False,2026-09-05,Baylor vs Auburn,SPREAD,Auburn -7.5,-7.5,,should be double digits; jump in at 7.5,2,,,,,,,,BBOC_20260903_WK1PREV,FG,20260905_BAY_AUB,HIGH,PICK,Baylor lost four of five OL; cannot run on Auburn,,,PENDING,,host_pick_ledger_WK01_2026.csv,ROSTER,Auburn,401856636,Baylor,True,FG,SPREAD,,L,1.0,-1.0,,,-6.5,CLOSE_PROXY/DraftKings/n_books=3,False,True,True,,,,,20260926T023919Z,False,False,HOST,True,False,
1,W01-077,BBOC,2026-09-03,Colin Wilson,False,2026-09-05,Clemson at LSU,TOTAL,under 51,51.0,,already played in app,2,51 key; board at 50.5,,,,,,placed earlier in the week,BBOC_20260903_WK1PREV,FG,20260905_CLEM_LSU,HIGH,PICK,Slow starts both sides; Vizzina 2 big throws 7 turnover-worthy,,,PENDING,,host_pick_ledger_WK01_2026.csv,STAT_CITED,,401856660,,,FG,TOTAL,UNDER,L,61.0,2.5,,,48.5,CLOSE_PROXY/DraftKings/n_books=3,True,True,True,,,,AMBIGUOUS_MULTIPLE_NUMBERS,20260926T023919Z,False,False,HOST,True,False,
1,W01-078,BBOC,2026-09-03,Colin Wilson,False,2026-09-05,UCLA at Cal,TOTAL,under 53.5,53.5,,I actually like the under,2,,,,,,,,BBOC_20260903_WK1PREV,FG,20260905_UCLA_CAL,HIGH,PICK,Cal installing huddle pro-style; slow start both offenses,,,PENDING,,host_pick_ledger_WK01_2026.csv,SCHEME,,401858210,,,FG,TOTAL,UNDER,L,69.0,0.0,,,53.5,CLOSE_PROXY/DraftKings/n_books=3,False,True,True,,,,,20260926T023919Z,False,False,HOST,True,False,
1,W01-079,BBOC,2026-09-03,Colin Wilson,False,2026-09-06,Louisville vs Ole Miss,SPREAD,Ole Miss -7,-7.0,,head-to-head vs co-host,2,,,,,,,explicit head-to-head with Stucky,BBOC_20260903_WK1PREV,FG,20260906_LOU_MISS,HIGH,PICK,Cannot handicap Kienholz; can handicap Golding front seven,,,PENDING,,host_pick_ledger_WK01_2026.csv,ROSTER,Ole Miss,401856661,Louisville,True,FG,SPREAD,,L,3.0,-0.5,,,-6.5,CLOSE_PROXY/DraftKings/n_books=3,False,True,True,,,,,20260926T023919Z,False,False,HOST,True,False,
1,W01-080,BBOC,2026-09-03,Colin Wilson,False,2026-09-06,Wisconsin vs Notre Dame,TOTAL,under 47.5,47.5,,put it on the board,2,,,,,,,,BBOC_20260903_WK1PREV,FG,20260906_WIS_ND,HIGH,PICK,Ground-based game; nobody lighting each other up in the air,,,PENDING,,host_pick_ledger_WK01_2026.csv,ASSERTION,,401858438,,,FG,TOTAL,UNDER,L,54.0,1.0,,,46.5,CLOSE_PROXY/DraftKings/n_books=3,True,True,True,,,,,20260926T023919Z,False,False,HOST,True,False,
1,W01-081,BBOC,2026-09-03,Colin Wilson,False,2026-09-05,Liberty at JMU,SPREAD,JMU -6,-6.0,,head-to-head; not scared,2,,,,,,,,BBOC_20260903_WK1PREV,FG,20260905_LIB_JMU,HIGH,PICK,Chadwell unhappy with offense in camp; 1-5 on road last year,,,PENDING,,host_pick_ledger_WK01_2026.csv,BASE_RATE,James Madison,401869960,Liberty,True,FG,SPREAD,,W,7.0,0.0,,,-6.0,CLOSE_PROXY/DraftKings/n_books=3,False,True,True,,,,,20260926T023919Z,False,False,HOST,True,False,
1,W01-082,BBOC,2026-09-03,Colin Wilson,False,2026-09-05,Oklahoma State at Tulsa,TOTAL,under 59,59.0,,took at beginning of week; now wavering,1,,,,,,,confidence explicitly degraded after Tulsa injury news,BBOC_20260903_WK1PREV,FG,20260905_OKST_TUL,HIGH,PICK,Took under before injuries surfaced; not a big fan now,,,PENDING,,host_pick_ledger_WK01_2026.csv,ROSTER,,401856772,,,FG,TOTAL,UNDER,W,34.0,1.5,,,57.5,CLOSE_PROXY/DraftKings/n_books=3,True,True,True,,,,,20260926T023919Z,False,False,HOST,True,False,
1,W01-083,BBOC,2026-09-03,Colin Wilson,False,2026-09-05,Arkansas State at Memphis,SPREAD,Arkansas State +9,9.0,,sticking with it,2,+11.5 now,,,,,,STALE NUMBER - listener gets a better line than cited,BBOC_20260903_WK1PREV,FG,20260905_ARST_MEM,HIGH,PICK,Took the look-ahead line last week at +9,,,PENDING,,host_pick_ledger_WK01_2026.csv,NONE,Arkansas State,401862695,Memphis,False,FG,SPREAD,,L,-18.0,-1.5,1.0,,10.5,CLOSE_PROXY/DraftKings/n_books=3,False,True,True,,,,,20260926T023919Z,False,False,HOST,True,False,
1,W01-084,BBOC,2026-09-03,Colin Wilson,False,2026-09-04,Miami at Stanford,SPREAD,Miami -24.5,-24.5,,laid it at beginning of week; would still bet 24,2,,,,,,W,makes it 31 | Won by 39,BBOC_20260903_WK1PREV,FG,20260904_MIA_STAN,HIGH,PICK,Stanford injury report ugly; Cristobal focused since January,MIA 45 STAN 6,2026-09-05,NO_CLOSE_CAPTURED,,host_pick_ledger_WK01_2026.csv,ROSTER,Miami,401858206,Stanford,False,FG,SPREAD,,W,39.0,0.0,,,-24.5,CLOSE_PROXY/DraftKings/n_books=3,False,True,True,,,,,20260926T023919Z,False,False,HOST,True,False,
1,W01-085,BBOC,2026-09-03,Colin Wilson,False,2026-09-04,Toledo at Michigan State,SPREAD,Toledo +10,10.0,,it is going to be Toledo for me,2,9.5 to 10 range,,,,,P,PUSH at +10. Market ranged 9.5 to 12 - outcome depended entirely on which number,BBOC_20260903_WK1PREV,FG,20260904_TOL_MSU,HIGH,PICK,Loves Jacobs; never had a losing season anywhere,MSU 30 TOL 20,2026-09-05,NO_CLOSE_CAPTURED,,host_pick_ledger_WK01_2026.csv,BASE_RATE,Toledo,401858429,Michigan State,False,FG,SPREAD,,P,-10.0,0.0,,,10.0,CLOSE_PROXY/DraftKings/n_books=3,False,True,True,,,,AMBIGUOUS_MULTIPLE_NUMBERS,20260926T023919Z,False,False,HOST,True,False,
1,W01-086,BBOC,2026-09-03,Colin Wilson,False,2026-09-04,San Jose State at Eastern Michigan,SPREAD,San Jose State +3.5,3.5,,took it earlier in the week,2,+2.5 now,,,,,W,STALE NUMBER - listener gets a worse line than cited | Won outright as +3.5 dog,BBOC_20260903_WK1PREV,FG,20260904_SJSU_EMU,HIGH,PICK,Thinks San Jose State wins outright,SJSU 27 EMU 21,2026-09-05,NO_CLOSE_CAPTURED,,host_pick_ledger_WK01_2026.csv,ASSERTION,San José State,401864495,Eastern Michigan,False,FG,SPREAD,,W,6.0,2.0,1.0,,1.5,CLOSE_PROXY/DraftKings/n_books=3,True,True,True,,,,,20260926T023919Z,False,False,HOST,True,False,
1,W01-087,BBOC,2026-09-03,Colin Wilson,False,2026-09-07,SMU at Florida State,SPREAD,SMU -3,-3.0,,favorite pick of the week,3,also laid ML when cheap,,,,,,two positions same side; makes it -4,BBOC_20260903_WK1PREV,FG,20260907_SMU_FSU,HIGH,PICK,FSU missed nine tackles vs New Mexico State; allowed ten pressures,,,PENDING,,host_pick_ledger_WK01_2026.csv,CHARTED,SMU,401858212,Florida State,False,FG,SPREAD,,P,3.0,0.0,,,-3.0,CLOSE_PROXY/DraftKings/n_books=3,False,True,True,,,,NO_NUMBER,20260926T023919Z,False,False,HOST,True,False,
1,W01-088,BBOC,2026-09-03,Colin Wilson,False,2026-09-05,North Alabama at Arkansas,TOTAL,over 63.5,63.5,,we are going over,2,,,,,,,discloses homer bias openly,BBOC_20260903_WK1PREV,FG,20260905_UNA_ARK,HIGH,PICK,Cramsey wants every quarterback to score; expects a blowout,,,PENDING,,host_pick_ledger_WK01_2026.csv,MOTIVATION,,401856635,,,FG,TOTAL,OVER,L,45.0,0.0,,,63.5,CLOSE_PROXY/DraftKings/n_books=3,False,True,True,,,,,20260926T023919Z,False,False,HOST,True,False,
1,W01-089,BBOC,2026-09-03,Colin Wilson,False,2026-09-05,Portland State at San Diego State,TOTAL,over 62,62.0,,it is over,2,,,,,,,also floated SDSU team total over 50.5 - IMPLAUSIBLE NUMBER likely ASR error,BBOC_20260903_WK1PREV,FG,20260905_PSU_SDSU,HIGH,PICK,Portland State defense gives it up; San Diego State can drop bombs,,,PENDING,,host_pick_ledger_WK01_2026.csv,ASSERTION,,401860879,,,FG,TOTAL,OVER,W,73.0,0.5,,,62.5,CLOSE_PROXY/DraftKings/n_books=3,True,True,True,,,,,20260926T023919Z,False,False,HOST,True,False,
1,W01-090,BBOC,2026-09-03,Colin Wilson,False,2026-09-05,Boise State at Oregon,SPREAD,Oregon -24.5,-24.5,,overdog play; grab that 24,2,,,,,,,expects it to steam,BBOC_20260903_WK1PREV,FG,20260905_BSU_ORE,HIGH,PICK,Boise 134th in tackling and last in rush explosives allowed,,,PENDING,,host_pick_ledger_WK01_2026.csv,STAT_CITED,Oregon,401858433,Boise State,True,FG,SPREAD,,L,7.0,0.0,,,-24.5,CLOSE_PROXY/DraftKings/n_books=3,False,True,True,,,,,20260926T023919Z,False,False,HOST,True,False,
1,W01-091,BBOC,2026-09-03,Colin Wilson,False,2026-09-05,Central Michigan at New Mexico,ML,Central Michigan,,,underdog moneyline parlay leg,1,,,,,,,PRICE NOT CITED,BBOC_20260903_WK1PREV,FG,20260905_CMU_UNM,HIGH,PICK,New Mexico QB out for season; triple option pushes them around,,,PENDING,,host_pick_ledger_WK01_2026.csv,ROSTER,Central Michigan,401864498,New Mexico,False,FG,ML,,L,-31.0,,,,,,,True,False,,NO_PRICE_CITED,,,20260926T023919Z,False,False,HOST,True,False,
1,W01-092,BBOC,2026-09-03,Colin Wilson,False,2026-09-06,Washington State vs Washington,TOTAL,under,51.5,,lean to the under; like under all the way,1,,,,,,,"NO NUMBER CITED - UNGRADEABLE | [INF] NUMBER_INFERRED_FROM_MARKET: no number was said on air. Back-filled from fact_lines at DraftKings/CLOSE_PROXY = 51.5. The OPEN on the same game was 50.5; the graded result is the same under either number. CFBD has no snapshot from the recording date, so this is the closest entry that exists, not the number he could actually have got. CLV is blocked on this row by design.",BBOC_20260903_WK1PREV,FG,20260906_WSU_WASH,HIGH,LEAN,Both offenses replacing lead rushers; Washington strong back seven,,,NUMBER_INFERRED_NO_CLV,MARKET_INFERRED,host_pick_ledger_WK01_2026.csv,ROSTER,,401858437,,,FG,TOTAL,UNDER,W,34.0,,,,,,,True,False,,"NUMBER_INFERRED_FROM_MARKET - number_cited was back-filled from fact_lines, so CLV would measure the market against itself",,,20260926T023919Z,True,False,HOST,True,False,
1,W01-093,BBOC,2026-09-03,Colin Wilson,False,2026-09-05,Miami OH at Pittsburgh,SPREAD,Pittsburgh under 17,17.0,,if I played anything,1,16.5,,,,,,,BBOC_20260903_WK1PREV,FG,20260905_MIAO_PITT,MEDIUM,LEAN,Thinks the Pitt number is a little short,,,PENDING,,host_pick_ledger_WK01_2026.csv,NONE,Pittsburgh,401858207,Miami (OH),True,FG,SPREAD,UNDER,W,45.0,33.5,33.0,,-16.5,CLOSE_PROXY/DraftKings/n_books=3,True,True,True,,,,,20260926T023919Z,True,False,HOST,True,True,MARKET_SIDE_MISMATCH
1,W01-094,BBOC,2026-09-03,Colin Wilson,False,2026-09-05,Ball State at Ohio State,TEAM_TOTAL,Ball State under 2.5,2.5,-120 on the over,thinking about under for fun,1,,,,,,,floated not confirmed,BBOC_20260903_WK1PREV,FG,20260905_BALL_OSU,HIGH,LEAN,Does not think Ball State gets a field goal,,,PENDING,,host_pick_ledger_WK01_2026.csv,ASSERTION,Ball State,401858432,Ohio State,False,FG,TEAM_TOTAL,UNDER,L,3.0,,,,,,,True,False,,NO_CFBD_MARKET for TEAM_TOTAL/FG - CFBD publishes full-game spread/total/ML only,,,20260926T023919Z,True,False,HOST,True,False,
1,W01-095,BBOC,2026-09-02,Mike Calabrese,False,2026-09-05,Texas State at Texas,TOTAL,over 59.5,59.5,,triple option pick,2,,,,,,,,BBOC_20260902_SIXTHGEAR,FG,20260905_TXST_TEX,HIGH,PICK,Manning heater; Texas State 21st in seconds between plays,,,PENDING,,host_pick_ledger_WK01_2026.csv,STAT_CITED,,401856667,,,FG,TOTAL,OVER,W,66.0,1.0,,,60.5,CLOSE_PROXY/DraftKings/n_books=3,True,True,True,,,,,20260926T023919Z,False,False,HOST,True,False,
1,W01-096,BBOC,2026-09-02,Mike Calabrese,False,2026-09-05,Marshall at Penn State,SPREAD,Marshall +24.5,24.5,,triple option pick,2,north of 24 is key,,,,,,,BBOC_20260902_SIXTHGEAR,FG,20260905_MRSH_PSU,HIGH,PICK,Campbell 16-18-1 out of conference; Penn State lost twelve DL,,,PENDING,,host_pick_ledger_WK01_2026.csv,BASE_RATE,Marshall,401858434,Penn State,False,FG,SPREAD,,L,-45.0,1.0,0.5,,23.5,CLOSE_PROXY/DraftKings/n_books=3,True,True,True,,,,,20260926T023919Z,False,False,HOST,True,False,
1,W01-097,BBOC,2026-09-02,Mike Calabrese,False,2026-09-05,ULM at Mississippi State,SPREAD,Mississippi State -28.5,-28.5,,best bet,3,good up to -30.5,,,,,,,BBOC_20260902_SIXTHGEAR,FG,20260905_ULM_MSST,HIGH,PICK,Arnett fixes run defense; ULM gets pounded when it cannot run,,,PENDING,,host_pick_ledger_WK01_2026.csv,BASE_RATE,Mississippi State,401856662,UL Monroe,True,FG,SPREAD,,W,49.0,0.0,-2.0,,-28.5,CLOSE_PROXY/DraftKings/n_books=3,False,True,True,,,,,20260926T023919Z,False,False,HOST,True,False,
1,W01-098,BBOC,2026-09-02,Mike Calabrese,False,2026-09-05,Clemson at LSU,SPREAD,LSU -10.5,-10.5,,power four play,2,,,,,,,,BBOC_20260902_SIXTHGEAR,FG,20260905_CLEM_LSU,HIGH,PICK,29 percent more blue chips than second portal class; LSU by 17,,,PENDING,,host_pick_ledger_WK01_2026.csv,STAT_CITED,LSU,401856660,Clemson,True,FG,SPREAD,,W,41.0,-0.5,,,-10.0,CLOSE_PROXY/DraftKings/n_books=3,False,True,True,,,,,20260926T023919Z,False,False,HOST,True,False,
1,W01-099,BBOC,2026-09-02,Mike Calabrese,False,2026-09-05,Lafayette at UConn,TOTAL,under 57.5,57.5,,riding with co-host,1,55.5 or better,,,,,,joined Duck's play on air,BBOC_20260902_SIXTHGEAR,FG,20260905_LAF_UCONN,HIGH,PICK,Candle allowed 3.7 points per game to FCS since 2018,,,PENDING,,host_pick_ledger_WK01_2026.csv,BASE_RATE,,401861962,,,FG,TOTAL,UNDER,L,63.0,6.0,4.0,,51.5,CLOSE_PROXY/DraftKings/n_books=3,True,True,True,,,,,20260926T023919Z,False,False,HOST,True,False,
1,W01-100,BBOC,2026-09-02,Mike Calabrese,False,2026-09-05,Western Kentucky at Nevada,ML,Nevada,,+120,underdog moneyline parlay leg,1,,,,,,,,BBOC_20260902_SIXTHGEAR,FG,20260905_WKU_NEV,HIGH,PICK,Anti-Hilltopper play; Reeder hire and complete OL gut job,,,PENDING,,host_pick_ledger_WK01_2026.csv,ROSTER,Nevada,401864432,Western Kentucky,True,FG,ML,,W,35.0,,,0.06469,-108.0,CLOSE_PROXY/DraftKings,True,True,True,,,,,20260926T023919Z,False,False,HOST,True,False,
1,W01-101,BBOC,2026-09-02,Duck,False,2026-09-05,Towson at Navy,TOTAL,under 53.5,53.5,,best bet,3,would bet to 51.5,,,,,,,BBOC_20260902_SIXTHGEAR,FG,20260905_TOW_NAVY,HIGH,PICK,Projects 38-7; no explosives and a quick moving clock,,,PENDING,,host_pick_ledger_WK01_2026.csv,CHARTED,,401862696,,,FG,TOTAL,UNDER,L,57.0,3.0,1.0,,50.5,CLOSE_PROXY/DraftKings/n_books=3,True,True,True,,,,,20260926T023919Z,False,False,HOST,True,False,
1,W01-102,BBOC,2026-09-02,Duck,False,2026-09-05,Oklahoma State at Tulsa,SPREAD,Tulsa +14.5,14.5,,triple option pick,2,anything above +14,,,,,,,BBOC_20260902_SIXTHGEAR,FG,20260905_OKST_TUL,HIGH,PICK,Tulsa DL creates havoc; Mestemaker never faced power four,,,PENDING,,host_pick_ledger_WK01_2026.csv,STAT_CITED,Tulsa,401856772,Oklahoma State,True,FG,SPREAD,,W,14.0,1.0,0.5,,13.5,CLOSE_PROXY/DraftKings/n_books=3,True,True,True,,,,,20260926T023919Z,False,False,HOST,True,False,
1,W01-103,BBOC,2026-09-02,Duck,False,2026-09-05,Lafayette at UConn,TOTAL,under 57.5,57.5,,triple option pick,2,55.5 or better,,,,,,,BBOC_20260902_SIXTHGEAR,FG,20260905_LAF_UCONN,HIGH,PICK,Lafayette lost DeNoble; zero explosivity vs Georgetown,,,PENDING,,host_pick_ledger_WK01_2026.csv,BASE_RATE,,401861962,,,FG,TOTAL,UNDER,L,63.0,6.0,4.0,,51.5,CLOSE_PROXY/DraftKings/n_books=3,True,True,True,,,,,20260926T023919Z,False,False,HOST,True,False,
1,W01-104,BBOC,2026-09-02,Duck,False,2026-09-05,Boston College at Cincinnati,SPREAD,Boston College +7.5,7.5,,power four play; in app 75 days,2,anything over a full touchdown,,,,,,longest-held position on the board,BBOC_20260902_SIXTHGEAR,FG,20260905_BC_CIN,HIGH,PICK,French downgrade from Sorsby; Cincinnati front seven not replenished,,,PENDING,,host_pick_ledger_WK01_2026.csv,ROSTER,Boston College,401856777,Cincinnati,False,FG,SPREAD,,L,-19.0,0.5,,,7.0,CLOSE_PROXY/DraftKings/n_books=3,True,True,True,,,,NO_NUMBER,20260926T023919Z,False,False,HOST,True,False,
1,W01-105,BBOC,2026-09-02,Duck,False,2026-09-05,Wyoming at Colorado State,ML,Wyoming,,+136,underdog moneyline parlay leg,1,,,,,,,,BBOC_20260902_SIXTHGEAR,FG,20260905_WYO_CSU,HIGH,PICK,Better quarterback and better defense; blew them out last year,,,PENDING,,host_pick_ledger_WK01_2026.csv,BASE_RATE,Wyoming,401860878,Colorado State,False,FG,ML,,L,-22.0,,,0.03082,120.0,CLOSE_PROXY/DraftKings,True,True,True,,,,,20260926T023919Z,False,False,HOST,True,False,
1,W01-106,Pick Em,2026-09-02,Unnamed Picker (Pick Em),False,2026-09-05,Boise State at Oregon,SPREAD,Boise State +24.5,24.5,,table talk; said he may not bet it,1,,,,,,,"round-robin table talk, not read onto a card; speaker not identifiable from audio-less transcript",PICKEM_20260902_WK1,FG,20260905_BOISSTA_OREGON,LOW,LEAN,Just a ton of points; thinks Boise good for about 20,,,PENDING,,host_pick_ledger_WK01_2026.csv,ASSERTION,Boise State,401858433,Oregon,False,FG,SPREAD,,W,-7.0,0.0,,,24.5,CLOSE_PROXY/DraftKings/n_books=3,False,True,True,,,,,20260926T023919Z,True,False,UNRESOLVED,False,False,
1,W01-107,Pick Em,2026-09-02,Unnamed Picker (Pick Em),False,2026-09-05,Boise State at Oregon,TOTAL,over 51.5,51.5,,table talk,1,,,,,,,round-robin table talk; speaker not identifiable,PICKEM_20260902_WK1,FG,20260905_BOISSTA_OREGON,LOW,LEAN,Close for a quarter then Oregon smashes them; still expects points,,,PENDING,,host_pick_ledger_WK01_2026.csv,ASSERTION,,401858433,,,FG,TOTAL,OVER,W,61.0,1.0,,,52.5,CLOSE_PROXY/DraftKings/n_books=3,True,True,True,,,,,20260926T023919Z,True,False,UNRESOLVED,False,False,
1,W01-108,Pick Em,2026-09-02,Rico Bosco,False,2026-09-05,Boise State at Oregon,TEAM_TOTAL,Oregon over 37.5,37.5,,waited for the team total to post,2,,,,,,,[INF] direction OVER inferred: he asked for the Oregon team total as his side of a game whose alternative was Boise +24.5. He never says over or under. Attribution to Bosco is HIGH (asked by name); the DIRECTION is the inferred part,PICKEM_20260902_WK1,FG,20260905_BOISSTA_OREGON,MEDIUM,PICK,Wanted the Oregon team total rather than laying 24.5,,,PENDING,,host_pick_ledger_WK01_2026.csv,NONE,Oregon,401858433,Boise State,True,FG,TEAM_TOTAL,OVER,L,34.0,,,,,,,True,False,,NO_CFBD_MARKET for TEAM_TOTAL/FG - CFBD publishes full-game spread/total/ML only,,,20260926T023919Z,False,False,HOST,True,False,
1,W01-109,Pick Em,2026-09-02,Unnamed Picker (Pick Em),False,2026-09-05,Baylor vs Auburn,SPREAD,Auburn -7.5,-7.5,,table talk,1,,,,,,,speaker not identifiable; coach name garbled in ASR as 'Golis',PICKEM_20260902_WK1,FG,20260905_BAYLOR_AUBURN,LOW,LEAN,Thinks Hugh Freeze is a pretty good coach; believes in Auburn,,,PENDING,,host_pick_ledger_WK01_2026.csv,ASSERTION,Auburn,401856636,Baylor,True,FG,SPREAD,,L,1.0,-1.0,,,-6.5,CLOSE_PROXY/DraftKings/n_books=3,False,True,True,,,,,20260926T023919Z,True,False,UNRESOLVED,False,False,
1,W01-110,Pick Em,2026-09-02,Dave Portnoy,False,2026-09-05,Baylor vs Auburn,SPREAD,Baylor +7.5,7.5,,asked by name,2,,,,,,,addressed by name,PICKEM_20260902_WK1,FG,20260905_BAYLOR_AUBURN,HIGH,PICK,DJ Lagway is the Baylor quarterback now; Auburn wins but close,,,PENDING,,host_pick_ledger_WK01_2026.csv,ROSTER,Baylor,401856636,Auburn,False,FG,SPREAD,,W,-1.0,1.0,,,6.5,CLOSE_PROXY/DraftKings/n_books=3,True,True,True,,,,,20260926T023919Z,False,False,HOST,True,False,
1,W01-111,Pick Em,2026-09-02,Unnamed Picker (Pick Em),False,2026-09-05,Baylor vs Auburn,TOTAL,under 58.5,58.5,,said he kind of hates it,1,,,,,,,speaker not identifiable,PICKEM_20260902_WK1,FG,20260905_BAYLOR_AUBURN,LOW,LEAN,Same week-zero theory that won him Memphis UNLV under,,,PENDING,,host_pick_ledger_WK01_2026.csv,BASE_RATE,,401856636,,,FG,TOTAL,UNDER,W,33.0,0.0,,,58.5,CLOSE_PROXY/DraftKings/n_books=3,False,True,True,,,,,20260926T023919Z,True,False,UNRESOLVED,False,False,
1,W01-112,Pick Em,2026-09-02,Unnamed Picker (Pick Em),False,2026-09-05,Clemson at LSU,SPREAD,LSU -10,-10.0,,table talk,1,,,,,,,"a second unattributed LSU -10 take in the same exchange ('got to stick with Lane') is most likely Hank, already logged as his mortal; not logged twice",PICKEM_20260902_WK1,FG,20260905_CLEMSO_LSU,LOW,LEAN,Does not want to be on Dabo's side; game getting away from him,,,PENDING,,host_pick_ledger_WK01_2026.csv,ASSERTION,LSU,401856660,Clemson,True,FG,SPREAD,,W,41.0,0.0,,,-10.0,CLOSE_PROXY/DraftKings/n_books=3,False,True,True,,,,,20260926T023919Z,True,False,UNRESOLVED,False,False,
1,W01-113,Pick Em,2026-09-02,Rico Bosco,False,2026-09-06,Washington State vs Washington,TOTAL,under 50.5,50.5,,asked by name,2,,,,,,,addressed by name,PICKEM_20260902_WK1,FG,20260906_WASHSTA_WASHIN,HIGH,PICK,Washington usually has a good defense; laying 23 in week one,,,PENDING,,host_pick_ledger_WK01_2026.csv,ASSERTION,,401858437,,,FG,TOTAL,UNDER,W,34.0,-1.0,,,51.5,CLOSE_PROXY/DraftKings/n_books=3,False,True,True,,,,,20260926T023919Z,False,False,HOST,True,False,
1,W01-114,Pick Em,2026-09-02,Unnamed Picker (Pick Em),False,2026-09-06,Washington State vs Washington,SPREAD,Washington State +23,23.0,,table talk,1,,,,,,,speaker not identifiable,PICKEM_20260902_WK1,FG,20260906_WASHSTA_WASHIN,LOW,LEAN,Always takes the team spurned in the rivalry; Wazoo has nothing else,,,PENDING,,host_pick_ledger_WK01_2026.csv,MOTIVATION,Washington State,401858437,Washington,False,FG,SPREAD,,W,-14.0,-0.5,,,23.5,CLOSE_PROXY/DraftKings/n_books=3,False,True,True,,,,,20260926T023919Z,True,False,UNRESOLVED,False,False,
1,W01-115,Pick Em,2026-09-02,Unnamed Picker (Pick Em),False,2026-09-06,Wisconsin vs Notre Dame,TOTAL,under 47.5,47.5,,table talk,1,,,,,,,speaker not identifiable,PICKEM_20260902_WK1,FG,20260906_WISCON_NOTRDAM,LOW,LEAN,Nobody is really good in week one,,,PENDING,,host_pick_ledger_WK01_2026.csv,ASSERTION,,401858438,,,FG,TOTAL,UNDER,L,54.0,1.0,,,46.5,CLOSE_PROXY/DraftKings/n_books=3,True,True,True,,,,,20260926T023919Z,True,False,UNRESOLVED,False,False,
1,W01-116,Pick Em,2026-09-02,Dave Portnoy,False,2026-09-03,UMass at Rutgers,SPREAD,Rutgers -21.5,-21.5,,card read in the card segment,2,,,,,,,"NUMBER_FAR_FROM_MARKET: cited -21.5 against a CLOSE_PROXY of -29.5, an 8.0-point gap. Largest legitimate WK01 gap was 3.0, so this is either a genuinely early number or an ASR mis-hear. Logged as spoken; see LEDGER_DEFECTS.csv",PICKEM_20260902_WK1,FG,20260903_MASSAC_RUTGER,HIGH,PICK,Thinks Rutgers pounds them,,,PENDING,,host_pick_ledger_WK01_2026.csv,NONE,Rutgers,401858423,Massachusetts,True,FG,SPREAD,,L,-16.0,8.0,,,-29.5,CLOSE_PROXY/DraftKings/n_books=3,True,True,True,,,,,20260926T023919Z,False,False,HOST,True,True,NUMBER_FAR_FROM_MARKET
1,W01-117,Pick Em,2026-09-02,Dave Portnoy,False,2026-09-04,Long Island University at Kansas,SPREAD,Kansas -41.5,-41.5,,card read in the card segment,2,,,,,,,,PICKEM_20260902_WK1,FG,20260904_LIU_KANSAS,HIGH,PICK,Has never heard of the LIU Sharks,,,PENDING,,host_pick_ledger_WK01_2026.csv,NONE,Kansas,401856769,Long Island University,True,FG,SPREAD,,W,45.0,3.0,,,-44.5,CLOSE_PROXY/DraftKings/n_books=3,True,True,True,,,,,20260926T023919Z,False,False,HOST,True,False,
1,W01-118,Pick Em,2026-09-02,Dave Portnoy,False,2026-09-04,Toledo at Michigan State,SPREAD,Toledo +9.5,9.5,,card read in the card segment,2,,,,,,,,PICKEM_20260902_WK1,FG,20260904_TOLEDO_MICHSTA,HIGH,PICK,Line already moved from yesterday; market taking the game away,,,PENDING,,host_pick_ledger_WK01_2026.csv,MARKET,Toledo,401858429,Michigan State,False,FG,SPREAD,,L,-10.0,-0.5,,,10.0,CLOSE_PROXY/DraftKings/n_books=3,False,True,True,,,,,20260926T023919Z,False,False,HOST,True,False,
1,W01-119,Pick Em,2026-09-02,Dave Portnoy,False,2026-09-05,Western Michigan at Michigan,SPREAD,Michigan -28,-28.0,,card read in the card segment,2,,,,,,,,PICKEM_20260902_WK1,FG,20260905_WESTMIC_MICHIG,HIGH,PICK,Underwood takes a step forward with the new coaching staff,,,PENDING,,host_pick_ledger_WK01_2026.csv,ASSERTION,Michigan,401858428,Western Michigan,True,FG,SPREAD,,L,1.0,-0.5,,,-27.5,CLOSE_PROXY/DraftKings/n_books=3,False,True,True,,,,,20260926T023919Z,False,False,HOST,True,False,
1,W01-120,Pick Em,2026-09-02,Dave Portnoy,False,2026-09-05,Clemson at LSU,SPREAD,Clemson +10,10.0,,card read in the card segment,2,,,,,,,restated on his card as 'we gave out plus 10',PICKEM_20260902_WK1,FG,20260905_CLEMSO_LSU,HIGH,PICK,LSU's premier opening-week games are always close,,,PENDING,,host_pick_ledger_WK01_2026.csv,BASE_RATE,Clemson,401856660,LSU,False,FG,SPREAD,,L,-41.0,0.0,,,10.0,CLOSE_PROXY/DraftKings/n_books=3,False,True,True,,,,,20260926T023919Z,False,False,HOST,True,False,
1,W01-121,Pick Em,2026-09-02,Dave Portnoy,False,2026-09-06,Wisconsin vs Notre Dame,SPREAD,Notre Dame -20.5,-20.5,,card read in the card segment,2,,,,,,,,PICKEM_20260902_WK1,FG,20260906_WISCON_NOTRDAM,HIGH,PICK,Notre Dame loaded; Wisconsin one of the great fall-off teams,,,PENDING,,host_pick_ledger_WK01_2026.csv,ASSERTION,Notre Dame,401858438,Wisconsin,True,FG,SPREAD,,W,28.0,0.5,,,-21.0,CLOSE_PROXY/DraftKings/n_books=3,True,True,True,,,,,20260926T023919Z,False,False,HOST,True,False,
1,W01-122,Pick Em,2026-09-02,Big Cat,False,2026-09-03,Akron at Wake Forest,SPREAD,Wake Forest -23.5,-23.5,,card read in the card segment (second card),2,,,,,,,"second card of three, read between Dave Portnoy's and Rico Bosco's. The transcript has no speaker labels and the picker is never named, so it is logged to the Unnamed Picker entity rather than guessed | [AMENDED 2026-09-11] re-attributed from Unnamed Picker (Pick Em) to Big Cat on Alex's confirmation",PICKEM_20260902_WK1,FG,20260903_AKRON_WAKEFOR,HIGH,PICK,Thursday night; lot of talk at the barbershop,,,PENDING,,host_pick_ledger_WK01_2026.csv,NONE,Wake Forest,401858204,Akron,True,FG,SPREAD,,L,22.0,4.0,,,-27.5,CLOSE_PROXY/DraftKings/n_books=3,True,True,True,,,,,20260926T023919Z,False,False,HOST,True,False,
1,W01-123,Pick Em,2026-09-02,Big Cat,False,2026-09-04,Miami at Stanford,SPREAD,Miami -24.5,-24.5,,card read in the card segment (second card),2,,,,,,,"second card of three, read between Dave Portnoy's and Rico Bosco's. The transcript has no speaker labels and the picker is never named, so it is logged to the Unnamed Picker entity rather than guessed | [AMENDED 2026-09-11] re-attributed from Unnamed Picker (Pick Em) to Big Cat on Alex's confirmation",PICKEM_20260902_WK1,FG,20260904_MIAMI_STANFO,HIGH,PICK,None offered,,,PENDING,,host_pick_ledger_WK01_2026.csv,NONE,Miami,401858206,Stanford,False,FG,SPREAD,,W,39.0,0.0,,,-24.5,CLOSE_PROXY/DraftKings/n_books=3,False,True,True,,,,,20260926T023919Z,False,False,HOST,True,False,
1,W01-124,Pick Em,2026-09-02,Big Cat,False,2026-09-05,Missouri State at Texas A&M,SPREAD,Texas A&M -40.5,-40.5,,card read in the card segment (second card),2,,,,,,,"second card of three, read between Dave Portnoy's and Rico Bosco's. The transcript has no speaker labels and the picker is never named, so it is logged to the Unnamed Picker entity rather than guessed | [AMENDED 2026-09-11] re-attributed from Unnamed Picker (Pick Em) to Big Cat on Alex's confirmation",PICKEM_20260902_WK1,FG,20260905_MISSSTA_TEXAAM,HIGH,PICK,Does not think A&M is good but calls it a beat-up spot,,,PENDING,,host_pick_ledger_WK01_2026.csv,MOTIVATION,Texas A&M,401856668,Missouri State,True,FG,SPREAD,,W,50.0,-2.0,,,-38.5,CLOSE_PROXY/DraftKings/n_books=3,False,True,True,,,,,20260926T023919Z,False,False,HOST,True,False,
1,W01-125,Pick Em,2026-09-02,Big Cat,False,2026-09-04,Toledo at Michigan State,SPREAD,Toledo +9.5,9.5,,card read in the card segment (second card),2,,,,,,,"second card of three, read between Dave Portnoy's and Rico Bosco's. The transcript has no speaker labels and the picker is never named, so it is logged to the Unnamed Picker entity rather than guessed; duplicate of Dave Portnoy's Toledo position, stated as agreement | [AMENDED 2026-09-11] re-attributed from Unnamed Picker (Pick Em) to Big Cat on Alex's confirmation",PICKEM_20260902_WK1,FG,20260904_TOLEDO_MICHSTA,HIGH,PICK,Explicitly taking it with Dave,,,PENDING,,host_pick_ledger_WK01_2026.csv,NONE,Toledo,401858429,Michigan State,False,FG,SPREAD,,L,-10.0,-0.5,,,10.0,CLOSE_PROXY/DraftKings/n_books=3,False,True,True,,,,,20260926T023919Z,False,False,HOST,True,False,
1,W01-126,Pick Em,2026-09-02,Big Cat,False,2026-09-05,Miami OH at Pittsburgh,SPREAD,Pittsburgh -16.5,-16.5,,card read in the card segment (second card),2,,,,,,,"second card of three, read between Dave Portnoy's and Rico Bosco's. The transcript has no speaker labels and the picker is never named, so it is logged to the Unnamed Picker entity rather than guessed; Rico Bosco took the other side of this game on his own card | [AMENDED 2026-09-11] re-attributed from Unnamed Picker (Pick Em) to Big Cat on Alex's confirmation",PICKEM_20260902_WK1,FG,20260905_MIAMOH_PITTSB,HIGH,PICK,None offered,,,PENDING,,host_pick_ledger_WK01_2026.csv,NONE,Pittsburgh,401858207,Miami (OH),True,FG,SPREAD,,W,45.0,0.0,,,-16.5,CLOSE_PROXY/DraftKings/n_books=3,False,True,True,,,,,20260926T023919Z,False,False,HOST,True,False,
1,W01-127,Pick Em,2026-09-02,Big Cat,False,2026-09-05,Arkansas State at Memphis,SPREAD,Memphis -10.5,-10.5,,card read in the card segment (second card),2,,,,,,,"second card of three, read between Dave Portnoy's and Rico Bosco's. The transcript has no speaker labels and the picker is never named, so it is logged to the Unnamed Picker entity rather than guessed | [AMENDED 2026-09-11] re-attributed from Unnamed Picker (Pick Em) to Big Cat on Alex's confirmation",PICKEM_20260902_WK1,FG,20260905_ARKASTA_MEMPHI,HIGH,PICK,None offered,,,PENDING,,host_pick_ledger_WK01_2026.csv,NONE,Memphis,401862695,Arkansas State,True,FG,SPREAD,,W,18.0,0.0,,,-10.5,CLOSE_PROXY/DraftKings/n_books=3,False,True,True,,,,,20260926T023919Z,False,False,HOST,True,False,
1,W01-128,Pick Em,2026-09-02,Big Cat,False,2026-09-05,FIU at USF,SPREAD,South Florida -13.5,-13.5,,card read in the card segment (second card),2,,,,,,,"second card of three, read between Dave Portnoy's and Rico Bosco's. The transcript has no speaker labels and the picker is never named, so it is logged to the Unnamed Picker entity rather than guessed | [AMENDED 2026-09-11] re-attributed from Unnamed Picker (Pick Em) to Big Cat on Alex's confirmation",PICKEM_20260902_WK1,FG,20260905_FLORINT_SOUTFLO,HIGH,PICK,None offered,,,PENDING,,host_pick_ledger_WK01_2026.csv,NONE,South Florida,401862699,Florida International,True,FG,SPREAD,,L,10.0,1.0,,,-14.5,CLOSE_PROXY/DraftKings/n_books=3,True,True,True,,,,,20260926T023919Z,False,False,HOST,True,False,
1,W01-129,Pick Em,2026-09-02,Big Cat,False,2026-09-03,Colorado at Georgia Tech,SPREAD,Georgia Tech -6.5,-6.5,,card read in the card segment (second card),2,,,,,,,"second card of three, read between Dave Portnoy's and Rico Bosco's. The transcript has no speaker labels and the picker is never named, so it is logged to the Unnamed Picker entity rather than guessed | [AMENDED 2026-09-11] re-attributed from Unnamed Picker (Pick Em) to Big Cat on Alex's confirmation",PICKEM_20260902_WK1,FG,20260903_COLORA_GEORTEC,HIGH,PICK,Deion is an interesting story; calls it a bounce-back year,,,PENDING,,host_pick_ledger_WK01_2026.csv,NONE,Georgia Tech,401856776,Colorado,True,FG,SPREAD,,L,-1.0,0.0,,,-6.5,CLOSE_PROXY/DraftKings/n_books=3,False,True,True,,,,,20260926T023919Z,False,False,HOST,True,False,
1,W01-130,Pick Em,2026-09-02,Big Cat,False,2026-09-05,Coastal Carolina vs West Virginia,SPREAD,West Virginia -20.5,-20.5,,card read in the card segment (second card),2,,,,,,,"second card of three, read between Dave Portnoy's and Rico Bosco's. The transcript has no speaker labels and the picker is never named, so it is logged to the Unnamed Picker entity rather than guessed | [AMENDED 2026-09-11] re-attributed from Unnamed Picker (Pick Em) to Big Cat on Alex's confirmation",PICKEM_20260902_WK1,FG,20260905_COASCAR_WESTVIR,HIGH,PICK,High on West Virginia this year,,,PENDING,,host_pick_ledger_WK01_2026.csv,ASSERTION,West Virginia,401856780,Coastal Carolina,True,FG,SPREAD,,L,7.0,0.5,,,-21.0,CLOSE_PROXY/DraftKings/n_books=3,True,True,True,,,,,20260926T023919Z,False,False,HOST,True,False,
1,W01-131,Pick Em,2026-09-02,Big Cat,False,2026-09-05,UNLV at Hawai'i,TOTAL,under 55.5,55.5,,card read in the card segment (second card),2,,,,,,,"second card of three, read between Dave Portnoy's and Rico Bosco's. The transcript has no speaker labels and the picker is never named, so it is logged to the Unnamed Picker entity rather than guessed; the weather claim was not sourced and is checkable pre-kick | [AMENDED 2026-09-11] re-attributed from Unnamed Picker (Pick Em) to Big Cat on Alex's confirmation",PICKEM_20260902_WK1,FG,20260905_UNLV_HAWAII,HIGH,PICK,Thinks another hurricane is coming into Hawaii,,,PENDING,,host_pick_ledger_WK01_2026.csv,ASSERTION,,401864497,,,FG,TOTAL,UNDER,W,27.0,0.0,,,55.5,CLOSE_PROXY/DraftKings/n_books=3,False,True,True,,,,,20260926T023919Z,False,False,HOST,True,False,
1,W01-132,Pick Em,2026-09-02,Big Cat,False,2026-09-05,Oregon State at Houston,SPREAD,Houston -20.5,-20.5,,card read in the card segment (second card),2,,,,,,,"second card of three, read between Dave Portnoy's and Rico Bosco's. The transcript has no speaker labels and the picker is never named, so it is logged to the Unnamed Picker entity rather than guessed; Rico Bosco took the total in this same game | [AMENDED 2026-09-11] re-attributed from Unnamed Picker (Pick Em) to Big Cat on Alex's confirmation",PICKEM_20260902_WK1,FG,20260905_OREGSTA_HOUSTO,HIGH,PICK,High on Houston; Willie Fritz really good coach,,,PENDING,,host_pick_ledger_WK01_2026.csv,ASSERTION,Houston,401856778,Oregon State,True,FG,SPREAD,,L,13.0,0.5,,,-21.0,CLOSE_PROXY/DraftKings/n_books=3,True,True,True,,,,,20260926T023919Z,False,False,HOST,True,False,
1,W01-133,Pick Em,2026-09-02,Rico Bosco,False,2026-09-03,Eastern Illinois at Minnesota,SPREAD,Minnesota -41.5,-41.5,,card read in the card segment,2,,,,,,,,PICKEM_20260902_WK1,FG,20260903_EASTILL_MINNES,HIGH,PICK,"PJ Fleck is a bully; 66-0, 48-0, 62-10 against recent FCS teams",,,PENDING,,host_pick_ledger_WK01_2026.csv,STAT_CITED,Minnesota,401858422,Eastern Illinois,True,FG,SPREAD,,W,52.0,1.0,,,-42.5,CLOSE_PROXY/DraftKings/n_books=2,True,True,True,,,,,20260926T023919Z,False,False,HOST,True,False,
1,W01-134,Pick Em,2026-09-02,Rico Bosco,False,2026-09-03,Eastern Illinois at Minnesota,TOTAL,over 50.5,50.5,,card read in the card segment,2,,,,,,,,PICKEM_20260902_WK1,FG,20260903_EASTILL_MINNES,HIGH,PICK,Average score of those FCS games was 58-3; good quarterback,,,PENDING,,host_pick_ledger_WK01_2026.csv,STAT_CITED,,401858422,,,FG,TOTAL,OVER,W,66.0,2.0,,,52.5,CLOSE_PROXY/DraftKings/n_books=2,True,True,True,,,,,20260926T023919Z,False,False,HOST,True,False,
1,W01-135,Pick Em,2026-09-02,Rico Bosco,False,2026-09-05,Lafayette at UConn,SPREAD,UConn -18.5,-18.5,,added as a rider,2,,,,,,,ASR merges a Jason Candle (Toledo) aside into this sentence; the Lafayette quarterback claim is the part attached to the position,PICKEM_20260902_WK1,FG,20260905_LAFAYE_UCONN,HIGH,PICK,Lafayette has little experience at quarterback; likes Candle's offense,,,PENDING,,host_pick_ledger_WK01_2026.csv,ROSTER,UConn,401861962,Lafayette,True,FG,SPREAD,,W,49.0,3.0,,,-21.5,CLOSE_PROXY/DraftKings/n_books=3,True,True,True,,,,,20260926T023919Z,False,False,HOST,True,False,
1,W01-136,Pick Em,2026-09-02,Rico Bosco,False,2026-09-05,Oregon State at Houston,TOTAL,over 49.5,49.5,,card read in the card segment,2,,,,,,,,PICKEM_20260902_WK1,FG,20260905_OREGSTA_HOUSTO,HIGH,PICK,None offered; opposite side of the same game from card two,,,PENDING,,host_pick_ledger_WK01_2026.csv,NONE,,401856778,,,FG,TOTAL,OVER,W,53.0,1.0,,,50.5,CLOSE_PROXY/DraftKings/n_books=3,True,True,True,,,,,20260926T023919Z,False,False,HOST,True,False,
1,W01-137,Pick Em,2026-09-02,Rico Bosco,False,2026-09-05,Miami OH at Pittsburgh,SPREAD,Miami OH +16.5,16.5,,explicitly fading card two,2,,,,,,,stated as a direct fade of the second card's Pittsburgh -16.5,PICKEM_20260902_WK1,FG,20260905_MIAMOH_PITTSB,HIGH,PICK,Going opposite you on Pitt,,,PENDING,,host_pick_ledger_WK01_2026.csv,ASSERTION,Miami (OH),401858207,Pittsburgh,False,FG,SPREAD,,L,-45.0,0.0,,,16.5,CLOSE_PROXY/DraftKings/n_books=3,False,True,True,,,,,20260926T023919Z,False,False,HOST,True,False,
1,W01-138,Pick Em,2026-09-02,Rico Bosco,False,2026-09-05,Ball State at Ohio State,TOTAL,over 55.5,55.5,,card read in the card segment,2,,,,,,,he talks himself on and off this position three times on air; the last statement leaves the over ON his card. A separate Ball State +50.5 add by another speaker was explicitly taken back off and is NOT logged,PICKEM_20260902_WK1,FG,20260905_BALLSTA_OHIOSTA,HIGH,PICK,"Ryan Day against MAC teams: 76-5, 59-7, 77-21, 52-6, 56-0",,,PENDING,,host_pick_ledger_WK01_2026.csv,BASE_RATE,,401858432,,,FG,TOTAL,OVER,W,59.0,0.0,,,55.5,CLOSE_PROXY/DraftKings/n_books=3,False,True,True,,,,,20260926T023919Z,False,False,HOST,True,False,
1,W01-139,Pick Em,2026-09-02,Rico Bosco,False,2026-09-05,Oklahoma State at Tulsa,TOTAL,over 59.5,59.5,,card read in the card segment,2,,,,,,,,PICKEM_20260902_WK1,FG,20260905_OKLASTA_TULSA,HIGH,PICK,Oklahoma State hired the North Texas staff; North Texas scored a million,,,PENDING,,host_pick_ledger_WK01_2026.csv,ROSTER,,401856772,,,FG,TOTAL,OVER,L,34.0,-2.0,,,57.5,CLOSE_PROXY/DraftKings/n_books=3,False,True,True,,,,,20260926T023919Z,False,False,HOST,True,False,
1,W01-140,Pick Em,2026-09-02,Rico Bosco,False,2026-09-03,UAB at Illinois,TOTAL,over 55.5,55.5,,card read in the card segment,2,,,,,,,,PICKEM_20260902_WK1,FG,20260903_UAB_ILLINO,HIGH,PICK,None offered,,,PENDING,,host_pick_ledger_WK01_2026.csv,NONE,,401858424,,,FG,TOTAL,OVER,W,65.0,-1.0,,,54.5,CLOSE_PROXY/DraftKings/n_books=3,False,True,True,,,,,20260926T023919Z,False,False,HOST,True,False,
1,W01-141,Pick Em,2026-09-02,Rico Bosco,False,2026-09-05,UCLA at Cal,SPREAD,UCLA -2.5,-2.5,,card read in the card segment,2,,,,,,,,PICKEM_20260902_WK1,FG,20260905_UCLA_CALIFO,HIGH,PICK,Believes in Chesney; has Nico at quarterback,,,PENDING,,host_pick_ledger_WK01_2026.csv,ROSTER,UCLA,401858210,California,False,FG,SPREAD,,W,21.0,0.0,,,-2.5,CLOSE_PROXY/DraftKings/n_books=3,False,True,True,,,,,20260926T023919Z,False,False,HOST,True,False,
1,W01-142,Pick Em,2026-09-02,Rico Bosco,False,2026-09-05,Oklahoma State at Tulsa,SPREAD,Oklahoma State -13,-13.0,,card read in the card segment,2,,,,,,,"cited -13 while saying the market was -13.5 to -14.5; a deliberate half-point-plus better number, not a mis-hear",PICKEM_20260902_WK1,FG,20260905_OKLASTA_TULSA,HIGH,PICK,Likes Mestemaker; they turned the whole roster over,,,PENDING,,host_pick_ledger_WK01_2026.csv,ROSTER,Oklahoma State,401856772,Tulsa,False,FG,SPREAD,,L,-14.0,0.5,,,-13.5,CLOSE_PROXY/DraftKings/n_books=3,True,True,True,,,,,20260926T023919Z,False,False,HOST,True,False,
1,W01-143,Pick Em,2026-09-02,Rico Bosco,False,2026-09-03,UMass at Rutgers,SPREAD,Rutgers -21.5,-21.5,,added as a rider,2,,,,,,,side and number not restated; carries Dave Portnoy's -21.5 from the same segment. Inherits the same NUMBER_FAR_FROM_MARKET flag,PICKEM_20260902_WK1,FG,20260903_MASSAC_RUTGER,MEDIUM,PICK,Add Rutgers on that,,,PENDING,,host_pick_ledger_WK01_2026.csv,NONE,Rutgers,401858423,Massachusetts,True,FG,SPREAD,,L,-16.0,8.0,,,-29.5,CLOSE_PROXY/DraftKings/n_books=3,True,True,True,,,,,20260926T023919Z,False,False,HOST,True,True,NUMBER_FAR_FROM_MARKET
1,W01-144,Pick Em,2026-09-02,Rico Bosco,False,2026-09-05,Utah Tech at BYU,TOTAL,over 55.5,55.5,,card read in the card segment,2,,,,,,,,PICKEM_20260902_WK1,FG,20260905_UTAHTEC_BYU,HIGH,PICK,Utah Tech somehow scores a touchdown; likes scores,,,PENDING,,host_pick_ledger_WK01_2026.csv,STAT_CITED,,401856775,,,FG,TOTAL,OVER,W,70.0,6.0,,,61.5,CLOSE_PROXY/DraftKings/n_books=3,True,True,True,,,,,20260926T023919Z,False,False,HOST,True,False,
1,W01-145,Pick Em,2026-09-02,Rico Bosco,False,2026-09-05,Utah Tech at BYU,SPREAD,BYU -51.5,-51.5,,mortal (best bet of the week),3,,,,,,,"his stated best bet. Two colleagues argued on air he should have taken the over instead, since BYU -51.5 loses on any Utah Tech touchdown; he took the spread anyway and also holds the over",PICKEM_20260902_WK1,FG,20260905_UTAHTEC_BYU,HIGH,PICK,BYU beat Portland State 69-0; Utah Tech lost 54-0 to Montana State,,,PENDING,,host_pick_ledger_WK01_2026.csv,STAT_CITED,BYU,401856775,Utah Tech,True,FG,SPREAD,,W,56.0,-1.0,,,-50.5,CLOSE_PROXY/DraftKings/n_books=3,False,True,True,,,,,20260926T023919Z,False,False,HOST,True,False,
1,W01-146,Pick Em,2026-09-02,Hank,False,2026-09-05,Clemson at LSU,SPREAD,LSU -10,-10.0,,mortal (best bet of the week),3,,,,,,,named directly in the mortals segment,PICKEM_20260902_WK1,FG,20260905_CLEMSO_LSU,HIGH,PICK,Riding with Zubi on LSU,,,PENDING,,host_pick_ledger_WK01_2026.csv,NONE,LSU,401856660,Clemson,True,FG,SPREAD,,W,41.0,0.0,,,-10.0,CLOSE_PROXY/DraftKings/n_books=3,False,True,True,,,,,20260926T023919Z,False,False,HOST,True,False,
1,W01-147,Pick Em,2026-09-02,Unnamed Picker (Pick Em),False,2026-09-03,Arkansas-Pine Bluff at Missouri,SPREAD,Arkansas-Pine Bluff +54.5,54.5,,mortal (best bet of the week),3,,,,,,,mortals segment; picker not named,PICKEM_20260902_WK1,FG,20260903_ARKABLU_MISSOU,LOW,PICK,None offered; riffs about Green Gregg instead,,,PENDING,,host_pick_ledger_WK01_2026.csv,NONE,Arkansas-Pine Bluff,401856663,Missouri,False,FG,SPREAD,,W,-40.0,-1.0,,,55.5,CLOSE_PROXY/DraftKings/n_books=2,False,True,True,,,,,20260926T023919Z,False,False,UNRESOLVED,False,False,
1,W01-148,Pick Em,2026-09-02,Unnamed Picker (Pick Em),False,2026-09-05,Texas State at Texas,TOTAL,over 59.5,59.5,,mortal (best bet of the week),3,,,,,,,mortals segment; picker not named,PICKEM_20260902_WK1,FG,20260905_TEXASTA_TEXAS,LOW,PICK,None offered,,,PENDING,,host_pick_ledger_WK01_2026.csv,NONE,,401856667,,,FG,TOTAL,OVER,W,66.0,1.0,,,60.5,CLOSE_PROXY/DraftKings/n_books=3,True,True,True,,,,,20260926T023919Z,False,False,UNRESOLVED,False,False,
1,W01-149,Pick Em,2026-09-02,Unnamed Picker (Pick Em),False,2026-09-03,UMass at Rutgers,ML,Rutgers,,,mortal; called the easiest bet of the year,3,,,,,,,"mortals segment; picker not named. NO_NUMBER_CITED - the price is never stated and the ASR renders the number as 'at 50', which is not a resolvable price. Logged as a moneyline so it grades on the outright result only",PICKEM_20260902_WK1,FG,20260903_MASSAC_RUTGER,LOW,PICK,Could be the easiest bet of the year; Rutgers wins at home,,,PENDING,,host_pick_ledger_WK01_2026.csv,NONE,Rutgers,401858423,Massachusetts,True,FG,ML,,L,-16.0,,,,,,,True,False,,NO_PRICE_CITED,,,20260926T023919Z,False,False,UNRESOLVED,False,False,
1,W01-150,Pick Em,2026-09-02,Unnamed Picker (Pick Em),False,2026-09-05,ECU at Alabama,SPREAD,Alabama -28,-28.0,,late add to a card,2,,,,,,,added out of sequence during the mortals segment; picker not named,PICKEM_20260902_WK1,FG,20260905_EASTCAR_ALABAM,LOW,PICK,None offered; said he forgot that one,,,PENDING,,host_pick_ledger_WK01_2026.csv,NONE,Alabama,401856634,East Carolina,True,FG,SPREAD,,W,38.0,-0.5,,,-27.5,CLOSE_PROXY/DraftKings/n_books=3,False,True,True,,,,,20260926T023919Z,False,False,UNRESOLVED,False,False,
1,W01-151,Pick Em,2026-09-02,Ibo,True,2026-09-04,Miami at Stanford,SPREAD,Stanford +24.5,24.5,,pick read aloud in his absence,2,,,,,,,"Ibo was not present. The show states his pick does not count toward their Bob Diaco competition because he was not in attendance, so this row sits outside the host baseline. AMEND 2026-09-11: ext_game_id_provisional set to cfbd 401858206 (was 20260904_MIAMI_STANFO) to clear GAME_AMBIGUOUS; Stanford had two Week 1 games and the UTC kickoff date (09-05) did not match game_date (09-04)",PICKEM_20260902_WK1,FG,401858206,HIGH,PICK,None offered on air,,,PENDING,,host_pick_ledger_WK01_2026.csv,NONE,Stanford,401858206,Miami,True,FG,SPREAD,,L,-39.0,0.0,,,24.5,CLOSE_PROXY/DraftKings/n_books=3,False,True,True,,,,,20260926T023919Z,False,True,GUEST,False,False,
2,W02-009,BBOC,2026-09-09,Mike Calabrese,False,2026-09-12,UTSA at Texas State,TOTAL,over 65.5,65.5,,Triple Option segment (tier inferred from segment),2,65.5,,,,,,"TOLERANCE STATED: would play up to 68 (band 2.5) - no column exists for this, see findings. Weather cited: 95F at kickoff, ~110F field level.",BBOC_20260909_SIXTHGEAR,FG,20260912_UTSA_TXST,HIGH,PICK,Tempo conflict plus heat; both run defences wilt and deep shots open,,,PENDING,,host_pick_ledger_WK02_2026.csv,STAT_CITED,,401860884,,,FG,TOTAL,OVER,L,57.0,0.0,0.0,,65.5,CLOSE_PROXY/DraftKings/n_books=3,False,True,True,,,,,20260926T023919Z,False,False,HOST,True,False,
2,W02-010,BBOC,2026-09-09,Mike Calabrese,False,2026-09-12,Rice at Notre Dame,SPREAD,Rice +44.5,44.5,,Triple Option segment (tier inferred from segment),2,44.5,,,,,,"PRIOR ANCHOR: says he penciled this at a flat 40 over the summer - an anchor, not a stated entry. Co-host advised waiting until 5 min pre-kick and named 45.5/47.5 as likely better numbers; see findings on line_available_at_listen.",BBOC_20260909_SIXTHGEAR,FG,20260912_RICE_ND,HIGH,PICK,Freeman never beats a service-academy style team by 40; Rice bleeds clock,,,PENDING,,host_pick_ledger_WK02_2026.csv,BASE_RATE,Rice,401859184,Notre Dame,False,FG,SPREAD,,L,-52.0,0.0,0.0,,44.5,CLOSE_PROXY/DraftKings/n_books=3,False,True,True,,,,,20260926T023919Z,False,False,HOST,True,False,
2,W02-011,BBOC,2026-09-09,Mike Calabrese,False,2026-09-12,UNLV at North Texas,SPREAD,UNLV -3.5,-3.5,,Best Bets presented by DraftKings - tier 3 STATED,3,-3.5,,,,,,"RESTATEMENT of his own Triple Option pick, elevated to tier 3 rather than double-logged (audit precedent, BBOC_20260902 s1.3). Single row by design.",BBOC_20260909_SIXTHGEAR,FG,20260912_UNLV_UNT,HIGH,PICK,Travel spot suppresses the number; Arnold gets one-on-ones against a 126th coverage unit,,,PENDING,,host_pick_ledger_WK02_2026.csv,STAT_CITED,UNLV,401862705,North Texas,False,FG,SPREAD,,L,-38.0,-0.5,-0.5,,-3.0,CLOSE_PROXY/DraftKings/n_books=3,False,True,True,,,,,20260926T023919Z,False,False,HOST,True,False,
2,W02-012,BBOC,2026-09-09,Mike Calabrese,False,2026-09-12,Oklahoma at Michigan,SPREAD,Oklahoma -5.5,-5.5,,P4 level-up play (tier inferred from segment),2,-5.5,,,,,,"TOLERANCE STATED: up to -6.5 if priced -104 or better (band 1.0 plus a price condition). CORRELATION: same side and number as an unlogged, ASR-ambiguous Cover 3 fragment - different picker, does NOT license logging that row.",BBOC_20260909_SIXTHGEAR,FG,20260912_OU_MICH,HIGH,PICK,Venables owned Underwood last year; healthy Mateer only needs game-manager-plus,,,PENDING,,host_pick_ledger_WK02_2026.csv,STAT_CITED,Oklahoma,401856679,Michigan,False,FG,SPREAD,,L,-7.0,,,,,,,True,False,,NO_CLOSING_LINE_IN_FACT_LINES,,,20260926T023919Z,False,False,HOST,True,False,
2,W02-013,BBOC,2026-09-09,Mike Calabrese,False,2026-09-12,Navy at Florida Atlantic,ML,Florida Atlantic,,+180,Underdog Moneyline Parlay leg 2 (tier inferred from segment),1,+180,,,,,,"TOLERANCE STATED: would play all the way down to +150. Opened near +200 and is sliding - the number is moving against the position, so line_available_at_listen is load-bearing here.",BBOC_20260909_SIXTHGEAR,FG,20260912_NAVY_FAU,HIGH,PICK,Navy secondary shredded by Towson; Veltkamp-Messer can dominate the skies,,,PENDING,,host_pick_ledger_WK02_2026.csv,STAT_CITED,Florida Atlantic,401862703,Navy,True,FG,ML,,W,8.0,,,0.02165,164.0,CLOSE_PROXY/DraftKings,True,True,True,,,,,20260926T023919Z,False,False,HOST,True,False,
2,W02-014,BBOC,2026-09-09,Duck,False,2026-09-12,Tulsa at Sam Houston State,SPREAD,Tulsa -13.5,-13.5,,Best Bets presented by DraftKings - tier 3 STATED,3,-13.5,,,,,,"RESTATEMENT of his own Triple Option pick, elevated to tier 3 rather than double-logged. The number was spoken ONLY in the Best Bets segment; the Triple Option version carried no number. Projection: wins by three touchdowns.",BBOC_20260909_SIXTHGEAR,FG,20260912_TULSA_SHSU,HIGH,PICK,Sam Houston OL gave up 13 TFL and 4 sacks to a rebuilt Troy front,,,PENDING,,host_pick_ledger_WK02_2026.csv,STAT_CITED,Tulsa,401862707,Sam Houston,False,FG,SPREAD,,L,6.0,-1.0,-1.0,,-12.5,CLOSE_PROXY/DraftKings/n_books=3,False,True,True,,,,,20260926T023919Z,False,False,HOST,True,False,
2,W02-015,BBOC,2026-09-09,Duck,False,2026-09-12,Bowling Green at Nebraska,SPREAD,Nebraska -28.5,-28.5,,Triple Option segment (tier inferred from segment),2,28.5,,,,,,"NUMBER SOURCE IS THE CO-HOST: Calabrese spoke 28.5 and asked if Duck was comfortable laying it; Duck agreed and projected a 35-42 point win. The position is Duck's, the number is Calabrese's. line_available_at_listen recorded unsigned as heard.",BBOC_20260909_SIXTHGEAR,FG,20260912_BGSU_NEB,HIGH,PICK,Bowling Green drive chart was punt-fumble-punt-punt-punt-FG-fumble-FG at home,,,PENDING,,host_pick_ledger_WK02_2026.csv,CHARTED,Nebraska,401858441,Bowling Green,True,FG,SPREAD,,W,49.0,2.0,59.0,,-30.5,CLOSE_PROXY/DraftKings/n_books=3,True,True,True,,,,,20260926T023919Z,False,False,HOST,True,False,
2,W02-016,BBOC,2026-09-09,Duck,False,2026-09-12,Charlotte at Ole Miss,TOTAL,over 34.5,34.5,,Triple Option segment (tier inferred from segment),2,34.5,,,,,,"FIRST-HALF market - ext_period is 1H, not FG. Derivative market: grades from line scores but has no CFBD market, so it can never produce CLV. Projection: 35-7 at half or worse. | [CONFORM 2026-09-10] side was '1H over 34.5'; period token removed (period lives in ext_period, WK01 convention)",BBOC_20260909_SIXTHGEAR,1H,20260912_CHAR_MISS,HIGH,PICK,LSU showdown next week makes the first half the whole game for Ole Miss,,,PENDING,,host_pick_ledger_WK02_2026.csv,STAT_CITED,,401856676,,,1H,TOTAL,OVER,L,27.0,,,,,,,True,False,,NO_CFBD_MARKET for TOTAL/1H - CFBD publishes full-game spread/total/ML only,,,20260926T023919Z,False,False,HOST,True,False,
2,W02-017,BBOC,2026-09-09,Duck,False,2026-09-12,Old Dominion at Virginia Tech,SPREAD,Virginia Tech -18.5,-18.5,,P4 level-up play (tier inferred from segment),2,-18.5,,,,,,"Home/away NOT stated explicitly on air - resolve in Pass B from the schedule, do not infer from this file.",BBOC_20260909_SIXTHGEAR,FG,20260912_ODU_VT,HIGH,PICK,Old Dominion embarrassed them last year; Franklin is still sending messages,,,PENDING,,host_pick_ledger_WK02_2026.csv,STAT_CITED,Virginia Tech,401858221,Old Dominion,True,FG,SPREAD,,W,23.0,-1.0,-1.0,,-17.5,CLOSE_PROXY/DraftKings/n_books=3,False,True,True,,,,,20260926T023919Z,False,False,HOST,True,False,
2,W02-018,BBOC,2026-09-09,Duck,False,2026-09-12,Montana State at Nevada,ML,Nevada,,+160,Underdog Moneyline Parlay leg 1 (tier inferred from segment),1,+160,,,,,,OWN-MODEL CITE: says he lined this game as a pick-em in his published power ratings. CONVENTIONS s8 has no evidence grade for a picker citing his own model - graded STAT_CITED on the separate stats he gave. See findings. CORRELATION: BBOC has now backed Nevada in consecutive weeks.,BBOC_20260909_SIXTHGEAR,FG,20260912_MTST_NEV,HIGH,PICK,Montana State has played two bottom-20 FCS teams; Dowler out; game means more to Nevada,,,PENDING,,host_pick_ledger_WK02_2026.csv,STAT_CITED,Nevada,401864500,Montana State,True,FG,ML,,L,-13.0,,,-0.01425,170.0,CLOSE_PROXY/DraftKings,False,True,True,,,,,20260926T023919Z,False,False,HOST,True,False,
2,W02-019,Cover 3,2026-09-10,Bud Elliott,False,2026-09-12,Iowa State at Iowa,SPREAD,Iowa -13.5,-13.5,,lock card (tier inferred from segment),2,-13.5,,,,,,LOCK INFINITY - all four hosts on this side. Consensus is priced; see synthesis s4.,C3_20260910_LOCKS,FG,20260912_ISU_IOWA,HIGH,PICK,Iowa State may be the worst power-conference team and is not priced that way,,,PENDING,,host_pick_ledger_WK02_2026.csv,STAT_CITED,Iowa,401856788,Iowa State,True,FG,SPREAD,,L,3.0,,,,,,,True,False,,NO_CLOSING_LINE_IN_FACT_LINES,,,20260926T023919Z,False,False,HOST,True,False,
2,W02-020,Cover 3,2026-09-10,Bud Elliott,False,2026-09-12,Mississippi State at Minnesota,SPREAD,Minnesota +0.5,0.5,,lock card (tier inferred from segment),2,0.5,,,,,,"Opposed by The Dentist on the same game, full game, other side. | [CONFORM 2026-09-10] side was 'Minnesota 1H +0.5'; period token removed (period lives in ext_period, WK01 convention)",C3_20260910_LOCKS,1H,20260912_MSST_MINN,HIGH,PICK,"Own model shows edge larger on the first half than the full game, which he flags as odd",,,PENDING,,host_pick_ledger_WK02_2026.csv,ASSERTION,Minnesota,401856677,Mississippi State,True,1H,SPREAD,,L,-22.0,,,,,,,True,False,,NO_CFBD_MARKET for SPREAD/1H - CFBD publishes full-game spread/total/ML only,,,20260926T023919Z,False,False,HOST,True,False,
2,W02-021,Cover 3,2026-09-10,Bud Elliott,False,2026-09-12,Washington State at Kansas State,SPREAD,Washington State +18,18.0,,lock card (tier inferred from segment),2,18,,,,,,"HEAD-TO-HEAD with Tom Fornelli, who took the other side at -17.5. Named on air as the Bud-Tom showdown.",C3_20260910_LOCKS,FG,20260912_WSU_KSU,HIGH,PICK,Kansas State down three offensive line starters; hard to move it consistently,,,PENDING,,host_pick_ledger_WK02_2026.csv,ROSTER,Washington State,401856781,Kansas State,False,FG,SPREAD,,L,-27.0,0.5,0.5,,17.5,CLOSE_PROXY/DraftKings/n_books=3,True,True,True,,,,,20260926T023919Z,False,False,HOST,True,False,
2,W02-022,Cover 3,2026-09-10,Bud Elliott,False,2026-09-12,Tulsa at Sam Houston State,SPREAD,Sam Houston +14,14.0,,lock card (tier inferred from segment),2,14,,,,,,"CROSS-SHOW CONFLICT: BBOC's Duck took Tulsa -13.5 as his tier-3 Best Bet. Opposite sides, and this side got the better number.",C3_20260910_LOCKS,FG,20260912_TULSA_SHSU,HIGH,PICK,Watched Sam Houston play Troy; no material difference between them; two touchdowns too many,,,PENDING,,host_pick_ledger_WK02_2026.csv,CHARTED,Sam Houston,401862707,Tulsa,True,FG,SPREAD,,W,-6.0,1.5,1.5,,12.5,CLOSE_PROXY/DraftKings/n_books=3,True,True,True,,,,,20260926T023919Z,False,False,HOST,True,False,
2,W02-023,Cover 3,2026-09-10,Bud Elliott,False,2026-09-12,Arizona State at Texas A&M,SPREAD,Arizona State +14.5,14.5,,lock card (tier inferred from segment),2,14.5,,,,,,Shared with Danny Kanell. The show's own Tuesday base rates argued the other way; see synthesis s5.,C3_20260910_LOCKS,FG,20260912_ASU_TAMU,HIGH,PICK,Prices A&M as top-15 rather than top-10; about a field goal of disagreement with the market,,,PENDING,,host_pick_ledger_WK02_2026.csv,MARKET,Arizona State,401856683,Texas A&M,False,FG,SPREAD,,L,-28.0,0.0,0.0,,14.5,CLOSE_PROXY/DraftKings/n_books=3,False,True,True,,,,,20260926T023919Z,False,False,HOST,True,False,
2,W02-024,Cover 3,2026-09-10,Bud Elliott,False,2026-09-12,App State at East Carolina,SPREAD,App State +7.5,7.5,,lock card (tier inferred from segment),2,7.5,,,,,,Home/away not stated on air - resolve in Pass B. | [AMENDED 2026-09-11] matchup was 'East Carolina at Appalachian State'; home and away were reversed against the CFBD schedule. Side and number unchanged,C3_20260910_LOCKS,FG,20260912_ECU_APP,HIGH,PICK,Called a solid spot with no further support offered,,,PENDING,,host_pick_ledger_WK02_2026.csv,ASSERTION,App State,401864571,East Carolina,False,FG,SPREAD,,W,3.0,1.0,1.0,,6.5,CLOSE_PROXY/DraftKings/n_books=3,True,True,True,,,,,20260926T023919Z,False,False,HOST,True,False,
2,W02-025,Cover 3,2026-09-10,Bud Elliott,False,2026-09-12,FIU vs Buffalo,SPREAD,FIU -10,-10.0,,three-star lock (STATED),3,-10,,,,,,THREE-STAR. Home/away not stated - resolve in Pass B.,C3_20260910_LOCKS,FG,20260912_FIU_BUFF,HIGH,PICK,Watched Buffalo struggle with Albany; FIU quarterback throws well and defence was salty,,,PENDING,,host_pick_ledger_WK02_2026.csv,STAT_CITED,Florida International,401866414,Buffalo,True,FG,SPREAD,,W,13.0,-1.5,-1.5,,-8.5,CLOSE_PROXY/DraftKings/n_books=3,False,True,True,,,,,20260926T023919Z,False,False,HOST,True,False,
2,W02-026,Cover 3,2026-09-10,Bud Elliott,False,2026-09-12,Maryland at UConn,SPREAD,Maryland -13,-13.0,,lock card (tier inferred from segment),2,-13,,,,,,Look-ahead risk raised on air: Maryland faces Virginia Tech next and the head coach misnamed this opponent in his own presser. | [AMENDED 2026-09-11] matchup was 'UConn at Maryland'; home and away were reversed against the CFBD schedule. Side and number unchanged,C3_20260910_LOCKS,FG,20260912_UCONN_UMD,HIGH,PICK,Expects Maryland to let the quarterback throw for numbers after a run-heavy opener,,,PENDING,,host_pick_ledger_WK02_2026.csv,MOTIVATION,Maryland,401858444,UConn,False,FG,SPREAD,,W,24.0,-1.5,-1.5,,-11.5,CLOSE_PROXY/DraftKings/n_books=3,False,True,True,,,,,20260926T023919Z,False,False,HOST,True,False,
2,W02-027,Cover 3,2026-09-10,Bud Elliott,False,2026-09-12,Utah State at Washington,SPREAD,Washington -26.5,-26.5,,lock card (tier inferred from segment),2,-26.5,,,,,,"Explicitly framed as sharing a mechanism with Tom Fornelli's Auburn three-star. Correlated reasoning, different games.",C3_20260910_LOCKS,FG,20260912_USU_UW,HIGH,PICK,Same principle as the Auburn play - offensive coach needs a better showing after a poor opener,,,PENDING,,host_pick_ledger_WK02_2026.csv,MOTIVATION,Washington,401858446,Utah State,True,FG,SPREAD,,L,2.0,2.0,2.0,,-28.5,CLOSE_PROXY/DraftKings/n_books=3,True,True,True,,,,,20260926T023919Z,False,False,HOST,True,False,
2,W02-028,Cover 3,2026-09-10,Bud Elliott,False,2026-09-12,Memphis at Boise State,ML,Memphis,,+285,Moneyline Sprinkles segment (tier inferred from segment),1,+285,,,,,,,C3_20260910_LOCKS,FG,20260912_MEM_BSU,HIGH,PICK,Attacking Boise's defence; three of four hosts sprinkled this same side,,,PENDING,,host_pick_ledger_WK02_2026.csv,SCHEME,Memphis,401860881,Boise State,False,FG,ML,,L,-18.0,,,0.0,285.0,CLOSE_PROXY/DraftKings,False,True,True,,,,,20260926T023919Z,False,False,HOST,True,False,
2,W02-029,Cover 3,2026-09-10,Bud Elliott,False,2026-09-12,UCF at Pittsburgh,ML,UCF,,+235,Moneyline Sprinkles segment (tier inferred from segment),1,+235,,,,,,,C3_20260910_LOCKS,FG,20260912_UCF_PITT,HIGH,PICK,Nearly every defender is a senior; expects Pitt to have to earn it,,,PENDING,,host_pick_ledger_WK02_2026.csv,ROSTER,UCF,401856790,Pittsburgh,False,FG,ML,,L,-5.0,,,-0.00439,240.0,CLOSE_PROXY/DraftKings,False,True,True,,,,,20260926T023919Z,False,False,HOST,True,False,
2,W02-030,Cover 3,2026-09-10,Bud Elliott,False,2026-09-12,South Alabama at Tulane,ML,South Alabama,,+300,Moneyline Sprinkles segment (tier inferred from segment),1,+300,,,,,,,C3_20260910_LOCKS,FG,20260912_USA_TULANE,HIGH,PICK,Questions why Tulane is laying points to anybody after last week,,,PENDING,,host_pick_ledger_WK02_2026.csv,MARKET,South Alabama,401864575,Tulane,False,FG,ML,,L,-4.0,,,0.00974,285.0,CLOSE_PROXY/DraftKings,True,True,True,,,,,20260926T023919Z,False,False,HOST,True,False,
2,W02-031,Cover 3,2026-09-10,Bud Elliott,False,2026-09-12,New Mexico State at Hawaii,ML,New Mexico State,,+245,Moneyline Sprinkles segment (tier inferred from segment),1,+245,,,,,,,C3_20260910_LOCKS,FG,20260912_NMSU_HAWAII,HIGH,PICK,Hawaii has looked poor for long stretches twice; number feels too heavy,,,PENDING,,host_pick_ledger_WK02_2026.csv,ASSERTION,New Mexico State,401864578,Hawai'i,False,FG,ML,,L,-10.0,,,0.00426,240.0,CLOSE_PROXY/DraftKings,True,True,True,,,,,20260926T023919Z,False,False,HOST,True,False,
2,W02-032,Cover 3,2026-09-10,Bud Elliott,False,2026-09-12,Tulsa at Sam Houston State,ML,Sam Houston,,+440,Moneyline Sprinkles segment (tier inferred from segment),1,+440,,,,,,CORRELATED with his own spread position on the same game.,C3_20260910_LOCKS,FG,20260912_TULSA_SHSU,HIGH,PICK,Moneyline version of his own spread position on the same game,,,PENDING,,host_pick_ledger_WK02_2026.csv,ASSERTION,Sam Houston,401862707,Tulsa,True,FG,ML,,L,-6.0,,,0.02315,380.0,CLOSE_PROXY/DraftKings,True,True,True,,,,,20260926T023919Z,False,False,HOST,True,False,
2,W02-033,Cover 3,2026-09-10,Bud Elliott,False,2026-09-12,App State at East Carolina,ML,App State,,+244,Moneyline Sprinkles segment (tier inferred from segment),1,+244,,,,,,CORRELATED with his own spread position on the same game. | [AMENDED 2026-09-11] matchup was 'East Carolina at Appalachian State'; home and away were reversed against the CFBD schedule. Side and number unchanged,C3_20260910_LOCKS,FG,20260912_ECU_APP,HIGH,PICK,Moneyline version of his own spread position on the same game,,,PENDING,,host_pick_ledger_WK02_2026.csv,ASSERTION,App State,401864571,East Carolina,False,FG,ML,,W,3.0,,,0.03717,205.0,CLOSE_PROXY/DraftKings,True,True,True,,,,,20260926T023919Z,False,False,HOST,True,False,
2,W02-034,Cover 3,2026-09-10,Chip Patterson,False,2026-09-11,Missouri at Kansas,TOTAL,over 50.5,50.5,,lock card (tier inferred from segment),2,50.5,,,,,,STALE-NUMBER DISCLOSURE: says on air he liked the over earlier in the week and it moved against him before he took it. Negative CLV already captured pre-kick.,C3_20260910_LOCKS,FG,20260911_MIZ_KU,HIGH,PICK,"Retooled Missouri defence, Kansas explosives, and concern about the Kansas secondary",,,PENDING,,host_pick_ledger_WK02_2026.csv,STAT_CITED,,401856678,,,FG,TOTAL,OVER,W,59.0,,,,,,,True,False,,NO_CLOSING_LINE_IN_FACT_LINES,,,20260926T023919Z,False,False,HOST,True,False,
2,W02-035,Cover 3,2026-09-10,Chip Patterson,False,2026-09-12,Ohio State at Texas,SPREAD,Texas -1,-1.0,,lock card (tier inferred from segment),2,-1.5,,,,,,"LINE SHOPPED: game was discussed at 1.5 and he states he took -1. number_cited is the number taken, not the number discussed.",C3_20260910_LOCKS,FG,20260912_OSU_TEX,HIGH,PICK,Ohio State defence lacks the continuity of the group that won those games at the finest margins,,,PENDING,,host_pick_ledger_WK02_2026.csv,SCHEME,Texas,401856682,Ohio State,True,FG,SPREAD,,P,1.0,,,,,,,True,False,,NO_CLOSING_LINE_IN_FACT_LINES,,,20260926T023919Z,False,False,HOST,True,False,
2,W02-036,Cover 3,2026-09-10,Chip Patterson,False,2026-09-12,Ohio State at Texas,ML,Ohio State,,-105,lock card (tier inferred from segment),2,-105,,,,,,"DERIVATIVE MARKET, third quarter. Prices seen at -105 and -111; the pick-em ML was chosen over 3Q +0.5 at -166 and +1.5 at -174. Opposes his own Texas -1 by design. | [CONFORM 2026-09-10] side was 'Ohio State 3Q pick-em'; period token removed (period lives in ext_period, WK01 convention)",C3_20260910_LOCKS,Q3,20260912_OSU_TEX,HIGH,PICK,Best third-quarter program in the country; halftime adjustments,,,PENDING,,host_pick_ledger_WK02_2026.csv,ASSERTION,Ohio State,401856682,Texas,False,Q3,ML,,W,3.0,,,,,,,True,False,,NO_CFBD_MARKET for ML/Q3 - CFBD publishes full-game spread/total/ML only,,,20260926T023919Z,False,False,HOST,True,False,
2,W02-037,Cover 3,2026-09-10,Chip Patterson,False,2026-09-12,Oklahoma at Michigan,TEAM_TOTAL,Michigan under 9.5,9.5,,lock card (tier inferred from segment),2,9.5,,,,,,"TEAM_TOTAL never yields CLV. Directionally continuous with Bud Elliott's Tuesday Michigan team-total lean, but a different picker and a different period. | [CONFORM 2026-09-10] side was 'Michigan 1H under 9.5'; period token removed (period lives in ext_period, WK01 convention)",C3_20260910_LOCKS,1H,20260912_OU_MICH,HIGH,PICK,Oklahoma's defence saw what it saw and will not let Michigan reach double digits by half,,,PENDING,,host_pick_ledger_WK02_2026.csv,SCHEME,Michigan,401856679,Oklahoma,True,1H,TEAM_TOTAL,UNDER,L,10.0,,,,,,,True,False,,NO_CFBD_MARKET for TEAM_TOTAL/1H - CFBD publishes full-game spread/total/ML only,,,20260926T023919Z,False,False,HOST,True,False,
2,W02-038,Cover 3,2026-09-10,Chip Patterson,False,2026-09-12,Rice at Notre Dame,SPREAD,Rice +44.5,44.5,,lock card (tier inferred from segment),2,44.5,,,,,,CROSS-SHOW AGREEMENT: BBOC's Calabrese took the same side at the same number. Consensus across shows is priced - flag before treating as confirmation.,C3_20260910_LOCKS,FG,20260912_RICE_ND,HIGH,PICK,Rice can defend a 45-point lead by stringing first downs; took the best number available,,,PENDING,,host_pick_ledger_WK02_2026.csv,BASE_RATE,Rice,401859184,Notre Dame,False,FG,SPREAD,,L,-52.0,0.0,0.0,,44.5,CLOSE_PROXY/DraftKings/n_books=3,False,True,True,,,,,20260926T023919Z,False,False,HOST,True,False,
2,W02-039,Cover 3,2026-09-10,Chip Patterson,False,2026-09-12,Arizona State at Texas A&M,TEAM_TOTAL,Arizona State over 17.5,17.5,,lock card (tier inferred from segment),2,17.5,,,,,,TEAM_TOTAL never yields CLV. Explicitly chosen over the side because he fears A&M scores a lot.,C3_20260910_LOCKS,FG,20260912_ASU_TAMU,HIGH,PICK,Dillingham takes big swings; expects Arizona State to reach 20 regardless of game script,,,PENDING,,host_pick_ledger_WK02_2026.csv,SCHEME,Arizona State,401856683,Texas A&M,False,FG,TEAM_TOTAL,OVER,W,20.0,,,,,,,True,False,,NO_CFBD_MARKET for TEAM_TOTAL/FG - CFBD publishes full-game spread/total/ML only,,,20260926T023919Z,False,False,HOST,True,False,
2,W02-040,Cover 3,2026-09-10,Chip Patterson,False,2026-09-12,Charlotte at Ole Miss,TEAM_TOTAL,Ole Miss over 30.5,30.5,,lock card (tier inferred from segment),2,30.5,,,,,,"CROSS-SHOW CORRELATION: BBOC's Duck took the 1H game total over 34.5 on this game. Same period, same direction, different instrument. Do not count as independent. | [CONFORM 2026-09-10] side was 'Ole Miss 1H over 30.5'; period token removed (period lives in ext_period, WK01 convention)",C3_20260910_LOCKS,1H,20260912_CHAR_MISS,HIGH,PICK,Charlotte went to triple overtime with The Citadel; the work gets done early,,,PENDING,,host_pick_ledger_WK02_2026.csv,STAT_CITED,Ole Miss,401856676,Charlotte,True,1H,TEAM_TOTAL,OVER,L,27.0,,,,,,,True,False,,NO_CFBD_MARKET for TEAM_TOTAL/1H - CFBD publishes full-game spread/total/ML only,,,20260926T023919Z,False,False,HOST,True,False,
2,W02-041,Cover 3,2026-09-10,Chip Patterson,False,2026-09-12,Memphis at Boise State,TEAM_TOTAL,Memphis over 22.5,22.5,,lock card (tier inferred from segment),2,22.5,,,,,,"HEAD-TO-HEAD with Tom Fornelli's under 55 on the same game, acknowledged on air.",C3_20260910_LOCKS,FG,20260912_MEM_BSU,HIGH,PICK,Boise gave up 378 yards to Dante Moore; Memphis can exploit the same things,,,PENDING,,host_pick_ledger_WK02_2026.csv,STAT_CITED,Memphis,401860881,Boise State,False,FG,TEAM_TOTAL,OVER,L,20.0,,,,,,,True,False,,NO_CFBD_MARKET for TEAM_TOTAL/FG - CFBD publishes full-game spread/total/ML only,,,20260926T023919Z,False,False,HOST,True,False,
2,W02-042,Cover 3,2026-09-10,Chip Patterson,False,2026-09-12,Iowa State at Iowa,SPREAD,Iowa -13.5,-13.5,,lock card (tier inferred from segment),2,-13.5,,,,,,LOCK INFINITY - all four hosts. Consensus is priced.,C3_20260910_LOCKS,FG,20260912_ISU_IOWA,HIGH,PICK,Took it the moment it was named; notes 13.5 is a key number,,,PENDING,,host_pick_ledger_WK02_2026.csv,MARKET,Iowa,401856788,Iowa State,True,FG,SPREAD,,L,3.0,,,,,,,True,False,,NO_CLOSING_LINE_IN_FACT_LINES,,,20260926T023919Z,False,False,HOST,True,False,
2,W02-043,Cover 3,2026-09-10,Chip Patterson,False,2026-09-12,Memphis at Boise State,ML,Memphis,,+285,Moneyline Sprinkles segment (tier inferred from segment),1,+285,,,,,,CORRELATED with his own position on the same game.,C3_20260910_LOCKS,FG,20260912_MEM_BSU,HIGH,PICK,Moneyline version of his own team-total position on the same game,,,PENDING,,host_pick_ledger_WK02_2026.csv,ASSERTION,Memphis,401860881,Boise State,False,FG,ML,,L,-18.0,,,0.0,285.0,CLOSE_PROXY/DraftKings,False,True,True,,,,,20260926T023919Z,False,False,HOST,True,False,
2,W02-044,Cover 3,2026-09-10,Chip Patterson,False,2026-09-12,Arizona State at Texas A&M,ML,Arizona State,,+505,Moneyline Sprinkles segment (tier inferred from segment),1,+505,,,,,,CORRELATED with his own position on the same game.,C3_20260910_LOCKS,FG,20260912_ASU_TAMU,HIGH,PICK,Moneyline version of his own team-total position on the same game,,,PENDING,,host_pick_ledger_WK02_2026.csv,ASSERTION,Arizona State,401856683,Texas A&M,False,FG,ML,,L,-28.0,,,-0.00529,525.0,CLOSE_PROXY/DraftKings,False,True,True,,,,,20260926T023919Z,False,False,HOST,True,False,
2,W02-045,Cover 3,2026-09-10,Chip Patterson,False,2026-09-12,Alabama at Kentucky,ML,Kentucky,,+315,Moneyline Sprinkles segment (tier inferred from segment),1,+315,,,,,,,C3_20260910_LOCKS,FG,20260912_ALA_UK,HIGH,PICK,Wants the chaos; Alabama fans furious after a road loss,,,PENDING,,host_pick_ledger_WK02_2026.csv,MOTIVATION,Kentucky,401856674,Alabama,True,FG,ML,,L,-28.0,,,0.01878,285.0,CLOSE_PROXY/DraftKings,True,True,True,,,,,20260926T023919Z,False,False,HOST,True,False,
2,W02-046,Cover 3,2026-09-10,Danny Kanell,False,2026-09-11,Missouri at Kansas,SPREAD,Kansas +3.5,3.5,,lock card (tier inferred from segment),2,3.5,,,,,,"Full-game number was 5.5. He states he does not hate the full game but chose the first half deliberately. | [CONFORM 2026-09-10] side was 'Kansas 1H +3.5'; period token removed (period lives in ext_period, WK01 convention)",C3_20260910_LOCKS,1H,20260911_MIZ_KU,HIGH,PICK,Home dog in a rivalry; expects it close early and worries about Missouri pulling away late,,,PENDING,,host_pick_ledger_WK02_2026.csv,MOTIVATION,Kansas,401856678,Missouri,True,1H,SPREAD,,W,0.0,,,,,,,True,False,,NO_CFBD_MARKET for SPREAD/1H - CFBD publishes full-game spread/total/ML only,,,20260926T023919Z,False,False,HOST,True,False,
2,W02-047,Cover 3,2026-09-10,Danny Kanell,False,2026-09-12,Ohio State at Texas,TOTAL,under 49.5,49.5,,lock card (tier inferred from segment),2,49.5,,,,,,Declined the spread explicitly before taking the total.,C3_20260910_LOCKS,FG,20260912_OSU_TEX,HIGH,PICK,Respects both coordinators; expects offensive lines to struggle early; sees roughly 24-21,,,PENDING,,host_pick_ledger_WK02_2026.csv,SCHEME,,401856682,,,FG,TOTAL,UNDER,W,47.0,,,,,,,True,False,,NO_CLOSING_LINE_IN_FACT_LINES,,,20260926T023919Z,False,False,HOST,True,False,
2,W02-048,Cover 3,2026-09-10,Danny Kanell,False,2026-09-12,Oklahoma at Michigan,SPREAD,Michigan +5.5,5.5,,lock card (tier inferred from segment),2,5.5,,,,,,"CONTRARIAN, with a stated consensus count: he says an AI scrape of 40 college football podcasts found zero picks for Michigan. Opposes BBOC's Calabrese, who took Oklahoma -5.5.",C3_20260910_LOCKS,FG,20260912_OU_MICH,HIGH,PICK,Calls the seven-point look-ahead move a massive overreaction; home dog theme,,,PENDING,,host_pick_ledger_WK02_2026.csv,MARKET,Michigan,401856679,Oklahoma,True,FG,SPREAD,,W,7.0,,,,,,,True,False,,NO_CLOSING_LINE_IN_FACT_LINES,,,20260926T023919Z,False,False,HOST,True,False,
2,W02-049,Cover 3,2026-09-10,Danny Kanell,False,2026-09-12,Oklahoma at Michigan,TOTAL,under 21.5,21.5,,lock card (tier inferred from segment),2,21.5,,,,,,"Chose 1H over full game because he expects Michigan to be game-scripted into pass volume after the break. | [CONFORM 2026-09-10] side was '1H under 21.5'; period token removed (period lives in ext_period, WK01 convention)",C3_20260910_LOCKS,1H,20260912_OU_MICH,HIGH,PICK,Expects a defensive bloodbath early; worries a backup quarterback changes the second half,,,PENDING,,host_pick_ledger_WK02_2026.csv,SCHEME,,401856679,,,1H,TOTAL,UNDER,W,10.0,,,,,,,True,False,,NO_CFBD_MARKET for TOTAL/1H - CFBD publishes full-game spread/total/ML only,,,20260926T023919Z,False,False,HOST,True,False,
2,W02-050,Cover 3,2026-09-10,Danny Kanell,False,2026-09-12,Arizona State at Texas A&M,SPREAD,Arizona State +14.5,14.5,,lock card (tier inferred from segment),2,14.5,,,,,,"Shared with Bud Elliott, who states the analysis is the same. Correlated.",C3_20260910_LOCKS,FG,20260912_ASU_TAMU,HIGH,PICK,Home-dog and same-tier principle; Cutter Boley has been in these environments,,,PENDING,,host_pick_ledger_WK02_2026.csv,BASE_RATE,Arizona State,401856683,Texas A&M,False,FG,SPREAD,,L,-28.0,0.0,0.0,,14.5,CLOSE_PROXY/DraftKings/n_books=3,False,True,True,,,,,20260926T023919Z,False,False,HOST,True,False,
2,W02-051,Cover 3,2026-09-10,Danny Kanell,False,2026-09-12,Arizona at BYU,SPREAD,Arizona +7.5,7.5,,lock card (tier inferred from segment),2,7.5,,,,,,"RESOLVES the number on Bud Elliott's Tuesday Arizona lean, which was spoken as 7 or 7.5. Different picker.",C3_20260910_LOCKS,FG,20260912_ARIZ_BYU,HIGH,PICK,Standing principle: take the dog whenever two same-tier Big 12 teams are more than a touchdown apart,,,PENDING,,host_pick_ledger_WK02_2026.csv,BASE_RATE,Arizona,401856810,BYU,False,FG,SPREAD,,L,-11.0,,,,,,,True,False,,NO_CLOSING_LINE_IN_FACT_LINES,,,20260926T023919Z,False,False,HOST,True,False,
2,W02-052,Cover 3,2026-09-10,Danny Kanell,False,2026-09-12,Tennessee at Georgia Tech,SPREAD,Georgia Tech +12.5,12.5,,lock card (tier inferred from segment),2,12.5,,,,,,OPPOSITE SIDE to Bud Elliott's Tuesday Tennessee lean. Shared with guest Kinsey Brooks. | [AMENDED 2026-09-11] matchup was 'Georgia Tech at Tennessee'; home and away were reversed against the CFBD schedule. Side and number unchanged,C3_20260910_LOCKS,FG,20260912_GT_TENN,HIGH,PICK,Fading three SEC teams in must-win at-large spots; calls the Faizon Brandon reaction overdone,,,PENDING,,host_pick_ledger_WK02_2026.csv,MARKET,Georgia Tech,401856681,Tennessee,True,FG,SPREAD,,L,-21.0,0.0,0.0,,12.5,CLOSE_PROXY/DraftKings/n_books=3,False,True,True,,,,,20260926T023919Z,False,False,HOST,True,False,
2,W02-053,Cover 3,2026-09-10,Danny Kanell,False,2026-09-12,Alabama at Kentucky,SPREAD,Kentucky +10.5,10.5,,lock card (tier inferred from segment),2,10.5,,,,,,"Bud Elliott's Tuesday position on this game was the total, not the side. Different market, not a recurrence.",C3_20260910_LOCKS,FG,20260912_ALA_UK,HIGH,PICK,Home dog; Keelan Russell's first road start in the SEC,,,PENDING,,host_pick_ledger_WK02_2026.csv,ROSTER,Kentucky,401856674,Alabama,True,FG,SPREAD,,L,-28.0,2.0,2.0,,8.5,CLOSE_PROXY/DraftKings/n_books=3,True,True,True,,,,,20260926T023919Z,False,False,HOST,True,False,
2,W02-054,Cover 3,2026-09-10,Danny Kanell,False,2026-09-12,Georgia Southern at Clemson,SPREAD,Georgia Southern +20.5,20.5,,lock card (tier inferred from segment),2,20.5,,,,,,,C3_20260910_LOCKS,FG,20260912_GASO_CLEM,HIGH,PICK,Takes Swinney at his word about the roster; found a headline about Helton not taking Clemson lightly,,,PENDING,,host_pick_ledger_WK02_2026.csv,MOTIVATION,Georgia Southern,401858219,Clemson,False,FG,SPREAD,,W,-15.0,1.0,1.0,,19.5,CLOSE_PROXY/DraftKings/n_books=3,True,True,True,,,,,20260926T023919Z,False,False,HOST,True,False,
2,W02-055,Cover 3,2026-09-10,Danny Kanell,False,2026-09-12,Penn State at Temple,SPREAD,Penn State -23.5,-23.5,,three-star lock (STATED),3,-23.5,,,,,,THREE-STAR. His previous three-star lost. | [AMENDED 2026-09-11] matchup was 'Temple at Penn State'; home and away were reversed against the CFBD schedule. Side and number unchanged,C3_20260910_LOCKS,FG,20260912_TEMPLE_PSU,HIGH,PICK,Temple has quarterback issues and cannot run it against Penn State,,,PENDING,,host_pick_ledger_WK02_2026.csv,ASSERTION,Penn State,401858442,Temple,False,FG,SPREAD,,L,18.0,1.0,1.0,,-24.5,CLOSE_PROXY/DraftKings/n_books=3,True,True,True,,,,,20260926T023919Z,False,False,HOST,True,False,
2,W02-056,Cover 3,2026-09-10,Danny Kanell,False,2026-09-12,Iowa State at Iowa,SPREAD,Iowa -13.5,-13.5,,lock card (tier inferred from segment),2,-13.5,,,,,,LOCK INFINITY - all four hosts. Consensus is priced.,C3_20260910_LOCKS,FG,20260912_ISU_IOWA,HIGH,PICK,On the consensus side with the rest of the panel,,,PENDING,,host_pick_ledger_WK02_2026.csv,MARKET,Iowa,401856788,Iowa State,True,FG,SPREAD,,L,3.0,,,,,,,True,False,,NO_CLOSING_LINE_IN_FACT_LINES,,,20260926T023919Z,False,False,HOST,True,False,
2,W02-057,Cover 3,2026-09-10,Danny Kanell,False,2026-09-12,UNLV at North Texas,ML,North Texas,,+140,Moneyline Sprinkles segment (tier inferred from segment),1,+140,,,,,,DIRECT CROSS-SHOW CONFLICT: BBOC's Calabrese took UNLV -3.5 as a tier-3 Best Bet on this game.,C3_20260910_LOCKS,FG,20260912_UNLV_UNT,HIGH,PICK,Impressed by the North Texas offence against Indiana; back at home,,,PENDING,,host_pick_ledger_WK02_2026.csv,STAT_CITED,North Texas,401862705,UNLV,True,FG,ML,,W,38.0,,,0.02976,124.0,CLOSE_PROXY/DraftKings,True,True,True,,,,,20260926T023919Z,False,False,HOST,True,False,
2,W02-058,Cover 3,2026-09-10,Danny Kanell,False,2026-09-12,Wake Forest at Purdue,ML,Purdue,,+138,Moneyline Sprinkles segment (tier inferred from segment),1,+138,,,,,,CORRELATED with Tom Fornelli's identical sprinkle and his Purdue +3.5 lock.,C3_20260910_LOCKS,FG,20260912_WAKE_PURDUE,HIGH,PICK,"In agreement with Tom Fornelli, who named it first",,,PENDING,,host_pick_ledger_WK02_2026.csv,ASSERTION,Purdue,401858224,Wake Forest,True,FG,ML,,L,-2.0,,,0.02626,124.0,CLOSE_PROXY/DraftKings,True,True,True,,,,,20260926T023919Z,False,False,HOST,True,False,
2,W02-059,Cover 3,2026-09-10,Danny Kanell,False,2026-09-12,Duke at Illinois,ML,Duke,,+186,Moneyline Sprinkles segment (tier inferred from segment),1,+186,,,,,,"OPPOSES Tom Fornelli's Duke-Illinois over on the same game only in spirit, not in market.",C3_20260910_LOCKS,FG,20260912_DUKE_ILL,HIGH,PICK,Wants an ACC win,,,PENDING,,host_pick_ledger_WK02_2026.csv,MOTIVATION,Duke,401858217,Illinois,False,FG,ML,,W,4.0,,,-0.02178,205.0,CLOSE_PROXY/DraftKings,False,True,True,,,,,20260926T023919Z,False,False,HOST,True,False,
2,W02-060,Cover 3,2026-09-10,Danny Kanell,False,2026-09-12,Memphis at Boise State,ML,Memphis,,+285,Moneyline Sprinkles segment (tier inferred from segment),1,+285,,,,,,CORRELATED - three of four hosts on this same sprinkle.,C3_20260910_LOCKS,FG,20260912_MEM_BSU,HIGH,PICK,Group of six play-in game,,,PENDING,,host_pick_ledger_WK02_2026.csv,ASSERTION,Memphis,401860881,Boise State,False,FG,ML,,L,-18.0,,,0.0,285.0,CLOSE_PROXY/DraftKings,False,True,True,,,,,20260926T023919Z,False,False,HOST,True,False,
2,W02-061,Cover 3,2026-09-10,Tom Fornelli,False,2026-09-12,Ohio State at Texas,SPREAD,Ohio State +2,2.0,,lock card (tier inferred from segment),2,1.5,,,,,,"LINE SHOPPED: discussed at +1.5, states he took +2. number_cited is the number taken.",C3_20260910_LOCKS,FG,20260912_OSU_TEX,HIGH,PICK,Trusts the team that has consistently won these games over the one that always comes up short,,,PENDING,,host_pick_ledger_WK02_2026.csv,BASE_RATE,Ohio State,401856682,Texas,False,FG,SPREAD,,W,-1.0,,,,,,,True,False,,NO_CLOSING_LINE_IN_FACT_LINES,,,20260926T023919Z,False,False,HOST,True,False,
2,W02-062,Cover 3,2026-09-10,Tom Fornelli,False,2026-09-12,Iowa State at Iowa,SPREAD,Iowa -13.5,-13.5,,lock card (tier inferred from segment),2,-13.5,,,,,,"LOCK INFINITY - all four hosts, and he named it first. Consensus is priced.",C3_20260910_LOCKS,FG,20260912_ISU_IOWA,HIGH,PICK,Watched Iowa State go three-and-out to open both halves; market has not caught on,,,PENDING,,host_pick_ledger_WK02_2026.csv,CHARTED,Iowa,401856788,Iowa State,True,FG,SPREAD,,L,3.0,,,,,,,True,False,,NO_CLOSING_LINE_IN_FACT_LINES,,,20260926T023919Z,False,False,HOST,True,False,
2,W02-063,Cover 3,2026-09-10,Tom Fornelli,False,2026-09-12,Washington State at Kansas State,SPREAD,Kansas State -17.5,-17.5,,lock card (tier inferred from segment),2,-17.5,,,,,,HEAD-TO-HEAD with Bud Elliott at +18.,C3_20260910_LOCKS,FG,20260912_WSU_KSU,HIGH,PICK,Does not think Washington State is good; Kansas State's offence does not need to be great,,,PENDING,,host_pick_ledger_WK02_2026.csv,ASSERTION,Kansas State,401856781,Washington State,True,FG,SPREAD,,W,27.0,0.0,0.0,,-17.5,CLOSE_PROXY/DraftKings/n_books=3,False,True,True,,,,,20260926T023919Z,False,False,HOST,True,False,
2,W02-064,Cover 3,2026-09-10,Tom Fornelli,False,2026-09-12,Southern Miss at Auburn,TEAM_TOTAL,Auburn over 44.5,44.5,,three-star lock (STATED),3,44.5,,,,,,"THREE-STAR. TEAM_TOTAL never yields CLV, so his three-star of the week is structurally ungradeable for CLV. Worth noting.",C3_20260910_LOCKS,FG,20260912_USM_AUB,HIGH,PICK,First home game after an ugly win; Southern Miss has the least returning production in the country,,,PENDING,,host_pick_ledger_WK02_2026.csv,ROSTER,Auburn,401856671,Southern Miss,True,FG,TEAM_TOTAL,OVER,L,43.0,,,,,,,True,False,,NO_CFBD_MARKET for TEAM_TOTAL/FG - CFBD publishes full-game spread/total/ML only,,,20260926T023919Z,False,False,HOST,True,False,
2,W02-065,Cover 3,2026-09-10,Tom Fornelli,False,2026-09-12,Oklahoma at Michigan,TOTAL,under 43.5,43.5,,lock card (tier inferred from segment),2,43.5,,,,,,Called it the basic play. Bud Elliott declined this game outright.,C3_20260910_LOCKS,FG,20260912_OU_MICH,HIGH,PICK,Both defences can force the other quarterback to beat them from the pocket,,,PENDING,,host_pick_ledger_WK02_2026.csv,SCHEME,,401856679,,,FG,TOTAL,UNDER,W,27.0,,,,,,,True,False,,NO_CLOSING_LINE_IN_FACT_LINES,,,20260926T023919Z,False,False,HOST,True,False,
2,W02-066,Cover 3,2026-09-10,Tom Fornelli,False,2026-09-12,Rice at Notre Dame,TEAM_TOTAL,Notre Dame over 48.5,48.5,,lock card (tier inferred from segment),2,48.5,,,,,,"SAME GAME as Chip Patterson's Rice +44.5, acknowledged on air as nearly a fight. Both need Rice to score; the tension is possession count.",C3_20260910_LOCKS,FG,20260912_RICE_ND,HIGH,PICK,Notre Dame's schedule forces it to leave no doubt and run up scores when it can,,,PENDING,,host_pick_ledger_WK02_2026.csv,SCHEME,Notre Dame,401859184,Rice,True,FG,TEAM_TOTAL,OVER,W,52.0,,,,,,,True,False,,NO_CFBD_MARKET for TEAM_TOTAL/FG - CFBD publishes full-game spread/total/ML only,,,20260926T023919Z,False,False,HOST,True,False,
2,W02-067,Cover 3,2026-09-10,Tom Fornelli,False,2026-09-12,Memphis at Boise State,TOTAL,under 55,55.0,,lock card (tier inferred from segment),2,55,,,,,,RECURRENCE: this is the one Tuesday position carried onto the Thursday card by the same picker in the same market. Tuesday it had no number.,C3_20260910_LOCKS,FG,20260912_MEM_BSU,HIGH,PICK,The two best units in the game are the defensive lines,,,PENDING,,host_pick_ledger_WK02_2026.csv,SCHEME,,401860881,,,FG,TOTAL,UNDER,L,58.0,0.5,0.5,,54.5,CLOSE_PROXY/DraftKings/n_books=3,True,True,True,,,,,20260926T023919Z,False,False,HOST,True,False,
2,W02-068,Cover 3,2026-09-10,Tom Fornelli,False,2026-09-12,Duke at Illinois,TOTAL,over 51.5,51.5,,lock card (tier inferred from segment),2,51.5,,,,,,Home/away not stated - resolve in Pass B.,C3_20260910_LOCKS,FG,20260912_DUKE_ILL,HIGH,PICK,Illinois could not stop the run against UAB and he expects that all year,,,PENDING,,host_pick_ledger_WK02_2026.csv,STAT_CITED,,401858217,,,FG,TOTAL,OVER,W,58.0,0.0,0.0,,51.5,CLOSE_PROXY/DraftKings/n_books=3,False,True,True,,,,,20260926T023919Z,False,False,HOST,True,False,
2,W02-069,Cover 3,2026-09-10,Tom Fornelli,False,2026-09-12,Wake Forest at Purdue,SPREAD,Purdue +3.5,3.5,,lock card (tier inferred from segment),2,3.5,,,,,,,C3_20260910_LOCKS,FG,20260912_WAKE_PURDUE,HIGH,PICK,Purdue looked far more in sync than in years; will not trust Wake Forest as a road favourite,,,PENDING,,host_pick_ledger_WK02_2026.csv,ASSERTION,Purdue,401858224,Wake Forest,True,FG,SPREAD,,W,-2.0,0.5,0.5,,3.0,CLOSE_PROXY/DraftKings/n_books=3,True,True,True,,,,,20260926T023919Z,False,False,HOST,True,False,
2,W02-070,Cover 3,2026-09-10,Tom Fornelli,False,2026-09-12,Wofford at Kent State,SPREAD,Wofford +13.5,13.5,,lock card (tier inferred from segment),2,13.5,,,,,,Home/away not stated - resolve in Pass B.,C3_20260910_LOCKS,FG,20260912_WOF_KENT,HIGH,PICK,Not ready to trust Kent State as a favourite,,,PENDING,,host_pick_ledger_WK02_2026.csv,ASSERTION,Wofford,401866416,Kent State,False,FG,SPREAD,,L,-21.0,3.5,3.5,,10.0,CLOSE_PROXY/DraftKings/n_books=3,True,True,True,,,,,20260926T023919Z,False,False,HOST,True,False,
2,W02-071,Cover 3,2026-09-10,Tom Fornelli,False,2026-09-12,Wake Forest at Purdue,ML,Purdue,,+138,Moneyline Sprinkles segment (tier inferred from segment),1,+138,,,,,,CORRELATED with his own Purdue +3.5 lock. He explains the correlation on air as intentional.,C3_20260910_LOCKS,FG,20260912_WAKE_PURDUE,HIGH,PICK,States a deliberate change of process: he now sprinkles the small dogs he already took on the spread,,,PENDING,,host_pick_ledger_WK02_2026.csv,ASSERTION,Purdue,401858224,Wake Forest,True,FG,ML,,L,-2.0,,,0.02626,124.0,CLOSE_PROXY/DraftKings,True,True,True,,,,,20260926T023919Z,False,False,HOST,True,False,
2,W02-072,Cover 3,2026-09-10,Tom Fornelli,False,2026-09-12,Wofford at Kent State,ML,Wofford,,+450,Moneyline Sprinkles segment (tier inferred from segment),1,+450,,,,,,CORRELATED with his own Wofford +13.5 lock.,C3_20260910_LOCKS,FG,20260912_WOF_KENT,HIGH,PICK,Same dog he took on the spread,,,PENDING,,host_pick_ledger_WK02_2026.csv,ASSERTION,Wofford,401866416,Kent State,False,FG,ML,,L,-21.0,,,0.0404,350.0,CLOSE_PROXY/DraftKings,True,True,True,,,,,20260926T023919Z,False,False,HOST,True,False,
2,W02-073,Cover 3,2026-09-10,Tom Fornelli,False,2026-09-12,North Dakota State at Air Force,ML,Air Force,,+112,Moneyline Sprinkles segment (tier inferred from segment),1,+112,,,,,,,C3_20260910_LOCKS,FG,20260912_NDSU_AF,HIGH,PICK,Respecting the service academy against a new FBS program,,,PENDING,,host_pick_ledger_WK02_2026.csv,BASE_RATE,Air Force,401864502,North Dakota State,True,FG,ML,,L,-6.0,,,0.01611,105.0,CLOSE_PROXY/DraftKings,True,True,True,,,,,20260926T023919Z,False,False,HOST,True,False,
2,W02-074,Cover 3,2026-09-10,Producer (Taft/Stryker),False,2026-09-12,Iowa State at Iowa,TOTAL,under 40,40.0,,producer pick (tier inferred),2,40,,,,,,Producers were 1-0 in Week 1. n is far too small to characterise.,C3_20260910_LOCKS,FG,20260912_ISU_IOWA,HIGH,PICK,Rivalry is effectively a service academy bowl; 17-3 in the last 20 meetings; cited a most-unders-under-40 table,,,PENDING,,host_pick_ledger_WK02_2026.csv,BASE_RATE,,401856788,,,FG,TOTAL,UNDER,W,29.0,,,,,,,True,False,,NO_CLOSING_LINE_IN_FACT_LINES,,,20260926T023919Z,False,False,PRODUCER,False,False,
2,W02-075,Cover 3,2026-09-10,The Dentist,False,2026-09-12,Mississippi State at Minnesota,SPREAD,Mississippi State -1.5,-1.5,,dental hygiene lock (tier inferred),2,-1.5,,,,,,"LINE MOVE CITED: opened Minnesota -2.5, now Mississippi State -1.5, a four-point flip. OPPOSES Bud Elliott's Minnesota 1H +0.5.",C3_20260910_LOCKS,FG,20260912_MSST_MINN,HIGH,PICK,Line opened Minnesota -2.5 and flipped; Taylor impressed and the program is desperate for wins,,,PENDING,,host_pick_ledger_WK02_2026.csv,MARKET,Mississippi State,401856677,Minnesota,False,FG,SPREAD,,W,25.0,-3.0,-3.0,,1.5,CLOSE_PROXY/DraftKings/n_books=3,False,True,True,,,,,20260926T023919Z,False,False,UNRESOLVED,False,False,
2,W02-076,Cover 3,2026-09-10,The Dentist,False,2026-09-12,Charlotte at Ole Miss,TOTAL,under 61.5,61.5,,dental hygiene lock (tier inferred),2,61.5,,,,,,Explicitly compatible with the first-half overs on the same game - he states he needs 31-35 by half. Declined Charlotte +47.5 as tempting. Cites Lacey and right tackle absences.,C3_20260910_LOCKS,FG,20260912_CHAR_MISS,HIGH,PICK,Expects Ole Miss to bank it early then coast with backups toward the LSU showdown,,,PENDING,,host_pick_ledger_WK02_2026.csv,ROSTER,,401856676,,,FG,TOTAL,UNDER,W,50.0,2.0,2.0,,59.5,CLOSE_PROXY/DraftKings/n_books=3,True,True,True,,,,,20260926T023919Z,False,False,UNRESOLVED,False,False,
2,W02-077,Cover 3,2026-09-10,Kinsey Brooks,True,2026-09-11,Missouri at Kansas,SPREAD,Kansas +5.5,5.5,,club kids guest pick (tier inferred),2,5.5,,,,,,Guest. Same number as the Tuesday show-level lean W02-007. Declined a Missouri team total under 27.5 that she named.,C3_20260910_LOCKS,FG,20260911_MIZ_KU,HIGH,PICK,Kansas was eight points better at home last year; Missouri returns no production on defence,,,PENDING,,host_pick_ledger_WK02_2026.csv,STAT_CITED,Kansas,401856678,Missouri,True,FG,SPREAD,,L,-17.0,,,,,,,True,False,,NO_CLOSING_LINE_IN_FACT_LINES,,,20260926T023919Z,False,True,GUEST,False,False,
2,W02-078,Cover 3,2026-09-10,Kinsey Brooks,True,2026-09-12,Tennessee at Georgia Tech,SPREAD,Georgia Tech +12.5,12.5,,club kids guest pick (tier inferred),2,12.5,,,,,,"Guest, granted a second pick on air. Shared with Danny Kanell. | [AMENDED 2026-09-11] matchup was 'Georgia Tech at Tennessee'; home and away were reversed against the CFBD schedule. Side and number unchanged",C3_20260910_LOCKS,FG,20260912_GT_TENN,HIGH,PICK,Overreaction to the Faizon Brandon performance; Georgia Tech will bounce back,,,PENDING,,host_pick_ledger_WK02_2026.csv,MARKET,Georgia Tech,401856681,Tennessee,True,FG,SPREAD,,L,-21.0,0.0,0.0,,12.5,CLOSE_PROXY/DraftKings/n_books=3,False,True,True,,,,,20260926T023919Z,False,True,GUEST,False,False,
2,W02-079,Pick Em,2026-09-09,Rico Bosco,False,2026-09-11,Missouri at Kansas,SPREAD,Missouri -5.5,-5.5,,card read in the card segment (first card),2,,,,,,,addressed by name to start the cards,PICKEM_20260909_WK2,FG,20260911_MIZ_KU,HIGH,PICK,None offered,,,PENDING,,host_pick_ledger_WK02_2026.csv,NONE,Missouri,401856678,Kansas,False,FG,SPREAD,,W,17.0,,,,,,,True,False,,NO_CLOSING_LINE_IN_FACT_LINES,,,20260926T023919Z,False,False,HOST,True,False,
2,W02-080,Pick Em,2026-09-09,Rico Bosco,False,2026-09-12,Arizona State at Texas A&M,SPREAD,Arizona State +14.5,14.5,,card read in the card segment (first card),2,,,,,,,addressed by name to start the cards,PICKEM_20260909_WK2,FG,20260912_ASU_TAM,HIGH,PICK,None offered,,,PENDING,,host_pick_ledger_WK02_2026.csv,NONE,Arizona State,401856683,Texas A&M,False,FG,SPREAD,,L,-28.0,0.0,,,14.5,CLOSE_PROXY/DraftKings/n_books=3,False,True,True,,,,,20260926T023919Z,False,False,HOST,True,False,
2,W02-081,Pick Em,2026-09-09,Rico Bosco,False,2026-09-12,Oregon at Oklahoma State,SPREAD,Oregon -22.5,-22.5,,card read in the card segment (first card),2,,,,,,,addressed by name to start the cards,PICKEM_20260909_WK2,FG,20260912_ORE_OKST,HIGH,PICK,Oregon rebounds in a get-right spot against a bad Oklahoma State team; the Week 1,,,PENDING,,host_pick_ledger_WK02_2026.csv,ASSERTION,Oregon,401856782,Oklahoma State,False,FG,SPREAD,,L,-8.0,1.0,,,-23.5,CLOSE_PROXY/DraftKings/n_books=3,True,True,True,,,,,20260926T023919Z,False,False,HOST,True,False,
2,W02-082,Pick Em,2026-09-09,Rico Bosco,False,2026-09-12,Wake Forest at Purdue,SPREAD,Wake Forest -3,-3.0,,card read in the card segment (first card),2,,,,,,,addressed by name to start the cards,PICKEM_20260909_WK2,FG,20260912_WAKE_PUR,HIGH,PICK,None offered,,,PENDING,,host_pick_ledger_WK02_2026.csv,NONE,Wake Forest,401858224,Purdue,False,FG,SPREAD,,L,2.0,0.0,,,-3.0,CLOSE_PROXY/DraftKings/n_books=3,False,True,True,,,,,20260926T023919Z,False,False,HOST,True,False,
2,W02-083,Pick Em,2026-09-09,Rico Bosco,False,2026-09-12,Mississippi State at Minnesota,SPREAD,Minnesota +1.5,1.5,,card read in the card segment (first card),2,,,,,,,"addressed by name to start the cards | ASR renders the number as 'plus 1 and 1.5'; read as +1.5, which matches the DraftKings CURRENT home line",PICKEM_20260909_WK2,FG,20260912_MSST_MINN,HIGH,PICK,None offered,,,PENDING,,host_pick_ledger_WK02_2026.csv,NONE,Minnesota,401856677,Mississippi State,True,FG,SPREAD,,L,-25.0,3.0,,,-1.5,CLOSE_PROXY/DraftKings/n_books=3,True,True,True,,,,,20260926T023919Z,False,False,HOST,True,False,
2,W02-084,Pick Em,2026-09-09,Rico Bosco,False,2026-09-12,Arizona at BYU,TOTAL,over 47.5,47.5,,card read in the card segment (first card),2,,,,,,,addressed by name to start the cards | Number is the 47.5 quoted in the preview segment; CFBD CURRENT is 50.5,PICKEM_20260909_WK2,FG,20260912_ARIZ_BYU,HIGH,PICK,None offered on the card; in the preview he said he likes the over,,,PENDING,,host_pick_ledger_WK02_2026.csv,NONE,,401856810,,,FG,TOTAL,OVER,L,45.0,,,,,,,True,False,,NO_CLOSING_LINE_IN_FACT_LINES,,,20260926T023919Z,False,False,HOST,True,False,
2,W02-085,Pick Em,2026-09-09,Rico Bosco,False,2026-09-12,Delaware at Vanderbilt,SPREAD,Vanderbilt -20.5,-20.5,,card read in the card segment (first card),2,,,,,,,addressed by name to start the cards,PICKEM_20260909_WK2,FG,20260912_DEL_VAN,HIGH,PICK,None offered,,,PENDING,,host_pick_ledger_WK02_2026.csv,NONE,Vanderbilt,401856684,Delaware,True,FG,SPREAD,,L,9.0,0.0,,,-20.5,CLOSE_PROXY/DraftKings/n_books=3,False,True,True,,,,,20260926T023919Z,False,False,HOST,True,False,
2,W02-086,Pick Em,2026-09-09,Rico Bosco,False,2026-09-12,Memphis at Boise State,TOTAL,over 54.5,54.5,,card read in the card segment (first card),2,,,,,,,addressed by name to start the cards,PICKEM_20260909_WK2,FG,20260912_MEM_BOIS,HIGH,PICK,Calls Memphis-Boise a sneaky really good game,,,PENDING,,host_pick_ledger_WK02_2026.csv,ASSERTION,,401860881,,,FG,TOTAL,OVER,W,58.0,0.0,,,54.5,CLOSE_PROXY/DraftKings/n_books=3,False,True,True,,,,,20260926T023919Z,False,False,HOST,True,False,
2,W02-087,Pick Em,2026-09-09,Rico Bosco,False,2026-09-12,Sacramento State at Fresno State,SPREAD,Fresno State -18.5,-18.5,,card read in the card segment (first card),2,,,,,,,addressed by name to start the cards,PICKEM_20260909_WK2,FG,20260912_SAC_FRES,HIGH,PICK,None offered,,,PENDING,,host_pick_ledger_WK02_2026.csv,NONE,Fresno State,401860883,Sacramento State,True,FG,SPREAD,,W,46.0,-1.0,,,-17.5,CLOSE_PROXY/DraftKings/n_books=3,False,True,True,,,,,20260926T023919Z,False,False,HOST,True,False,
2,W02-088,Pick Em,2026-09-09,Rico Bosco,False,2026-09-12,Utah State at Washington,SPREAD,Washington -26.5,-26.5,,bronze (his new bronze/silver/gold tier system),2,,,,,,,addressed by name to start the cards | Bronze of his announced bronze-silver-gold medals; gold is to be the best bet of the week and was not named. Tier kept at 2,PICKEM_20260909_WK2,FG,20260912_USU_WASH,HIGH,PICK,None offered,,,PENDING,,host_pick_ledger_WK02_2026.csv,NONE,Washington,401858446,Utah State,True,FG,SPREAD,,L,2.0,2.0,,,-28.5,CLOSE_PROXY/DraftKings/n_books=3,True,True,True,,,,,20260926T023919Z,False,False,HOST,True,False,
2,W02-089,Pick Em,2026-09-09,Rico Bosco,False,2026-09-12,Navy at Florida Atlantic,SPREAD,Navy -4.5,-4.5,,silver (his new bronze/silver/gold tier system),3,,,,,,,"addressed by name to start the cards | Silver medal. Cited -4.5 against a CFBD CURRENT of -5.5: a stale or early number, logged as spoken",PICKEM_20260909_WK2,FG,20260912_NAVY_FAU,HIGH,PICK,None offered,,,PENDING,,host_pick_ledger_WK02_2026.csv,NONE,Navy,401862703,Florida Atlantic,False,FG,SPREAD,,L,-8.0,-0.5,,,-4.0,CLOSE_PROXY/DraftKings/n_books=3,False,True,True,,,,,20260926T023919Z,False,False,HOST,True,False,
2,W02-091,Pick Em,2026-09-09,Big Cat,False,2026-09-12,Eastern Michigan at Michigan State,SPREAD,Michigan State -17,-17.0,,card read in the card segment (second card),2,,,,,,,"second card of three. Not named on air. [INF] probably Dan 'Big Cat' Katz: the reader is the moderator who gave the records, addresses Dave by name, says he is opposite Bosco on Kansas, and had already said BC was on his card. No Big Cat entity exists, so it is logged to the Unnamed Picker per the Week 1 convention | [AMENDED 2026-09-11] re-attributed from Unnamed Picker (Pick Em) to Big Cat on Alex's confirmation",PICKEM_20260909_WK2,FG,20260912_EMU_MSU,HIGH,PICK,None offered,,,PENDING,,host_pick_ledger_WK02_2026.csv,NONE,Michigan State,401858440,Eastern Michigan,True,FG,SPREAD,,W,28.0,0.5,,,-17.5,CLOSE_PROXY/DraftKings/n_books=3,True,True,True,,,,,20260926T023919Z,False,False,HOST,True,False,
2,W02-092,Pick Em,2026-09-09,Big Cat,False,2026-09-12,Arkansas at Utah,SPREAD,Utah -12.5,-12.5,,card read in the card segment (second card),2,,,,,,,"second card of three. Not named on air. [INF] probably Dan 'Big Cat' Katz: the reader is the moderator who gave the records, addresses Dave by name, says he is opposite Bosco on Kansas, and had already said BC was on his card. No Big Cat entity exists, so it is logged to the Unnamed Picker per the Week 1 convention | ASR renders the team as 'you taught'; Utah is the only Week 2 home team against Arkansas | [AMENDED 2026-09-11] re-attributed from Unnamed Picker (Pick Em) to Big Cat on Alex's confirmation",PICKEM_20260909_WK2,FG,20260912_ARK_UTAH,HIGH,PICK,None offered,,,PENDING,,host_pick_ledger_WK02_2026.csv,NONE,Utah,401856670,Arkansas,True,FG,SPREAD,,W,33.0,0.0,,,-12.5,CLOSE_PROXY/DraftKings/n_books=3,False,True,True,,,,,20260926T023919Z,False,False,HOST,True,False,
2,W02-093,Pick Em,2026-09-09,Big Cat,False,2026-09-12,Memphis at Boise State,SPREAD,Memphis +8.5,8.5,,card read in the card segment (second card),2,,,,,,,"second card of three. Not named on air. [INF] probably Dan 'Big Cat' Katz: the reader is the moderator who gave the records, addresses Dave by name, says he is opposite Bosco on Kansas, and had already said BC was on his card. No Big Cat entity exists, so it is logged to the Unnamed Picker per the Week 1 convention | [AMENDED 2026-09-11] re-attributed from Unnamed Picker (Pick Em) to Big Cat on Alex's confirmation",PICKEM_20260909_WK2,FG,20260912_MEM_BOIS,HIGH,PICK,None offered,,,PENDING,,host_pick_ledger_WK02_2026.csv,NONE,Memphis,401860881,Boise State,False,FG,SPREAD,,L,-18.0,-1.0,,,9.5,CLOSE_PROXY/DraftKings/n_books=3,False,True,True,,,,,20260926T023919Z,False,False,HOST,True,False,
2,W02-094,Pick Em,2026-09-09,Big Cat,False,2026-09-12,Bowling Green at Nebraska,SPREAD,Nebraska -28.5,-28.5,,card read in the card segment (second card),2,,,,,,,"second card of three. Not named on air. [INF] probably Dan 'Big Cat' Katz: the reader is the moderator who gave the records, addresses Dave by name, says he is opposite Bosco on Kansas, and had already said BC was on his card. No Big Cat entity exists, so it is logged to the Unnamed Picker per the Week 1 convention | [AMENDED 2026-09-11] re-attributed from Unnamed Picker (Pick Em) to Big Cat on Alex's confirmation",PICKEM_20260909_WK2,FG,20260912_BGSU_NEB,HIGH,PICK,None offered,,,PENDING,,host_pick_ledger_WK02_2026.csv,NONE,Nebraska,401858441,Bowling Green,True,FG,SPREAD,,W,49.0,2.0,,,-30.5,CLOSE_PROXY/DraftKings/n_books=3,True,True,True,,,,,20260926T023919Z,False,False,HOST,True,False,
2,W02-095,Pick Em,2026-09-09,Big Cat,False,2026-09-12,Oregon at Oklahoma State,SPREAD,Oregon -22.5,-22.5,,card read in the card segment (second card),2,,,,,,,"second card of three. Not named on air. [INF] probably Dan 'Big Cat' Katz: the reader is the moderator who gave the records, addresses Dave by name, says he is opposite Bosco on Kansas, and had already said BC was on his card. No Big Cat entity exists, so it is logged to the Unnamed Picker per the Week 1 convention | [AMENDED 2026-09-11] re-attributed from Unnamed Picker (Pick Em) to Big Cat on Alex's confirmation",PICKEM_20260909_WK2,FG,20260912_ORE_OKST,HIGH,PICK,None offered,,,PENDING,,host_pick_ledger_WK02_2026.csv,NONE,Oregon,401856782,Oklahoma State,False,FG,SPREAD,,L,-8.0,1.0,,,-23.5,CLOSE_PROXY/DraftKings/n_books=3,True,True,True,,,,,20260926T023919Z,False,False,HOST,True,False,
2,W02-096,Pick Em,2026-09-09,Big Cat,False,2026-09-12,Tulsa at Sam Houston State,SPREAD,Tulsa -14,-14.0,,card read in the card segment (second card),2,,,,,,,"second card of three. Not named on air. [INF] probably Dan 'Big Cat' Katz: the reader is the moderator who gave the records, addresses Dave by name, says he is opposite Bosco on Kansas, and had already said BC was on his card. No Big Cat entity exists, so it is logged to the Unnamed Picker per the Week 1 convention | Cited -14 against a CFBD CURRENT of -13.5 | [AMENDED 2026-09-11] re-attributed from Unnamed Picker (Pick Em) to Big Cat on Alex's confirmation",PICKEM_20260909_WK2,FG,20260912_TLSA_SHSU,HIGH,PICK,None offered,,,PENDING,,host_pick_ledger_WK02_2026.csv,NONE,Tulsa,401862707,Sam Houston,False,FG,SPREAD,,L,6.0,-1.5,,,-12.5,CLOSE_PROXY/DraftKings/n_books=3,False,True,True,,,,,20260926T023919Z,False,False,HOST,True,False,
2,W02-097,Pick Em,2026-09-09,Big Cat,False,2026-09-12,Old Dominion at Virginia Tech,SPREAD,Virginia Tech -19.5,-19.5,,card read in the card segment (second card),2,,,,,,,"second card of three. Not named on air. [INF] probably Dan 'Big Cat' Katz: the reader is the moderator who gave the records, addresses Dave by name, says he is opposite Bosco on Kansas, and had already said BC was on his card. No Big Cat entity exists, so it is logged to the Unnamed Picker per the Week 1 convention | Cited -19.5 against a CFBD CURRENT of -18.5 | [AMENDED 2026-09-11] re-attributed from Unnamed Picker (Pick Em) to Big Cat on Alex's confirmation",PICKEM_20260909_WK2,FG,20260912_ODU_VT,HIGH,PICK,None offered,,,PENDING,,host_pick_ledger_WK02_2026.csv,NONE,Virginia Tech,401858221,Old Dominion,True,FG,SPREAD,,W,23.0,-2.0,,,-17.5,CLOSE_PROXY/DraftKings/n_books=3,False,True,True,,,,,20260926T023919Z,False,False,HOST,True,False,
2,W02-098,Pick Em,2026-09-09,Big Cat,False,2026-09-12,Maryland at UConn,SPREAD,UConn +12.5,12.5,,card read in the card segment (second card),2,,,,,,,"second card of three. Not named on air. [INF] probably Dan 'Big Cat' Katz: the reader is the moderator who gave the records, addresses Dave by name, says he is opposite Bosco on Kansas, and had already said BC was on his card. No Big Cat entity exists, so it is logged to the Unnamed Picker per the Week 1 convention | ASR renders UConn as 'Yukon' | [AMENDED 2026-09-11] re-attributed from Unnamed Picker (Pick Em) to Big Cat on Alex's confirmation",PICKEM_20260909_WK2,FG,20260912_MD_CONN,HIGH,PICK,None offered,,,PENDING,,host_pick_ledger_WK02_2026.csv,NONE,UConn,401858444,Maryland,True,FG,SPREAD,,L,-24.0,1.0,,,11.5,CLOSE_PROXY/DraftKings/n_books=3,True,True,True,,,,,20260926T023919Z,False,False,HOST,True,False,
2,W02-099,Pick Em,2026-09-09,Big Cat,False,2026-09-11,Missouri at Kansas,SPREAD,Kansas +5.5,5.5,,card read in the card segment (second card),2,,,,,,,"second card of three. Not named on air. [INF] probably Dan 'Big Cat' Katz: the reader is the moderator who gave the records, addresses Dave by name, says he is opposite Bosco on Kansas, and had already said BC was on his card. No Big Cat entity exists, so it is logged to the Unnamed Picker per the Week 1 convention | States he is opposite Bosco on this game | [AMENDED 2026-09-11] re-attributed from Unnamed Picker (Pick Em) to Big Cat on Alex's confirmation",PICKEM_20260909_WK2,FG,20260911_MIZ_KU,HIGH,PICK,None offered beyond fading Bosco,,,PENDING,,host_pick_ledger_WK02_2026.csv,NONE,Kansas,401856678,Missouri,True,FG,SPREAD,,L,-17.0,,,,,,,True,False,,NO_CLOSING_LINE_IN_FACT_LINES,,,20260926T023919Z,False,False,HOST,True,False,
2,W02-100,Pick Em,2026-09-09,Big Cat,False,2026-09-12,Tennessee at Georgia Tech,SPREAD,Georgia Tech +12.5,12.5,,card read in the card segment (second card),2,,,,,,,"second card of three. Not named on air. [INF] probably Dan 'Big Cat' Katz: the reader is the moderator who gave the records, addresses Dave by name, says he is opposite Bosco on Kansas, and had already said BC was on his card. No Big Cat entity exists, so it is logged to the Unnamed Picker per the Week 1 convention | [AMENDED 2026-09-11] re-attributed from Unnamed Picker (Pick Em) to Big Cat on Alex's confirmation",PICKEM_20260909_WK2,FG,20260912_TENN_GT,HIGH,PICK,"Georgia Tech lost to Colorado as a touchdown favourite on national TV, so everyone will",,,PENDING,,host_pick_ledger_WK02_2026.csv,ASSERTION,Georgia Tech,401856681,Tennessee,True,FG,SPREAD,,L,-21.0,0.0,,,12.5,CLOSE_PROXY/DraftKings/n_books=3,False,True,True,,,,,20260926T023919Z,False,False,HOST,True,False,
2,W02-101,Pick Em,2026-09-09,Big Cat,False,2026-09-12,Penn State at Temple,SPREAD,Penn State -23.5,-23.5,,card read in the card segment (second card),2,,,,,,,"second card of three. Not named on air. [INF] probably Dan 'Big Cat' Katz: the reader is the moderator who gave the records, addresses Dave by name, says he is opposite Bosco on Kansas, and had already said BC was on his card. No Big Cat entity exists, so it is logged to the Unnamed Picker per the Week 1 convention | [AMENDED 2026-09-11] re-attributed from Unnamed Picker (Pick Em) to Big Cat on Alex's confirmation",PICKEM_20260909_WK2,FG,20260912_PSU_TEM,HIGH,PICK,None offered,,,PENDING,,host_pick_ledger_WK02_2026.csv,NONE,Penn State,401858442,Temple,False,FG,SPREAD,,L,18.0,1.0,,,-24.5,CLOSE_PROXY/DraftKings/n_books=3,True,True,True,,,,,20260926T023919Z,False,False,HOST,True,False,
2,W02-102,Pick Em,2026-09-09,Big Cat,False,2026-09-12,California at Syracuse,SPREAD,Syracuse -3,-3.0,,card read in the card segment (second card),2,,,,,,,"second card of three. Not named on air. [INF] probably Dan 'Big Cat' Katz: the reader is the moderator who gave the records, addresses Dave by name, says he is opposite Bosco on Kansas, and had already said BC was on his card. No Big Cat entity exists, so it is logged to the Unnamed Picker per the Week 1 convention | [AMENDED 2026-09-11] re-attributed from Unnamed Picker (Pick Em) to Big Cat on Alex's confirmation",PICKEM_20260909_WK2,FG,20260912_CAL_SYR,HIGH,PICK,Cal travels coast to coast off a late-night game,,,PENDING,,host_pick_ledger_WK02_2026.csv,ASSERTION,Syracuse,401858216,California,True,FG,SPREAD,,L,-3.0,0.5,,,-3.5,CLOSE_PROXY/DraftKings/n_books=3,True,True,True,,,,,20260926T023919Z,False,False,HOST,True,False,
2,W02-103,Pick Em,2026-09-09,Big Cat,False,2026-09-11,Rutgers at Boston College,SPREAD,Boston College -3,-3.0,,card read in the card segment (second card),2,,,,,,,"second card of three. Not named on air. [INF] probably Dan 'Big Cat' Katz: the reader is the moderator who gave the records, addresses Dave by name, says he is opposite Bosco on Kansas, and had already said BC was on his card. No Big Cat entity exists, so it is logged to the Unnamed Picker per the Week 1 convention | Market is -3.5 at CFBD CURRENT; the table argued 3 versus 3.5 on air | [AMENDED 2026-09-11] re-attributed from Unnamed Picker (Pick Em) to Big Cat on Alex's confirmation",PICKEM_20260909_WK2,FG,20260911_RUTG_BC,HIGH,PICK,BC turned it over three times in the red zone last week; red bandana game,,,PENDING,,host_pick_ledger_WK02_2026.csv,ASSERTION,Boston College,401858214,Rutgers,True,FG,SPREAD,,W,7.0,0.0,,,-3.0,CLOSE_PROXY/DraftKings/n_books=3,False,True,True,,,,,20260926T023919Z,False,False,HOST,True,False,
2,W02-104,Pick Em,2026-09-09,Dave Portnoy,False,2026-09-11,Rutgers at Boston College,SPREAD,Boston College -3.5,-3.5,,card read in the card segment (third card),2,,,,,,,"third card of three. Not named on air. [INF] Dave Portnoy by elimination: Rico read the first card by name, the second reader addresses Dave, and Dave's own mortal exchange confirms UConn +12.5 is on his card | Said 3.5, then the table disputed 3 versus 3.5; logged as he said it | [AMENDED 2026-09-11] attribution confirmed by Alex; MEDIUM raised to HIGH",PICKEM_20260909_WK2,FG,20260911_RUTG_BC,HIGH,PICK,None offered,,,PENDING,,host_pick_ledger_WK02_2026.csv,NONE,Boston College,401858214,Rutgers,True,FG,SPREAD,,W,7.0,-0.5,,,-3.0,CLOSE_PROXY/DraftKings/n_books=3,False,True,True,,,,,20260926T023919Z,False,False,HOST,True,False,
2,W02-105,Pick Em,2026-09-09,Dave Portnoy,False,2026-09-12,Arizona State at Texas A&M,SPREAD,Arizona State +14.5,14.5,,card read in the card segment (third card),2,,,,,,,"third card of three. Not named on air. [INF] Dave Portnoy by elimination: Rico read the first card by name, the second reader addresses Dave, and Dave's own mortal exchange confirms UConn +12.5 is on his card | [AMENDED 2026-09-11] attribution confirmed by Alex; MEDIUM raised to HIGH",PICKEM_20260909_WK2,FG,20260912_ASU_TAM,HIGH,PICK,He is a Dillingham guy,,,PENDING,,host_pick_ledger_WK02_2026.csv,ASSERTION,Arizona State,401856683,Texas A&M,False,FG,SPREAD,,L,-28.0,0.0,,,14.5,CLOSE_PROXY/DraftKings/n_books=3,False,True,True,,,,,20260926T023919Z,False,False,HOST,True,False,
2,W02-106,Pick Em,2026-09-09,Dave Portnoy,False,2026-09-12,Oregon at Oklahoma State,SPREAD,Oregon -22.5,-22.5,,card read in the card segment (third card),2,,,,,,,"third card of three. Not named on air. [INF] Dave Portnoy by elimination: Rico read the first card by name, the second reader addresses Dave, and Dave's own mortal exchange confirms UConn +12.5 is on his card | [INF] 'I have Oregon 22 and a half Oak State over 57 and a half' is read as two positions: the side and the total | [AMENDED 2026-09-11] attribution confirmed by Alex; MEDIUM raised to HIGH",PICKEM_20260909_WK2,FG,20260912_ORE_OKST,HIGH,PICK,None offered,,,PENDING,,host_pick_ledger_WK02_2026.csv,NONE,Oregon,401856782,Oklahoma State,False,FG,SPREAD,,L,-8.0,1.0,,,-23.5,CLOSE_PROXY/DraftKings/n_books=3,True,True,True,,,,,20260926T023919Z,False,False,HOST,True,False,
2,W02-107,Pick Em,2026-09-09,Dave Portnoy,False,2026-09-12,Oregon at Oklahoma State,TOTAL,over 57.5,57.5,,card read in the card segment (third card),2,,,,,,,"third card of three. Not named on air. [INF] Dave Portnoy by elimination: Rico read the first card by name, the second reader addresses Dave, and Dave's own mortal exchange confirms UConn +12.5 is on his card | [INF] second half of the same sentence; see the Oregon side row | [AMENDED 2026-09-11] attribution confirmed by Alex; MEDIUM raised to HIGH",PICKEM_20260909_WK2,FG,20260912_ORE_OKST,HIGH,PICK,Expects Oklahoma State to rebound offensively,,,PENDING,,host_pick_ledger_WK02_2026.csv,ASSERTION,,401856782,,,FG,TOTAL,OVER,W,70.0,-3.0,,,54.5,CLOSE_PROXY/DraftKings/n_books=3,False,True,True,,,,,20260926T023919Z,False,False,HOST,True,False,
2,W02-108,Pick Em,2026-09-09,Dave Portnoy,False,2026-09-12,Maryland at UConn,SPREAD,UConn +12.5,12.5,,card read in the card segment (third card),2,,,,,,,"third card of three. Not named on air. [INF] Dave Portnoy by elimination: Rico read the first card by name, the second reader addresses Dave, and Dave's own mortal exchange confirms UConn +12.5 is on his card | Confirmed on his card in the mortal exchange | [AMENDED 2026-09-11] attribution confirmed by Alex; MEDIUM raised to HIGH",PICKEM_20260909_WK2,FG,20260912_MD_CONN,HIGH,PICK,None offered,,,PENDING,,host_pick_ledger_WK02_2026.csv,NONE,UConn,401858444,Maryland,True,FG,SPREAD,,L,-24.0,1.0,,,11.5,CLOSE_PROXY/DraftKings/n_books=3,True,True,True,,,,,20260926T023919Z,False,False,HOST,True,False,
2,W02-109,Pick Em,2026-09-09,Dave Portnoy,False,2026-09-12,Memphis at Boise State,SPREAD,Memphis +8.5,8.5,,card read in the card segment (third card),2,,,,,,,"third card of three. Not named on air. [INF] Dave Portnoy by elimination: Rico read the first card by name, the second reader addresses Dave, and Dave's own mortal exchange confirms UConn +12.5 is on his card | Also his mortal (see the mortal row) | [AMENDED 2026-09-11] attribution confirmed by Alex; MEDIUM raised to HIGH",PICKEM_20260909_WK2,FG,20260912_MEM_BOIS,HIGH,PICK,Loves the Memphis coach; thinks Boise is being pumped up and Memphis could win outright,,,PENDING,,host_pick_ledger_WK02_2026.csv,ASSERTION,Memphis,401860881,Boise State,False,FG,SPREAD,,L,-18.0,-1.0,,,9.5,CLOSE_PROXY/DraftKings/n_books=3,False,True,True,,,,,20260926T023919Z,False,False,HOST,True,False,
2,W02-110,Pick Em,2026-09-09,Dave Portnoy,False,2026-09-12,Ohio State at Texas,SPREAD,Ohio State +1.5,1.5,,card read in the card segment (third card) ; called small,1,,,,,,,"third card of three. Not named on air. [INF] Dave Portnoy by elimination: Rico read the first card by name, the second reader addresses Dave, and Dave's own mortal exchange confirms UConn +12.5 is on his card | Called 'small' on air, so tier 1 | [AMENDED 2026-09-11] attribution confirmed by Alex; MEDIUM raised to HIGH",PICKEM_20260909_WK2,FG,20260912_OSU_TEX,HIGH,PICK,None offered on the card; in the preview he said Ohio State is just better,,,PENDING,,host_pick_ledger_WK02_2026.csv,NONE,Ohio State,401856682,Texas,False,FG,SPREAD,,W,-1.0,,,,,,,True,False,,NO_CLOSING_LINE_IN_FACT_LINES,,,20260926T023919Z,False,False,HOST,True,False,
2,W02-111,Pick Em,2026-09-09,Big Cat,False,2026-09-12,Ohio State at Texas,TOTAL,over 49.5,49.5,,mortal (best bet of the week); called a system play,3,,,,,,,"Opens the mortals ('I will start'). [INF] the moderator, the same probable Big Cat as card two | [AMENDED 2026-09-11] re-attributed from Unnamed Picker (Pick Em) to Big Cat on Alex's confirmation",PICKEM_20260909_WK2,FG,20260912_OSU_TEX,HIGH,PICK,Skill-position talent on both sides; unlike last year neither quarterback is making a first start,,,PENDING,,host_pick_ledger_WK02_2026.csv,ASSERTION,,401856682,,,FG,TOTAL,OVER,L,47.0,,,,,,,True,False,,NO_CLOSING_LINE_IN_FACT_LINES,,,20260926T023919Z,False,False,HOST,True,False,
2,W02-112,Pick Em,2026-09-09,Hank,False,2026-09-12,Oklahoma at Michigan,SPREAD,Oklahoma -5.5,-5.5,,mortal (best bet of the week),3,,,,,,,Named on air,PICKEM_20260909_WK2,FG,20260912_OU_MICH,HIGH,PICK,Took Oklahoma after watching Michigan on Saturday; says it feels like a square pick,,,PENDING,,host_pick_ledger_WK02_2026.csv,ASSERTION,Oklahoma,401856679,Michigan,False,FG,SPREAD,,L,-7.0,,,,,,,True,False,,NO_CLOSING_LINE_IN_FACT_LINES,,,20260926T023919Z,False,False,HOST,True,False,
2,W02-113,Pick Em,2026-09-09,Zuppi,False,2026-09-12,Louisiana Tech at LSU,SPREAD,LSU -35.5,-35.5,,mortal (best bet of the week),3,,,,,,,"Named on air as 'Zuppi'. New picker; identity not stated beyond the name. ASR renders the number 'minus 35 and 1.5', read as -35.5 (CFBD CURRENT -34.5)",PICKEM_20260909_WK2,FG,20260912_LT_LSU,HIGH,PICK,None offered,,,PENDING,,host_pick_ledger_WK02_2026.csv,NONE,LSU,401867796,Louisiana Tech,True,FG,SPREAD,,L,31.0,-1.0,,,-34.5,CLOSE_PROXY/DraftKings/n_books=3,False,True,True,,,,,20260926T023919Z,False,False,UNRESOLVED,False,False,
2,W02-114,Pick Em,2026-09-09,Unnamed Picker (Pick Em),False,2026-09-12,Southern at Houston,SPREAD,Southern +51.5,51.5,,mortal (best bet of the week),3,,,,,,,"Speaker not named. ASR 'plus 15 and 1.5' read as +15.5. FCS opponent: no CFBD line exists, so the gate cannot check the number and there will be no CLV | [AMENDED 2026-09-11] number corrected 15.5 to 51.5 on Alex's confirmation: ASR 'plus 15 and 1.5' read as 'fifty-one and a half'; DraftKings CURRENT is Houston -51.5",PICKEM_20260909_WK2,FG,20260912_SOUT_HOU,LOW,PICK,None offered,,,PENDING,,host_pick_ledger_WK02_2026.csv,NONE,Southern,401856787,Houston,False,FG,SPREAD,,L,-71.0,0.0,,,51.5,CLOSE_PROXY/DraftKings/n_books=3,False,True,True,,,,,20260926T023919Z,False,False,UNRESOLVED,False,False,
2,W02-115,Pick Em,2026-09-09,Ibo,True,2026-09-12,Arkansas at Utah,SPREAD,Utah -12.5,-12.5,,pick read aloud in his absence,2,,,,,,,"Read out for Ibo, who was not there. The show says it does not count ('just for the fans'), so it sits outside the host baseline",PICKEM_20260909_WK2,FG,20260912_ARK_UTAH,HIGH,PICK,None offered,,,PENDING,,host_pick_ledger_WK02_2026.csv,NONE,Utah,401856670,Arkansas,True,FG,SPREAD,,W,33.0,0.0,,,-12.5,CLOSE_PROXY/DraftKings/n_books=3,False,True,True,,,,,20260926T023919Z,False,True,GUEST,False,False,
2,W02-116,Pick Em,2026-09-09,Rico Bosco,False,2026-09-12,South Florida at Army,SPREAD,Army -3.5,-3.5,,mortal (best bet of the week),3,,,,,,,"[INF] Rico Bosco by elimination: asked 'what is your mortal' between Ibo's and Dave's, and every other card holder had already given theirs",PICKEM_20260909_WK2,FG,20260912_USF_ARMY,MEDIUM,PICK,South Florida has to defend the option; Army shortens possessions and cut-blocks all day,,,PENDING,,host_pick_ledger_WK02_2026.csv,ASSERTION,Army,401862702,South Florida,True,FG,SPREAD,,L,-4.0,-0.5,,,-3.0,CLOSE_PROXY/DraftKings/n_books=3,False,True,True,,,,,20260926T023919Z,False,False,HOST,True,False,
2,W02-117,Pick Em,2026-09-09,Dave Portnoy,False,2026-09-12,Memphis at Boise State,SPREAD,Memphis +8.5,8.5,,mortal (best bet of the week); switched from UConn +12.5 on air,3,,,,,,,"Addressed by name. Started with UConn +12.5, was reminded Jason Candle coaches UConn, and switched his mortal to Memphis; UConn stays on his card",PICKEM_20260909_WK2,FG,20260912_MEM_BOIS,HIGH,PICK,None offered beyond the switch,,,PENDING,,host_pick_ledger_WK02_2026.csv,NONE,Memphis,401860881,Boise State,False,FG,SPREAD,,L,-18.0,-1.0,,,9.5,CLOSE_PROXY/DraftKings/n_books=3,False,True,True,,,,,20260926T023919Z,False,False,HOST,True,False,
2,W02-118,BBOC,2026-09-11,Stucky,False,2026-09-12,Oklahoma at Michigan,SPREAD,Michigan +6.5,6.5,,played at his buy point,2,+5.5 now; sixes still out,,,,,,Numbers play: look-ahead was Michigan -2 to -2.5 and the line moved 8 points on one bad game.,BBOC_20260911_WK2PREV,FG,20260912_OU_MICH,HIGH,PICK,"Oklahoma only played to expectation, so an 8-point move overreacts; points are worth more with",,,PENDING,,host_pick_ledger_WK02_2026.csv,ASSERTION,Michigan,401856679,Oklahoma,True,FG,SPREAD,,W,7.0,,,,,,,True,False,,NO_CLOSING_LINE_IN_FACT_LINES,,,20260926T023919Z,False,False,HOST,True,False,
2,W02-119,BBOC,2026-09-11,Stucky,False,2026-09-12,Ohio State at Texas,TOTAL,over 49.5,49.5,,in on the over,2,,,,,,,Makes it about 51.,BBOC_20260911_WK2PREV,FG,20260912_OSU_TEX,HIGH,PICK,"More Ohio State pace, better Texas red-zone finishing, and an aggressive new Texas defense should",,,PENDING,,host_pick_ledger_WK02_2026.csv,ASSERTION,,401856682,,,FG,TOTAL,OVER,L,47.0,,,,,,,True,False,,NO_CLOSING_LINE_IN_FACT_LINES,,,20260926T023919Z,False,False,HOST,True,False,
2,W02-120,BBOC,2026-09-11,Stucky,False,2026-09-12,Alabama at Kentucky,SPREAD,Kentucky +10.5,10.5,,give me Kentucky; double digits was his offseason trigger,2,+10 at DraftKings and still fine,,,,,,,BBOC_20260911_WK2PREV,FG,20260912_ALA_UK,HIGH,PICK,DeBoer is 1-5 ATS as a road double-digit favorite; freshman QB on the road; Kentucky,,,PENDING,,host_pick_ledger_WK02_2026.csv,ASSERTION,Kentucky,401856674,Alabama,True,FG,SPREAD,,L,-28.0,2.0,1.5,,8.5,CLOSE_PROXY/DraftKings/n_books=3,True,True,True,,,,,20260926T023919Z,False,False,HOST,True,False,
2,W02-121,BBOC,2026-09-11,Stucky,False,2026-09-12,Arizona at BYU,SPREAD,Arizona +7.5,7.5,,took the hook,2,would play down to +7,,,,,,,BBOC_20260911_WK2PREV,FG,20260912_ARIZ_BYU,HIGH,PICK,"Lower-scoring game, Arizona front seven can stop the BYU run, BYU receiver room cannot expose",,,PENDING,,host_pick_ledger_WK02_2026.csv,ASSERTION,Arizona,401856810,BYU,False,FG,SPREAD,,L,-11.0,,,,,,,True,False,,NO_CLOSING_LINE_IN_FACT_LINES,,,20260926T023919Z,False,False,HOST,True,False,
2,W02-122,BBOC,2026-09-11,Stucky,False,2026-09-12,Arizona State at Texas A&M,SPREAD,Arizona State +14.5,14.5,,lean; probably a pass,1,,,,,,,,BBOC_20260911_WK2PREV,FG,20260912_ASU_TAM,HIGH,LEAN,"Lower on Texas A&M; body-clock game for Arizona State, but not enough known about them",,,PENDING,,host_pick_ledger_WK02_2026.csv,ASSERTION,Arizona State,401856683,Texas A&M,False,FG,SPREAD,,L,-28.0,0.0,,,14.5,CLOSE_PROXY/DraftKings/n_books=3,False,True,True,,,,,20260926T023919Z,True,False,HOST,True,False,
2,W02-123,BBOC,2026-09-11,Stucky,False,2026-09-12,Texas Tech at Oregon State,SPREAD,Oregon State +26.5,26.5,,put it on the board,2,,,,,,,Board pick shared with the co-host.,BBOC_20260911_WK2PREV,FG,20260912_TTU_ORST,HIGH,PICK,"Tricky Texas Tech spot: travel west, short week, Houston on deck; McGuire 2-6-1 ATS across",,,PENDING,,host_pick_ledger_WK02_2026.csv,ASSERTION,Oregon State,401856783,Texas Tech,True,FG,SPREAD,,W,-11.0,1.0,,,25.5,CLOSE_PROXY/DraftKings/n_books=3,True,True,True,,,,,20260926T023919Z,False,False,HOST,True,False,
2,W02-124,BBOC,2026-09-11,Stucky,False,2026-09-12,Tennessee at Georgia Tech,SPREAD,Georgia Tech +12.5,12.5,,put it on the board,2,,,,,,,Board pick shared with the co-host. Makes it about 10.,BBOC_20260911_WK2PREV,FG,20260912_TENN_GT,HIGH,PICK,Brent Key 17-6 ATS as a dog; extra rest; Tennessee freshman QB on his first,,,PENDING,,host_pick_ledger_WK02_2026.csv,ASSERTION,Georgia Tech,401856681,Tennessee,True,FG,SPREAD,,L,-21.0,0.0,,,12.5,CLOSE_PROXY/DraftKings/n_books=3,False,True,True,,,,,20260926T023919Z,False,False,HOST,True,False,
2,W02-125,BBOC,2026-09-11,Stucky,False,2026-09-12,Iowa State at Iowa,SPREAD,Iowa -14,-14.0,,would lean Iowa but close to the number,1,,,,,,,,BBOC_20260911_WK2PREV,FG,20260912_ISU_IOWA,HIGH,LEAN,None beyond being close to the number; notes 17 of the last 20 in the,,,PENDING,,host_pick_ledger_WK02_2026.csv,ASSERTION,Iowa,401856788,Iowa State,True,FG,SPREAD,,L,3.0,,,,,,,True,False,,NO_CLOSING_LINE_IN_FACT_LINES,,,20260926T023919Z,True,False,HOST,True,False,
2,W02-126,BBOC,2026-09-11,Stucky,False,2026-09-12,Wake Forest at Purdue,SPREAD,Purdue +3,3.0,,put it on the board,2,+3.5 widely; board took DraftKings +3,,,,,,Board pick shared with the co-host.,BBOC_20260911_WK2PREV,FG,20260912_WAKE_PUR,HIGH,PICK,Coin-flip game; Purdue gets its left tackle back and hit on portal transfers; Wake has,,,PENDING,,host_pick_ledger_WK02_2026.csv,ASSERTION,Purdue,401858224,Wake Forest,True,FG,SPREAD,,W,-2.0,0.0,,,3.0,CLOSE_PROXY/DraftKings/n_books=3,False,True,True,,,,AMBIGUOUS_MULTIPLE_NUMBERS,20260926T023919Z,False,False,HOST,True,False,
2,W02-127,BBOC,2026-09-11,Stucky,False,2026-09-12,South Florida at Army,TOTAL,under,46.5,,one of his first bets of the week,2,,,,,,,"[INF] no number said on air; back-filled from fact_lines at DraftKings/CURRENT (CFBD pull of 2026-09-11, the recording date). CLV is blocked on this row by design",BBOC_20260911_WK2PREV,FG,20260912_USF_ARMY,HIGH,PICK,USF pace is now very slow and its run defense is its strength against Army,,,NUMBER_INFERRED_NO_CLV,MARKET_INFERRED,host_pick_ledger_WK02_2026.csv,ASSERTION,,401862702,,,FG,TOTAL,UNDER,L,52.0,,,,,,,True,False,,"NUMBER_INFERRED_FROM_MARKET - number_cited was back-filled from fact_lines, so CLV would measure the market against itself",,,20260926T023919Z,False,False,HOST,True,False,
2,W02-128,BBOC,2026-09-11,Stucky,False,2026-09-12,Navy at Florida Atlantic,ML,Florida Atlantic,,+170,probably in his round robin,1,wanted +7 on the spread,,,,,,[INF] no price said on air; per standing instruction the current market price is assumed: DraftKings/CURRENT moneyline from the 2026-09-07 CFBD pull. CLV is blocked on this row by design,BBOC_20260911_WK2PREV,FG,20260912_NAVY_FAU,HIGH,LEAN,Navy pass defense is bad; fourth-down variance makes it a good moneyline dog,,,NUMBER_INFERRED_NO_CLV,MARKET_INFERRED,host_pick_ledger_WK02_2026.csv,ASSERTION,Florida Atlantic,401862703,Navy,True,FG,ML,,W,8.0,,,,,,,True,False,,"NUMBER_INFERRED_FROM_MARKET - number_cited was back-filled from fact_lines, so CLV would measure the market against itself",,,20260926T023919Z,True,False,HOST,True,False,
2,W02-129,BBOC,2026-09-11,Stucky,False,2026-09-12,California at Syracuse,SPREAD,Syracuse -3.5,-3.5,,thinks Cuse gets it done; might trade it,1,,,,,,,"[INF] no number said on air; back-filled from fact_lines at DraftKings/CURRENT (CFBD pull of 2026-09-11, the recording date). CLV is blocked on this row by design",BBOC_20260911_WK2PREV,FG,20260912_CAL_SYR,HIGH,PICK,Cal off a physical late-night game and a cross-country trip; bad Cal defense,,,NUMBER_INFERRED_NO_CLV,MARKET_INFERRED,host_pick_ledger_WK02_2026.csv,ASSERTION,Syracuse,401858216,California,True,FG,SPREAD,,L,-3.0,,,,,,,True,False,,"NUMBER_INFERRED_FROM_MARKET - number_cited was back-filled from fact_lines, so CLV would measure the market against itself",,,20260926T023919Z,False,False,HOST,True,False,
2,W02-130,BBOC,2026-09-11,Stucky,False,2026-09-12,Charlotte at Ole Miss,SPREAD,Charlotte +46,46.0,,trash man pick of the week,2,anything over +45,,,,,,"Spoken as 'Plus 46. 47.'; logged at 46. The line is on a Speaker 4 turn, but it sits inside Stuckey's trash segment, so it is attributed to him [INF]. Projects 43.",BBOC_20260911_WK2PREV,FG,20260912_CLT_MISS,HIGH,PICK,Ole Miss is prepping for LSU on a short week and will rest starters once,,,PENDING,,host_pick_ledger_WK02_2026.csv,ASSERTION,Charlotte,401856676,Ole Miss,False,FG,SPREAD,,W,-32.0,1.5,0.5,,44.5,CLOSE_PROXY/DraftKings/n_books=3,True,True,True,,,,,20260926T023919Z,False,False,HOST,True,False,
2,W02-131,BBOC,2026-09-11,Stucky,False,2026-09-12,Sacramento State at Fresno State,SPREAD,Fresno State -18.5,-18.5,,trash man pick of the week,2,,,,,,,"[INF] no number said on air; back-filled from fact_lines at DraftKings/CURRENT (CFBD pull of 2026-09-11, the recording date). CLV is blocked on this row by design. He makes it over three touchdowns",BBOC_20260911_WK2PREV,FG,20260912_SAC_FRES,HIGH,PICK,Sacramento State is one of the three worst FBS teams and starts its backup QB,,,NUMBER_INFERRED_NO_CLV,MARKET_INFERRED,host_pick_ledger_WK02_2026.csv,ASSERTION,Fresno State,401860883,Sacramento State,True,FG,SPREAD,,W,46.0,,,,,,,True,False,,"NUMBER_INFERRED_FROM_MARKET - number_cited was back-filled from fact_lines, so CLV would measure the market against itself",,,20260926T023919Z,False,False,HOST,True,False,
2,W02-132,BBOC,2026-09-11,Stucky,False,2026-09-12,Sacramento State at Fresno State,TOTAL,under,45.5,,said with the Fresno trash pick,1,,,,,,,"[INF] no number said on air; back-filled from fact_lines at DraftKings/CURRENT (CFBD pull of 2026-09-11, the recording date). CLV is blocked on this row by design. Said as 'Fresno rolls and the under'; not on the board",BBOC_20260911_WK2PREV,FG,20260912_SAC_FRES,HIGH,PICK,Projects Fresno 28-3,,,NUMBER_INFERRED_NO_CLV,MARKET_INFERRED,host_pick_ledger_WK02_2026.csv,ASSERTION,,401860883,,,FG,TOTAL,UNDER,L,52.0,,,,,,,True,False,,"NUMBER_INFERRED_FROM_MARKET - number_cited was back-filled from fact_lines, so CLV would measure the market against itself",,,20260926T023919Z,False,False,HOST,True,False,
2,W02-133,BBOC,2026-09-11,Stucky,False,2026-09-12,Georgia State at Kennesaw State,SPREAD,Georgia State +7.5,7.5,,trash man pick of the week,2,anything over a touchdown,,,,,,"[INF] no number said on air; back-filled from fact_lines at DraftKings/CURRENT (CFBD pull of 2026-09-11, the recording date). CLV is blocked on this row by design. Makes it under a touchdown",BBOC_20260911_WK2PREV,FG,20260912_GAST_KENN,HIGH,PICK,Georgia State is finally playing the right quarterback and upgraded its offensive staff; fades Kennesaw,,,NUMBER_INFERRED_NO_CLV,MARKET_INFERRED,host_pick_ledger_WK02_2026.csv,ASSERTION,Georgia State,401869955,Kennesaw State,False,FG,SPREAD,,W,14.0,,,,,,,True,False,,"NUMBER_INFERRED_FROM_MARKET - number_cited was back-filled from fact_lines, so CLV would measure the market against itself",,,20260926T023919Z,False,False,HOST,True,False,
2,W02-134,BBOC,2026-09-11,Stucky,False,2026-09-11,Rutgers at Boston College,SPREAD,Rutgers +3.5,3.5,,took it; head-to-head on the board at 3,2,,,,,,,"Head-to-head on the board against the co-host at 3; one position, logged once at the number he bet. Has Rutgers about -1.",BBOC_20260911_WK2PREV,FG,20260911_RUTG_BC,HIGH,PICK,Too big an adjustment off one loss; Schiano bounces back; BC coaches know the benched,,,PENDING,,host_pick_ledger_WK02_2026.csv,ASSERTION,Rutgers,401858214,Boston College,False,FG,SPREAD,,L,-7.0,0.5,,,3.0,CLOSE_PROXY/DraftKings/n_books=3,True,True,True,,,,,20260926T023919Z,False,False,HOST,True,False,
2,W02-135,BBOC,2026-09-11,Stucky,False,2026-09-11,Missouri at Kansas,SPREAD,Kansas +5.5,5.5,,will be involved with the Jayhawks in some form,1,wanted +7,,,,,,"[INF] no number said on air; back-filled from fact_lines at DraftKings/CURRENT (CFBD pull of 2026-09-11, the recording date). CLV is blocked on this row by design",BBOC_20260911_WK2PREV,FG,20260911_MIZ_KU,HIGH,LEAN,Seller of Missouri all offseason; Ahmad Hardy out; thinks Kansas wins,,,NUMBER_INFERRED_NO_CLV,MARKET_INFERRED,host_pick_ledger_WK02_2026.csv,ASSERTION,Kansas,401856678,Missouri,True,FG,SPREAD,,L,-17.0,,,,,,,True,False,,"NUMBER_INFERRED_FROM_MARKET - number_cited was back-filled from fact_lines, so CLV would measure the market against itself",,,20260926T023919Z,True,False,HOST,True,False,
2,W02-136,BBOC,2026-09-11,Stucky,False,2026-09-12,Memphis at Boise State,SPREAD,Boise State -8.5,-8.5,,favorite favorite (overdog parlay),2,,,,,,,"[INF] no number said on air; back-filled from fact_lines at DraftKings/CURRENT (CFBD pull of 2026-09-11, the recording date). CLV is blocked on this row by design. Projects double digits",BBOC_20260911_WK2PREV,FG,20260912_MEM_BOIS,HIGH,PICK,Memphis on a brutal travel run with a bad defense; Boise 9-0 ATS at home,,,NUMBER_INFERRED_NO_CLV,MARKET_INFERRED,host_pick_ledger_WK02_2026.csv,ASSERTION,Boise State,401860881,Memphis,True,FG,SPREAD,,W,18.0,,,,,,,True,False,,"NUMBER_INFERRED_FROM_MARKET - number_cited was back-filled from fact_lines, so CLV would measure the market against itself",,,20260926T023919Z,False,False,HOST,True,False,
2,W02-137,BBOC,2026-09-11,Stucky,False,2026-09-12,North Dakota State at Air Force,ML,Air Force,,+105,underdog moneyline parlay leg,1,,,,,,,[INF] no price said on air; per standing instruction the current market price is assumed: DraftKings/CURRENT moneyline from the 2026-09-07 CFBD pull. CLV is blocked on this row by design,BBOC_20260911_WK2PREV,FG,20260912_NDSU_AF,HIGH,PICK,Buyer of Air Force; altitude and a first real road test for North Dakota State,,,NUMBER_INFERRED_NO_CLV,MARKET_INFERRED,host_pick_ledger_WK02_2026.csv,ASSERTION,Air Force,401864502,North Dakota State,True,FG,ML,,L,-6.0,,,,,,,True,False,,"NUMBER_INFERRED_FROM_MARKET - number_cited was back-filled from fact_lines, so CLV would measure the market against itself",,,20260926T023919Z,False,False,HOST,True,False,
2,W02-138,BBOC,2026-09-11,Colin Wilson,False,2026-09-12,Oklahoma at Michigan,SPREAD,Oklahoma -5.5,-5.5,,on OU all the way; already has a position,2,would still play -5,,,,,,"[INF] no number said on air; back-filled from fact_lines at DraftKings/CURRENT (CFBD pull of 2026-09-11, the recording date). CLV is blocked on this row by design. He already holds Oklahoma from earlier in the week at a number he did not say",BBOC_20260911_WK2PREV,FG,20260912_OU_MICH,HIGH,PICK,No sign of life in the Michigan box score; everything on Underwood,,,NUMBER_INFERRED_NO_CLV,MARKET_INFERRED,host_pick_ledger_WK02_2026.csv,ASSERTION,Oklahoma,401856679,Michigan,False,FG,SPREAD,,L,-7.0,,,,,,,True,False,,"NUMBER_INFERRED_FROM_MARKET - number_cited was back-filled from fact_lines, so CLV would measure the market against itself",,,20260926T023919Z,False,False,HOST,True,False,
2,W02-139,BBOC,2026-09-11,Colin Wilson,False,2026-09-12,Ohio State at Texas,ML,Texas,,-118,Texas his game of the year; play the moneyline,2,up to -130,,,,,,[INF] no price said on air; per standing instruction the current market price is assumed: DraftKings/CURRENT moneyline from the 2026-09-07 CFBD pull. CLV is blocked on this row by design,BBOC_20260911_WK2PREV,FG,20260912_OSU_TEX,HIGH,PICK,Texas has the proven mobile QB and won the trenches last year; top-30 havoc defense,,,NUMBER_INFERRED_NO_CLV,MARKET_INFERRED,host_pick_ledger_WK02_2026.csv,ASSERTION,Texas,401856682,Ohio State,True,FG,ML,,W,1.0,,,,,,,True,False,,"NUMBER_INFERRED_FROM_MARKET - number_cited was back-filled from fact_lines, so CLV would measure the market against itself",,,20260926T023919Z,False,False,HOST,True,False,
2,W02-140,BBOC,2026-09-11,Colin Wilson,False,2026-09-12,Alabama at Kentucky,TOTAL,over,49.5,,I am taking it; on the over,2,,,,,,,"[INF] no number said on air; back-filled from fact_lines at DraftKings/CURRENT (CFBD pull of 2026-09-11, the recording date). CLV is blocked on this row by design",BBOC_20260911_WK2PREV,FG,20260912_ALA_UK,HIGH,PICK,Alabama found a running game; Minchie looked in full control; Kentucky showed nothing in week,,,NUMBER_INFERRED_NO_CLV,MARKET_INFERRED,host_pick_ledger_WK02_2026.csv,ASSERTION,,401856674,,,FG,TOTAL,OVER,W,62.0,,,,,,,True,False,,"NUMBER_INFERRED_FROM_MARKET - number_cited was back-filled from fact_lines, so CLV would measure the market against itself",,,20260926T023919Z,False,False,HOST,True,False,
2,W02-141,BBOC,2026-09-11,Colin Wilson,False,2026-09-12,Arizona at BYU,TOTAL,1H under 24,24.0,,wants a juiced 24; otherwise a live under,1,23.5 widely; 24 not widely available,,,,,,"Conditional: he could not get 24. First-half market, so no CFBD CLV at any tier",BBOC_20260911_WK2PREV,1H,20260912_ARIZ_BYU,HIGH,LEAN,Low-scoring game,,,PENDING,,host_pick_ledger_WK02_2026.csv,ASSERTION,,401856810,,,1H,TOTAL,UNDER,L,31.0,,,,,,,True,False,,NO_CFBD_MARKET for TOTAL/1H - CFBD publishes full-game spread/total/ML only,,,20260926T023919Z,True,False,HOST,True,False,
2,W02-142,BBOC,2026-09-11,Colin Wilson,False,2026-09-12,Arizona State at Texas A&M,SPREAD,Arizona State +14.5,14.5,,probably going to end up on Arizona State; line-watching,1,,,,,,,,BBOC_20260911_WK2PREV,FG,20260912_ASU_TAM,HIGH,LEAN,Boley had a clean sheet; spread holding while the total drops increases the value of,,,PENDING,,host_pick_ledger_WK02_2026.csv,ASSERTION,Arizona State,401856683,Texas A&M,False,FG,SPREAD,,L,-28.0,0.0,,,14.5,CLOSE_PROXY/DraftKings/n_books=3,False,True,True,,,,,20260926T023919Z,True,False,HOST,True,False,
2,W02-143,BBOC,2026-09-11,Colin Wilson,False,2026-09-12,Tennessee at Georgia Tech,SPREAD,Georgia Tech +12.5,12.5,,put it on the board,2,,,,,,,Board pick shared with the co-host. Makes it 9.,BBOC_20260911_WK2PREV,FG,20260912_TENN_GT,HIGH,PICK,Georgia Tech beat Colorado on yards per play; unproven Tennessee secondary,,,PENDING,,host_pick_ledger_WK02_2026.csv,ASSERTION,Georgia Tech,401856681,Tennessee,True,FG,SPREAD,,L,-21.0,0.0,,,12.5,CLOSE_PROXY/DraftKings/n_books=3,False,True,True,,,,,20260926T023919Z,False,False,HOST,True,False,
2,W02-144,BBOC,2026-09-11,Colin Wilson,False,2026-09-12,Iowa State at Iowa,TOTAL,under 40.5,40.5,,pass on the side; do like the under,1,,,,,,,Number is the 40.5 stated in the segment.,BBOC_20260911_WK2PREV,FG,20260912_ISU_IOWA,HIGH,LEAN,Directly on 14 on the side,,,PENDING,,host_pick_ledger_WK02_2026.csv,ASSERTION,,401856788,,,FG,TOTAL,UNDER,W,29.0,,,,,,,True,False,,NO_CLOSING_LINE_IN_FACT_LINES,,,20260926T023919Z,True,False,HOST,True,False,
2,W02-145,BBOC,2026-09-11,Colin Wilson,False,2026-09-12,Texas Tech at Oregon State,SPREAD,Oregon State +26.5,26.5,,put it on the board; bought earlier at 26,2,bought +26 earlier in the week,,,,,,Board pick shared with the co-host. Makes it about 22.,BBOC_20260911_WK2PREV,FG,20260912_TTU_ORST,HIGH,PICK,Hammond average against Abilene Christian; Texas Tech red-zone trouble,,,PENDING,,host_pick_ledger_WK02_2026.csv,ASSERTION,Oregon State,401856783,Texas Tech,True,FG,SPREAD,,W,-11.0,1.0,0.5,,25.5,CLOSE_PROXY/DraftKings/n_books=3,True,True,True,,,,,20260926T023919Z,False,False,HOST,True,False,
2,W02-146,BBOC,2026-09-11,Colin Wilson,False,2026-09-12,Wake Forest at Purdue,SPREAD,Purdue +3,3.0,,put it on the board at DraftKings 3,2,,,,,,,Board pick shared with the co-host. Makes it a pick.,BBOC_20260911_WK2PREV,FG,20260912_WAKE_PUR,HIGH,PICK,Wake could not stop the Akron run; Purdue shows signs of life,,,PENDING,,host_pick_ledger_WK02_2026.csv,ASSERTION,Purdue,401858224,Wake Forest,True,FG,SPREAD,,W,-2.0,0.0,,,3.0,CLOSE_PROXY/DraftKings/n_books=3,False,True,True,,,,,20260926T023919Z,False,False,HOST,True,False,
2,W02-147,BBOC,2026-09-11,Colin Wilson,False,2026-09-12,Wake Forest at Purdue,ML,Purdue,,+154,likes them outright; in his round robin,1,,,,,,,[INF] no price said on air; per standing instruction the current market price is assumed: DraftKings/CURRENT moneyline from the 2026-09-07 CFBD pull. CLV is blocked on this row by design,BBOC_20260911_WK2PREV,FG,20260912_WAKE_PUR,HIGH,PICK,Same read as his Purdue +3,,,NUMBER_INFERRED_NO_CLV,MARKET_INFERRED,host_pick_ledger_WK02_2026.csv,ASSERTION,Purdue,401858224,Wake Forest,True,FG,ML,,L,-2.0,,,,,,,True,False,,"NUMBER_INFERRED_FROM_MARKET - number_cited was back-filled from fact_lines, so CLV would measure the market against itself",,,20260926T023919Z,False,False,HOST,True,False,
2,W02-148,BBOC,2026-09-11,Colin Wilson,False,2026-09-12,Navy at Florida Atlantic,ML,Florida Atlantic,,+170,in his round robin; moneyline play in the app,1,,,,,,,"[INF] no price said on air; per standing instruction the current market price is assumed: DraftKings/CURRENT moneyline from the 2026-09-07 CFBD pull. CLV is blocked on this row by design. Also plans to play Navy live, which is not logged",BBOC_20260911_WK2PREV,FG,20260912_NAVY_FAU,HIGH,PICK,Navy pass defense is putrid,,,NUMBER_INFERRED_NO_CLV,MARKET_INFERRED,host_pick_ledger_WK02_2026.csv,ASSERTION,Florida Atlantic,401862703,Navy,True,FG,ML,,W,8.0,,,,,,,True,False,,"NUMBER_INFERRED_FROM_MARKET - number_cited was back-filled from fact_lines, so CLV would measure the market against itself",,,20260926T023919Z,False,False,HOST,True,False,
2,W02-149,BBOC,2026-09-11,Colin Wilson,False,2026-09-12,Georgia State at Kennesaw State,TOTAL,over,54.5,,I like the over too,1,,,,,,,"[INF] no number said on air; back-filled from fact_lines at DraftKings/CURRENT (CFBD pull of 2026-09-11, the recording date). CLV is blocked on this row by design. He described it as right before the key of 55, which suggests 54.5 at recording",BBOC_20260911_WK2PREV,FG,20260912_GAST_KENN,HIGH,PICK,"Over is taking money, deservedly",,,NUMBER_INFERRED_NO_CLV,MARKET_INFERRED,host_pick_ledger_WK02_2026.csv,ASSERTION,,401869955,,,FG,TOTAL,OVER,L,48.0,,,,,,,True,False,,"NUMBER_INFERRED_FROM_MARKET - number_cited was back-filled from fact_lines, so CLV would measure the market against itself",,,20260926T023919Z,False,False,HOST,True,False,
2,W02-150,BBOC,2026-09-11,Colin Wilson,False,2026-09-12,San Diego State at UCLA,SPREAD,UCLA -12.5,-12.5,,would take UCLA up to 14,1,up to -14,,,,,,"[INF] no number said on air; back-filled from fact_lines at DraftKings/CURRENT (CFBD pull of 2026-09-11, the recording date). CLV is blocked on this row by design",BBOC_20260911_WK2PREV,FG,20260912_SDSU_UCLA,HIGH,PICK,UCLA explosive passing against a San Diego State defense that allowed six pass explosives to,,,NUMBER_INFERRED_NO_CLV,MARKET_INFERRED,host_pick_ledger_WK02_2026.csv,ASSERTION,UCLA,401858443,San Diego State,True,FG,SPREAD,,W,18.0,,,,,,,True,False,,"NUMBER_INFERRED_FROM_MARKET - number_cited was back-filled from fact_lines, so CLV would measure the market against itself",,,20260926T023919Z,False,False,HOST,True,False,
2,W02-151,BBOC,2026-09-11,Colin Wilson,False,2026-09-12,San Diego State at UCLA,TOTAL,over,55.5,,would take the over through 55,1,through 55,,,,,,"[INF] no number said on air; back-filled from fact_lines at DraftKings/CURRENT (CFBD pull of 2026-09-11, the recording date). CLV is blocked on this row by design",BBOC_20260911_WK2PREV,FG,20260912_SDSU_UCLA,HIGH,PICK,Same explosive-passing read,,,NUMBER_INFERRED_NO_CLV,MARKET_INFERRED,host_pick_ledger_WK02_2026.csv,ASSERTION,,401858443,,,FG,TOTAL,OVER,L,38.0,,,,,,,True,False,,"NUMBER_INFERRED_FROM_MARKET - number_cited was back-filled from fact_lines, so CLV would measure the market against itself",,,20260926T023919Z,False,False,HOST,True,False,
2,W02-152,BBOC,2026-09-11,Colin Wilson,False,2026-09-11,Rutgers at Boston College,SPREAD,Boston College -3,-3.0,,head-to-head on the board,2,,,,,,,"Head-to-head against the co-host, set at 3.",BBOC_20260911_WK2PREV,FG,20260911_RUTG_BC,HIGH,PICK,BC matched Cincinnati on yards per play despite losing by 19; UMass ran 68% standard-down,,,PENDING,,host_pick_ledger_WK02_2026.csv,ASSERTION,Boston College,401858214,Rutgers,True,FG,SPREAD,,W,7.0,0.0,,,-3.0,CLOSE_PROXY/DraftKings/n_books=3,False,True,True,,,,,20260926T023919Z,False,False,HOST,True,False,
2,W02-153,BBOC,2026-09-11,Colin Wilson,False,2026-09-11,Missouri at Kansas,SPREAD,Kansas +5.5,5.5,,took them early in the week; on the spread,2,,,,,,,"[INF] no number said on air; back-filled from fact_lines at DraftKings/CURRENT (CFBD pull of 2026-09-11, the recording date). CLV is blocked on this row by design. He took it early in the week at a number he did not say. Projects Missouri -2",BBOC_20260911_WK2PREV,FG,20260911_MIZ_KU,HIGH,PICK,Hardy out; Missouri left tackle issues; Marshall and McMillan are legit,,,NUMBER_INFERRED_NO_CLV,MARKET_INFERRED,host_pick_ledger_WK02_2026.csv,ASSERTION,Kansas,401856678,Missouri,True,FG,SPREAD,,L,-17.0,,,,,,,True,False,,"NUMBER_INFERRED_FROM_MARKET - number_cited was back-filled from fact_lines, so CLV would measure the market against itself",,,20260926T023919Z,False,False,HOST,True,False,
2,W02-154,BBOC,2026-09-11,Colin Wilson,False,2026-09-11,Missouri at Kansas,ML,Kansas,,+180,leads off his moneyline round robin,2,,,,,,,[INF] no price said on air; per standing instruction the current market price is assumed: DraftKings/CURRENT moneyline from the 2026-09-07 CFBD pull. CLV is blocked on this row by design,BBOC_20260911_WK2PREV,FG,20260911_MIZ_KU,HIGH,PICK,Same read as his Kansas spread,,,NUMBER_INFERRED_NO_CLV,MARKET_INFERRED,host_pick_ledger_WK02_2026.csv,ASSERTION,Kansas,401856678,Missouri,True,FG,ML,,L,-17.0,,,,,,,True,False,,"NUMBER_INFERRED_FROM_MARKET - number_cited was back-filled from fact_lines, so CLV would measure the market against itself",,,20260926T023919Z,False,False,HOST,True,False,
2,W02-155,BBOC,2026-09-11,Colin Wilson,False,2026-09-12,Bowling Green at Nebraska,SPREAD,Nebraska -30.5,-30.5,,overdog pick,2,,,,,,,"[INF] no number said on air; back-filled from fact_lines at DraftKings/CURRENT (CFBD pull of 2026-09-11, the recording date). CLV is blocked on this row by design",BBOC_20260911_WK2PREV,FG,20260912_BGSU_NEB,HIGH,PICK,Market prices Bowling Green like Ohio; BG just lost to Tarleton State,,,NUMBER_INFERRED_NO_CLV,MARKET_INFERRED,host_pick_ledger_WK02_2026.csv,ASSERTION,Nebraska,401858441,Bowling Green,True,FG,SPREAD,,W,49.0,,,,,,,True,False,,"NUMBER_INFERRED_FROM_MARKET - number_cited was back-filled from fact_lines, so CLV would measure the market against itself",,,20260926T023919Z,False,False,HOST,True,False,
2,W02-156,BBOC,2026-09-11,Colin Wilson,False,2026-09-12,Mississippi State at Minnesota,ML,Minnesota,,-112,underdog moneyline parlay leg,1,,,,,,,[INF] no price said on air; per standing instruction the current market price is assumed: DraftKings/CURRENT moneyline from the 2026-09-07 CFBD pull. CLV is blocked on this row by design,BBOC_20260911_WK2PREV,FG,20260912_MSST_MINN,HIGH,PICK,Better running game; Mississippi State could not stuff ULM,,,NUMBER_INFERRED_NO_CLV,MARKET_INFERRED,host_pick_ledger_WK02_2026.csv,ASSERTION,Minnesota,401856677,Mississippi State,True,FG,ML,,L,-25.0,,,,,,,True,False,,"NUMBER_INFERRED_FROM_MARKET - number_cited was back-filled from fact_lines, so CLV would measure the market against itself",,,20260926T023919Z,False,False,HOST,True,False,
2,W02-157,BBOC,2026-09-11,Colin Wilson,False,2026-09-12,Texas Tech at Oregon State,PROP,Caleb Hawkins receiving yards over,,,conditional: would play it if Oklahoma State +24 is not available,1,,,,,,,"Player prop, added on Alex's instruction. PROP is not in the CONVENTIONS market_type vocabulary, so the grader returns MARKET_TYPE_UNRECOGNIZED and this row never grades or yields CLV. No number was said and none can be inferred: neither CFBD nor the SportsGameOdds 09-11 pull carries a Caleb Hawkins receiving-yards market. Conditional on the spread not reaching +24, which it had not at recording (+23.5).",BBOC_20260911_WK2PREV,FG,20260912_TTU_ORST,HIGH,LEAN,Hawkins targeted seven times out of the backfield vs Tulsa; OSU without its left tackle,,,PENDING,,host_pick_ledger_WK02_2026.csv,STAT_CITED,,,,,,,,,,,,,,,,False,False,MARKET_TYPE_UNRECOGNIZED,,,,20260926T023919Z,True,False,HOST,True,False,
3,W03-001,BBOC,2026-09-16,Duck,False,2026-09-19,North Dakota State at Sacramento State,SPREAD,North Dakota State,,,triple option,2,,,,,,,"NO_NUMBER_CITED; back-fill candidate from fact_lines CLOSE_PROXY per CONVENTIONS s9 (number_source=MARKET_INFERRED, CLV blocked); TOL=<28 ('happy to lay anything under four touchdowns'); market read by Stucky on BBOC_20260918_WK3PREV as Sac State +27 at home (different picker, different episode; not this row's number); home side taken from that read",BBOC_20260916_SIXTHGEAR,FG,20260919_NORTHD_SACRAM,HIGH,PICK,"Sac State undersized, backup QB; NDSU power run overwhelms; lay anything under 28",,,PENDING,,host_pick_ledger_WK03_2026.csv,STAT_CITED,North Dakota State,401864507,Sacramento State,False,FG,SPREAD,,,,,,,,,,False,False,NO_NUMBER_CITED,,,,20260926T023919Z,False,False,HOST,True,False,
3,W03-002,BBOC,2026-09-16,Mike Calabrese,False,2026-09-19,New Mexico at Oklahoma,SPREAD,New Mexico +22.5,22.5,,triple option,2,+22.5,,,,,,ASR: host intro renders as 'Mike Alvarez'; outro self-IDs as Mike Calabrese,BBOC_20260916_SIXTHGEAR,FG,20260919_NEWMEX_OKLAHO,HIGH,PICK,Oklahoma sandwich spot; Mateer short-game PFF 46.8; Lobos slow; Eck big-dog record,,,PENDING,,host_pick_ledger_WK03_2026.csv,STAT_CITED,New Mexico,401856690,Oklahoma,False,FG,SPREAD,,W,-8.0,1.0,1.0,,21.5,CLOSE_PROXY/DraftKings/n_books=3,True,True,True,,,,,20260926T023919Z,False,False,HOST,True,False,
3,W03-003,BBOC,2026-09-16,Duck,False,2026-09-19,Tulane at Kansas State,SPREAD,Kansas State -20.5,-20.5,,best bet (DraftKings),3,-20.5,,,,,,"Triple Option pick restated as Best Bet; elevated to tier 3, not double-logged (W02 convention)",BBOC_20260916_SIXTHGEAR,FG,20260919_TULANE_KANSAS,HIGH,PICK,Tulane 132nd in havoc; K-State 11 of 11 red zone; Klein remembers 2022 loss,,,PENDING,,host_pick_ledger_WK03_2026.csv,STAT_CITED,Kansas State,401856792,Tulane,True,FG,SPREAD,,L,11.0,0.0,0.0,,-20.5,CLOSE_PROXY/DraftKings/n_books=3,False,True,True,,,,,20260926T023919Z,False,False,HOST,True,False,
3,W03-004,BBOC,2026-09-16,Mike Calabrese,False,2026-09-19,BYU at Colorado State,SPREAD,Colorado State +17.5,17.5,,triple option,2,+17.5,,,,,,Number from 'getting the hook on 17'; ASR 'Haas Haney' = Hauss Hejny (existing variant family),BBOC_20260916_SIXTHGEAR,FG,20260919_BYU_COLORA,HIGH,PICK,BYU sandwich; Mora 58% ATS as dog; CSU havoc up; getting hook on 17,,,PENDING,,host_pick_ledger_WK03_2026.csv,BASE_RATE,Colorado State,401856795,BYU,True,FG,SPREAD,,L,-18.0,0.0,0.0,,17.5,CLOSE_PROXY/DraftKings/n_books=3,False,True,True,,,,,20260926T023919Z,False,False,HOST,True,False,
3,W03-005,BBOC,2026-09-16,Duck,False,2026-09-19,South Dakota at Boise State,TOTAL,over 54.5,54.5,,triple option,2,54.5,,,,,,,BBOC_20260916_SIXTHGEAR,FG,20260919_SOUTHD_BOISES,HIGH,PICK,"Majewski 11 TD, 720 yds; USD secondary weak; projects 44-20",,,PENDING,,host_pick_ledger_WK03_2026.csv,STAT_CITED,,401860885,,,FG,TOTAL,OVER,W,62.0,7.0,7.0,,61.5,CLOSE_PROXY/DraftKings/n_books=3,True,True,True,,,,,20260926T023919Z,False,False,HOST,True,False,
3,W03-006,BBOC,2026-09-16,Mike Calabrese,False,2026-09-19,UAB at Louisiana,SPREAD,Louisiana -7.5,-7.5,,best bet (DraftKings),3,-7.5,,,,,,"Triple Option pick restated as Best Bet; tier 3, not double-logged. Sheldon Sampson (knee) status unresolved on air",BBOC_20260916_SIXTHGEAR,FG,20260919_UAB_LOUISI,HIGH,PICK,UAB cannot throw after WR talent drain; Winfield edge at QB,,,PENDING,,host_pick_ledger_WK03_2026.csv,STAT_CITED,Louisiana,401862776,UAB,True,FG,SPREAD,,L,7.0,-0.5,-0.5,,-7.0,CLOSE_PROXY/DraftKings/n_books=3,False,True,True,,,,,20260926T023919Z,False,False,HOST,True,False,
3,W03-007,BBOC,2026-09-16,Duck,False,2026-09-19,Western Michigan at Rice,ML,Rice,,+295,underdog ML parlay,1,,,,,,,Parlay leg with W03-009 (combined +888 stated; arithmetic checks: 3.95 x 2.50 = 9.875). Promoted to full depth (real argument on a tier-1 row),BBOC_20260916_SIXTHGEAR,FG,20260919_WESTER_RICE,HIGH,PICK,WMU letdown plus look-ahead to Boise; Rice run defense held; weird travel,,,PENDING,,host_pick_ledger_WK03_2026.csv,STAT_CITED,Rice,401862773,Western Michigan,True,FG,ML,,L,-7.0,,,0.00658,285.0,CLOSE_PROXY/DraftKings,True,True,True,,,,,20260926T023919Z,False,False,HOST,True,False,
3,W03-008,BBOC,2026-09-16,Duck,False,2026-09-19,Western Michigan at Rice,SPREAD,Rice +9.5,9.5,,lean (stated alongside ML leg),1,+9.5,,,,,,"Stated inside the ML parlay segment; not a segment slot, so LEAN",BBOC_20260916_SIXTHGEAR,FG,20260919_WESTER_RICE,HIGH,LEAN,Same thesis as ML leg; 'I like Rice plus nine and a half',,,PENDING,,host_pick_ledger_WK03_2026.csv,STAT_CITED,Rice,401862773,Western Michigan,True,FG,SPREAD,,W,-7.0,1.0,1.0,,8.5,CLOSE_PROXY/DraftKings/n_books=3,True,True,True,,,,,20260926T023919Z,True,False,HOST,True,False,
3,W03-009,BBOC,2026-09-16,Mike Calabrese,False,2026-09-19,Nevada at Middle Tennessee,ML,Middle Tennessee,,+150,underdog ML parlay,1,+150,,,,,,Parlay leg with W03-007. Promoted to full depth. Carter Jones availability unknown at recording,BBOC_20260916_SIXTHGEAR,FG,20260919_NEVADA_MIDDLE,HIGH,PICK,Carter Jones elbow; Nevada backups dreadful; MTSU tackling 28th per PFF,,,PENDING,,host_pick_ledger_WK03_2026.csv,STAT_CITED,Middle Tennessee,401864443,Nevada,True,FG,ML,,W,7.0,,,0.0,150.0,CLOSE_PROXY/DraftKings,False,True,True,,,,,20260926T023919Z,False,False,HOST,True,False,
3,W03-010,BBOC,2026-09-16,Duck,False,2026-09-19,Stanford at Duke,SPREAD,Stanford +9.5,9.5,,P4 level-up,2,+9.5,,,,,,,BBOC_20260916_SIXTHGEAR,FG,20260919_STANFO_DUKE,HIGH,PICK,Stanford healthy off bye; OL starters back per depth chart; Duke penalties,,,PENDING,,host_pick_ledger_WK03_2026.csv,ROSTER,Stanford,401858231,Duke,False,FG,SPREAD,,L,-28.0,0.0,0.0,,9.5,CLOSE_PROXY/DraftKings/n_books=3,False,True,True,,,,,20260926T023919Z,False,False,HOST,True,False,
3,W03-011,BBOC,2026-09-16,Mike Calabrese,False,2026-09-19,LSU at Ole Miss,SPREAD,LSU,,,P4 level-up,2,,,,,,,"MARKET_AMBIGUOUS: says 'LSU is the right side' after describing alt double-digit plays for either team; no number or market named. NO_NUMBER_CITED; back-fill candidate from fact_lines CLOSE_PROXY per CONVENTIONS s9 (number_source=MARKET_INFERRED, CLV blocked). ASR: 'Lincoln Riley' = Lane Kiffin by context (returning to scene, CFP departure); 'Sam Levitt' = Sam Leavitt; 'Kineholz' = Lincoln Kienholz",BBOC_20260916_SIXTHGEAR,FG,20260919_LSU_OLEMIS,MED,PICK,LSU more talented; Ole Miss staff brain drain; Leavitt legs vs RPO defense,,,PENDING,,host_pick_ledger_WK03_2026.csv,STAT_CITED,LSU,401856688,Ole Miss,False,FG,SPREAD,,,,,,,,,,False,False,NO_NUMBER_CITED,,,,20260926T023919Z,False,False,HOST,True,False,
3,W03-012,BBOC,2026-09-18,Stucky,False,2026-09-19,LSU at Ole Miss,SPREAD,Ole Miss +3,3.0,,head-to-head,2,+3,,,,,,Stated 'I've already bet it' (speaker label; mild diarization risk). Market noted moving 3 -> ~1 -> 3 on Leavitt 'doubtful' listing,BBOC_20260918_WK3PREV,FG,20260919_LSU_OLEMIS,HIGH,PICK,Ole Miss worth 4 pts at home; better QB; LSU schedule soft,,,PENDING,,host_pick_ledger_WK03_2026.csv,ROSTER,Ole Miss,401856688,LSU,True,FG,SPREAD,,W,8.0,0.0,0.0,,3.0,CLOSE_PROXY/DraftKings/n_books=3,False,True,True,,,,,20260926T023919Z,False,False,HOST,True,False,
3,W03-013,BBOC,2026-09-18,Colin Wilson,False,2026-09-19,LSU at Ole Miss,SPREAD,LSU -3,-3.0,,head-to-head,2,-3,,,,,,"Also holds LSU ML taken on open, price not said: NOT logged (no price, entry predates episode). Some 2.5s noted in market",BBOC_20260918_WK3PREV,FG,20260919_LSU_OLEMIS,HIGH,PICK,LSU defense top 10 in havoc; Ole Miss secondary torched by Louisville,,,PENDING,,host_pick_ledger_WK03_2026.csv,STAT_CITED,LSU,401856688,Ole Miss,False,FG,SPREAD,,L,-8.0,0.0,0.0,,-3.0,CLOSE_PROXY/DraftKings/n_books=3,False,True,True,,,,,20260926T023919Z,False,False,HOST,True,False,
3,W03-014,BBOC,2026-09-18,Colin Wilson,False,2026-09-19,Florida at Auburn,ML,Florida,,-135,bet (stated),2,-121 to -130,,,,,,ENTRY_PREDATES_EPISODE: taken at -135 'beginning of the week'; market at listen -121/-130 (listener gets a better price than cited). Dual CLV applies,BBOC_20260918_WK3PREV,FG,20260919_FLORID_AUBURN,HIGH,PICK,Auburn outside top 100 havoc allowed; Brown poor vs cover zero,,,PENDING,,host_pick_ledger_WK03_2026.csv,STAT_CITED,Florida,401856687,Auburn,False,FG,ML,,W,5.0,,,0.0,-135.0,CLOSE_PROXY/DraftKings,False,True,True,,,,,20260926T023919Z,False,False,HOST,True,False,
3,W03-015,BBOC,2026-09-18,Stucky,False,2026-09-19,Florida at Auburn,SPREAD,Florida -2.5,-2.5,,lean; 'might sit on the sidelines',1,-2.5,,,,,,Number is the market read on air by the same host (Auburn 2.5-pt home dog),BBOC_20260918_WK3PREV,FG,20260919_FLORID_AUBURN,HIGH,LEAN,Florida better roster and staff; Auburn OL and drive finishing concerns,,,PENDING,,host_pick_ledger_WK03_2026.csv,ROSTER,Florida,401856687,Auburn,False,FG,SPREAD,,W,5.0,0.0,0.0,,-2.5,CLOSE_PROXY/DraftKings/n_books=3,False,True,True,,,,,20260926T023919Z,True,False,HOST,True,False,
3,W03-016,BBOC,2026-09-18,Colin Wilson,False,2026-09-19,SMU at Louisville,ML,Louisville,,-118,live podcast bet,2,-118,,,,,,Bet placed on air at DraftKings,BBOC_20260918_WK3PREV,FG,20260919_SMU_LOUISV,HIGH,PICK,SMU weak vs inside zone; OL allowing havoc; Louisville penalties fixable,,,PENDING,,host_pick_ledger_WK03_2026.csv,STAT_CITED,Louisville,401858230,SMU,True,FG,ML,,W,10.0,,,0.04549,-142.0,CLOSE_PROXY/DraftKings,True,True,True,,,,,20260926T023919Z,False,False,HOST,True,False,
3,W03-017,BBOC,2026-09-18,Stucky,False,2026-09-19,SMU at Louisville,SPREAD,Louisville -1.5,-1.5,,lean,1,-1.5,,,,,,Projection stated: Louisville -3,BBOC_20260918_WK3PREV,FG,20260919_SMU_LOUISV,HIGH,LEAN,Upgraded Louisville on Kienholz; makes it Louisville -3,,,PENDING,,host_pick_ledger_WK03_2026.csv,ROSTER,Louisville,401858230,SMU,True,FG,SPREAD,,W,10.0,1.5,1.5,,-3.0,CLOSE_PROXY/DraftKings/n_books=3,True,True,True,,,,,20260926T023919Z,True,False,HOST,True,False,
3,W03-018,BBOC,2026-09-18,Colin Wilson,False,2026-09-19,Virginia Tech at Maryland,SPREAD,Virginia Tech -3,-3.0,,in the Action app,2,-3,,,,,,Host concedes 'no big edge' vs his own number (-3). ASR: 'James Owens' = James Franklin; 'Loxley' = Locksley,BBOC_20260918_WK3PREV,FG,20260919_VIRGIN_MARYLA,HIGH,PICK,Franklin vendetta vs Maryland; Penn State 319-42 combined 2017-24,,,PENDING,,host_pick_ledger_WK03_2026.csv,BASE_RATE,Virginia Tech,401858232,Maryland,False,FG,SPREAD,,W,9.0,-0.5,-0.5,,-2.5,CLOSE_PROXY/DraftKings/n_books=3,False,True,True,,,,,20260926T023919Z,False,False,HOST,True,False,
3,W03-019,BBOC,2026-09-18,Stucky,False,2026-09-19,Virginia Tech at Maryland,TOTAL,over,,,lean,1,,,,,,,"NO_NUMBER_CITED; back-fill candidate from fact_lines CLOSE_PROXY per CONVENTIONS s9 (number_source=MARKET_INFERRED, CLV blocked)",BBOC_20260918_WK3PREV,FG,20260919_VIRGIN_MARYLA,HIGH,LEAN,Franklin runs it up; Locksley won't let up,,,PENDING,,host_pick_ledger_WK03_2026.csv,MOTIVATION,,401858232,,,FG,TOTAL,OVER,,,,,,,,,False,False,NO_NUMBER_CITED,,,,20260926T023919Z,True,False,HOST,True,False,
3,W03-020,BBOC,2026-09-18,Stucky,False,2026-09-19,North Carolina at Clemson,SPREAD,North Carolina +3,3.0,,lean,1,+3,,,,,,ASR: 'UNC plus 30' read as +3 against a stated Clemson -3,BBOC_20260918_WK3PREV,FG,20260919_NORTHC_CLEMSO,HIGH,LEAN,Clemson starting true freshman; trusts Petrino over Morris,,,PENDING,,host_pick_ledger_WK03_2026.csv,ASSERTION,North Carolina,401858229,Clemson,False,FG,SPREAD,,L,-8.0,0.0,0.0,,3.0,CLOSE_PROXY/DraftKings/n_books=3,False,True,True,,,,,20260926T023919Z,True,False,HOST,True,False,
3,W03-021,BBOC,2026-09-18,Colin Wilson,False,2026-09-19,North Carolina at Clemson,TOTAL,under 43.5,43.5,,lean; conditional,1,43.5,,,,,,CONDITIONAL on UNC edge rusher playing; TOL=>41 ('any under above 41'); moved 47.5 open -> <45 -> 43.5 before he could bet (stale-number disclosure),BBOC_20260918_WK3PREV,FG,20260919_NORTHC_CLEMSO,HIGH,LEAN,"Clemson 135th quality drives, 137th havoc allowed; UNC offense no juice",,,PENDING,,host_pick_ledger_WK03_2026.csv,STAT_CITED,,401858229,,,FG,TOTAL,UNDER,L,48.0,-1.0,-1.0,,44.5,CLOSE_PROXY/DraftKings/n_books=3,False,True,True,,,,,20260926T023919Z,True,False,HOST,True,False,
3,W03-022,BBOC,2026-09-18,Colin Wilson,False,2026-09-19,North Carolina at Clemson,TOTAL,under 21.5,21.5,,lean,1,21.5,,,,,,"1H total: grades from line scores, never CLV",BBOC_20260918_WK3PREV,1H,20260919_NORTHC_CLEMSO,HIGH,LEAN,First-half under as the remaining value after full-game number moved,,,PENDING,,host_pick_ledger_WK03_2026.csv,STAT_CITED,,401858229,,,1H,TOTAL,UNDER,L,23.0,,,,,,,True,False,,NO_CFBD_MARKET for TOTAL/1H - CFBD publishes full-game spread/total/ML only,,,20260926T023919Z,True,False,HOST,True,False,
3,W03-023,BBOC,2026-09-18,Colin Wilson,False,2026-09-19,Mississippi State at South Carolina,SPREAD,South Carolina -4,-4.0,,lean; 'I have not bet them',1,-4,,,,,,Projection stated: South Carolina -8.5 (4.5 over market). ASR: 'Lenora Sellers' = LaNorris Sellers; 'Camario Taylor' = Kamario Taylor,BBOC_20260918_WK3PREV,FG,20260919_MISSIS_SOUTHC,HIGH,LEAN,Makes it 8.5; Mississippi State stats inflated by schedule; no pass rush,,,PENDING,,host_pick_ledger_WK03_2026.csv,STAT_CITED,South Carolina,401856691,Mississippi State,True,FG,SPREAD,,L,-7.0,-1.0,-1.0,,-3.0,CLOSE_PROXY/DraftKings/n_books=3,False,True,True,,,,,20260926T023919Z,True,False,HOST,True,False,
3,W03-024,BBOC,2026-09-18,Stucky,False,2026-09-19,Mississippi State at South Carolina,TOTAL,over 58.5,58.5,,lean; 'super square',1,58.5,,,,,,,BBOC_20260918_WK3PREV,FG,20260919_MISSIS_SOUTHC,HIGH,LEAN,Both related coaches run fast tempo with mobile QBs,,,PENDING,,host_pick_ledger_WK03_2026.csv,SCHEME,,401856691,,,FG,TOTAL,OVER,W,75.0,1.0,1.0,,59.5,CLOSE_PROXY/DraftKings/n_books=3,True,True,True,,,,,20260926T023919Z,True,False,HOST,True,False,
3,W03-025,BBOC,2026-09-18,Colin Wilson,False,2026-09-19,Kentucky at Texas A&M,SPREAD,Texas A&M -17,-17.0,,lean; 'might throw a half unit',1,-17,,,,,,"Number is the market read on air by Stucky; host references missing 16.5. ASR: total read as '15.5', implausible, not used. Stucky declares no bet",BBOC_20260918_WK3PREV,FG,20260919_KENTUC_TEXASA,HIGH,LEAN,"A&M defense controls; Kentucky 138th rush EPA, havoc allowed outside 100",,,PENDING,,host_pick_ledger_WK03_2026.csv,STAT_CITED,Texas A&M,401856694,Kentucky,True,FG,SPREAD,,L,-10.0,-0.5,-0.5,,-16.5,CLOSE_PROXY/DraftKings/n_books=3,False,True,True,,,,,20260926T023919Z,True,False,HOST,True,False,
3,W03-027,BBOC,2026-09-18,Colin Wilson,False,2026-09-19,West Virginia vs Virginia,SPREAD,Virginia -10.5,-10.5,,lean; parlay piece,1,-10.5,,,,,,Neutral site (Charlotte). Host 'dead on the number',BBOC_20260918_WK3PREV,FG,20260919_WESTVI_VIRGIN,HIGH,LEAN,Virginia No. 1 defensive finishing drives; safe favorite parlay piece,,,PENDING,,host_pick_ledger_WK03_2026.csv,STAT_CITED,Virginia,401856802,West Virginia,True,FG,SPREAD,,L,-11.0,0.0,0.0,,-10.5,CLOSE_PROXY/DraftKings/n_books=3,False,True,True,,,,,20260926T023919Z,True,False,HOST,True,False,
3,W03-028,BBOC,2026-09-18,Colin Wilson,False,2026-09-19,West Virginia vs Virginia,TOTAL,under 53.5,53.5,,lean,1,53.5,,,,,,Neutral site (Charlotte),BBOC_20260918_WK3PREV,FG,20260919_WESTVI_VIRGIN,HIGH,LEAN,Both teams run heavily; UVA 73% rush rate,,,PENDING,,host_pick_ledger_WK03_2026.csv,STAT_CITED,,401856802,,,FG,TOTAL,UNDER,L,65.0,2.0,2.0,,51.5,CLOSE_PROXY/DraftKings/n_books=3,True,True,True,,,,,20260926T023919Z,True,False,HOST,True,False,
3,W03-029,BBOC,2026-09-18,Colin Wilson,False,2026-09-19,Wyoming at Central Michigan,ML,Central Michigan,,,round robin,1,,,,,,,NO_PRICE_CITED (grades on outright; CLV blocked). HOME_AWAY_UNVERIFIED (Pass B resolves; grader resolves on side team + date). Wyoming QB news; total 38.5,BBOC_20260918_WK3PREV,FG,20260919_WYOMIN_CENTRA,HIGH,PICK,Central Michigan wins; in round robin,,,PENDING,,host_pick_ledger_WK03_2026.csv,NONE,Central Michigan,401864508,Wyoming,True,FG,ML,,W,14.0,,,,,,,True,False,,NO_PRICE_CITED,,,20260926T023919Z,False,False,HOST,True,False,
3,W03-030,BBOC,2026-09-18,Stucky,False,2026-09-19,Louisiana Tech at Baylor,SPREAD,Baylor,,,lean; 'might still play',1,,,,,,,"NO_NUMBER_CITED; back-fill candidate from fact_lines CLOSE_PROXY per CONVENTIONS s9 (number_source=MARKET_INFERRED, CLV blocked); HOME_AWAY_UNVERIFIED (Pass B resolves; grader resolves on side team + date); also floated Baylor 1H and a La Tech team-total under without numbers (not logged separately)",BBOC_20260918_WK3PREV,FG,20260919_LOUISI_BAYLOR,HIGH,LEAN,La Tech QB out; backup Kukuk can't throw; no run game,,,PENDING,,host_pick_ledger_WK03_2026.csv,ROSTER,Baylor,401867804,Louisiana Tech,True,FG,SPREAD,,,,,,,,,,False,False,NO_NUMBER_CITED,,,,20260926T023919Z,True,False,HOST,True,False,
3,W03-031,BBOC,2026-09-18,Stucky,False,2026-09-19,UTSA at Texas,SPREAD,UTSA +30,30.0,,look ahead / look away,2,,,,,,,NUMBER_FROM_PARAPHRASE: said 'trust them to stay within 30'; exact market number not read. Gate NUMBER_FAR_FROM_MARKET check recommended. Colin: UTSA was a box-score fraud,BBOC_20260918_WK3PREV,FG,20260919_UTSA_TEXAS,MED,PICK,Texas flat off Tennessee game; 30+ pt top-10 favorites cover 34%,,,PENDING,,host_pick_ledger_WK03_2026.csv,BASE_RATE,UTSA,401856693,Texas,False,FG,SPREAD,,W,-24.0,0.5,,,29.5,CLOSE_PROXY/DraftKings/n_books=3,True,True,True,,,,,20260926T023919Z,False,False,HOST,True,False,
3,W03-032,BBOC,2026-09-18,Colin Wilson,False,2026-09-19,UTSA at Texas,TOTAL,over,,,lean,1,,,,,,,"NO_NUMBER_CITED; back-fill candidate from fact_lines CLOSE_PROXY per CONVENTIONS s9 (number_source=MARKET_INFERRED, CLV blocked)",BBOC_20260918_WK3PREV,FG,20260919_UTSA_TEXAS,HIGH,LEAN,UTSA defense bad,,,PENDING,,host_pick_ledger_WK03_2026.csv,ASSERTION,,401856693,,,FG,TOTAL,OVER,,,,,,,,,False,False,NO_NUMBER_CITED,,,,20260926T023919Z,True,False,HOST,True,False,
3,W03-033,BBOC,2026-09-18,Colin Wilson,False,2026-09-19,New Mexico at Oklahoma,SPREAD,New Mexico,,,on the board,2,,,,,,,"NO_NUMBER_CITED; back-fill candidate from fact_lines CLOSE_PROXY per CONVENTIONS s9 (number_source=MARKET_INFERRED, CLV blocked)",BBOC_20260918_WK3PREV,FG,20260919_NEWMEX_OKLAHO,HIGH,PICK,On the Lobos; New Mexico defensive numbers elite,,,PENDING,,host_pick_ledger_WK03_2026.csv,STAT_CITED,New Mexico,401856690,Oklahoma,False,FG,SPREAD,,,,,,,,,,False,False,NO_NUMBER_CITED,,,,20260926T023919Z,False,False,HOST,True,False,
3,W03-034,BBOC,2026-09-18,Stucky,False,2026-09-19,New Mexico at Oklahoma,SPREAD,New Mexico,,,look ahead / look away,2,,,,,,,"NO_NUMBER_CITED; back-fill candidate from fact_lines CLOSE_PROXY per CONVENTIONS s9 (number_source=MARKET_INFERRED, CLV blocked); TOL=>21 ('anything over three touchdowns'); Calabrese cited +22.5 on 09-16",BBOC_20260918_WK3PREV,FG,20260919_NEWMEX_OKLAHO,HIGH,PICK,"Oklahoma sandwich; Lobos slow, experienced, QB depth; anything over three TDs",,,PENDING,,host_pick_ledger_WK03_2026.csv,ROSTER,New Mexico,401856690,Oklahoma,False,FG,SPREAD,,,,,,,,,,False,False,NO_NUMBER_CITED,,,,20260926T023919Z,False,False,HOST,True,False,
3,W03-035,BBOC,2026-09-18,Colin Wilson,False,2026-09-19,New Mexico at Oklahoma,TOTAL,under 46.5,46.5,,betting on air,2,45 to 46.5,,,,,,Projection stated: 37 (9.5 under market). Stucky reads total trending toward 45,BBOC_20260918_WK3PREV,FG,20260919_NEWMEX_OKLAHO,HIGH,PICK,Makes total 37; New Mexico defensive havoc and tackling numbers,,,PENDING,,host_pick_ledger_WK03_2026.csv,STAT_CITED,,401856690,,,FG,TOTAL,UNDER,W,20.0,1.0,,,45.5,CLOSE_PROXY/DraftKings/n_books=3,True,True,True,,,,AMBIGUOUS_MULTIPLE_NUMBERS,20260926T023919Z,False,False,HOST,True,False,
3,W03-036,BBOC,2026-09-18,Stucky,False,2026-09-19,Kent State at Ohio State,SPREAD,Kent State +52.5,52.5,,trash,1,+52.5,,,,,,Colin makes it 51 but declines ('not touching this'); not logged for Colin,BBOC_20260918_WK3PREV,FG,20260919_KENTST_OHIOST,HIGH,PICK,Ohio State flat after Texas; top-10 30+ favorites cover about 30-something percent,,,PENDING,,host_pick_ledger_WK03_2026.csv,BASE_RATE,Kent State,401858454,Ohio State,False,FG,SPREAD,,L,-56.0,0.0,0.0,,52.5,CLOSE_PROXY/DraftKings/n_books=3,False,True,True,,,,,20260926T023919Z,False,False,HOST,True,False,
3,W03-037,BBOC,2026-09-18,Stucky,False,2026-09-19,UTEP at Michigan,SPREAD,UTEP +35,35.0,,trash,1,+35,,,,,,,BBOC_20260918_WK3PREV,FG,20260919_UTEP_MICHIG,HIGH,PICK,UTEP very slow; Michigan won't run Underwood with Iowa next,,,PENDING,,host_pick_ledger_WK03_2026.csv,SCHEME,UTEP,401858450,Michigan,False,FG,SPREAD,,P,-35.0,0.5,0.5,,34.5,CLOSE_PROXY/DraftKings/n_books=3,True,True,True,,,,,20260926T023919Z,False,False,HOST,True,False,
3,W03-038,BBOC,2026-09-18,Colin Wilson,False,2026-09-19,UTEP at Michigan,SPREAD,UTEP +35,35.0,,on the board (agree),1,+35,,,,,,,BBOC_20260918_WK3PREV,FG,20260919_UTEP_MICHIG,HIGH,PICK,UTEP SOS 20th; top 25 PFF tackling; 28.9 seconds per play,,,PENDING,,host_pick_ledger_WK03_2026.csv,STAT_CITED,UTEP,401858450,Michigan,False,FG,SPREAD,,P,-35.0,0.5,0.5,,34.5,CLOSE_PROXY/DraftKings/n_books=3,True,True,True,,,,,20260926T023919Z,False,False,HOST,True,False,
3,W03-039,BBOC,2026-09-18,Stucky,False,2026-09-19,Bowling Green at Iowa State,SPREAD,Bowling Green +24,24.0,,trash (split),1,+24,,,,,,Split position with W03-040,BBOC_20260918_WK3PREV,FG,20260919_BOWLIN_IOWAST,HIGH,PICK,"Iowa State spot after Iowa, Utah next; ISU offense broken",,,PENDING,,host_pick_ledger_WK03_2026.csv,MOTIVATION,Bowling Green,401856798,Iowa State,False,FG,SPREAD,,L,-48.0,0.5,0.5,,23.5,CLOSE_PROXY/DraftKings/n_books=3,True,True,True,,,,,20260926T023919Z,False,False,HOST,True,False,
3,W03-040,BBOC,2026-09-18,Stucky,False,2026-09-19,Bowling Green at Iowa State,TOTAL,under 44,44.0,,trash (split),1,44,,,,,,Split position with W03-039,BBOC_20260918_WK3PREV,FG,20260919_BOWLIN_IOWAST,HIGH,PICK,BG offense invisible; ISU defense legit,,,PENDING,,host_pick_ledger_WK03_2026.csv,ROSTER,,401856798,,,FG,TOTAL,UNDER,L,62.0,0.5,0.5,,43.5,CLOSE_PROXY/DraftKings/n_books=3,True,True,True,,,,,20260926T023919Z,False,False,HOST,True,False,
3,W03-041,BBOC,2026-09-18,Colin Wilson,False,2026-09-19,Bowling Green at Iowa State,SPREAD,Iowa State -24,-24.0,,'should be a bet',1,-24,,,,,,Projection stated: Iowa State -32 (8 over market). Not stated as placed,BBOC_20260918_WK3PREV,FG,20260919_BOWLIN_IOWAST,HIGH,LEAN,Makes it 32; Rogers won't take possessions off,,,PENDING,,host_pick_ledger_WK03_2026.csv,MOTIVATION,Iowa State,401856798,Bowling Green,True,FG,SPREAD,,W,48.0,-0.5,-0.5,,-23.5,CLOSE_PROXY/DraftKings/n_books=3,False,True,True,,,,,20260926T023919Z,True,False,HOST,True,False,
3,W03-042,BBOC,2026-09-18,Stucky,False,2026-09-19,USC at Rutgers,SPREAD,Rutgers,,,trash,1,,,,,,,"NO_NUMBER_CITED; back-fill candidate from fact_lines CLOSE_PROXY per CONVENTIONS s9 (number_source=MARKET_INFERRED, CLV blocked)",BBOC_20260918_WK3PREV,FG,20260919_USC_RUTGER,HIGH,PICK,USC 12-31-2 ATS in another time zone; Oregon on deck,,,PENDING,,host_pick_ledger_WK03_2026.csv,BASE_RATE,Rutgers,401858457,USC,True,FG,SPREAD,,,,,,,,,,False,False,NO_NUMBER_CITED,,,,20260926T023919Z,False,False,HOST,True,False,
3,W03-043,BBOC,2026-09-18,Colin Wilson,False,2026-09-19,USC at Rutgers,TOTAL,over,,,written up in the Action app,2,,,,,,,"NO_NUMBER_CITED; back-fill candidate from fact_lines CLOSE_PROXY per CONVENTIONS s9 (number_source=MARKET_INFERRED, CLV blocked)",BBOC_20260918_WK3PREV,FG,20260919_USC_RUTGER,HIGH,PICK,Rutgers 20th pass EPA; USC defense 95th havoc,,,PENDING,,host_pick_ledger_WK03_2026.csv,STAT_CITED,,401858457,,,FG,TOTAL,OVER,,,,,,,,,False,False,NO_NUMBER_CITED,,,,20260926T023919Z,False,False,HOST,True,False,
3,W03-044,BBOC,2026-09-18,Stucky,False,2026-09-19,Georgia State at UNRESOLVED,SPREAD,Georgia State +17.5,17.5,,trash; 'small play',1,+17.5,,,,,,"OPPONENT_UNRESOLVED: not named on air (opponent QB 'Barnett' out, 'Keon Jenkins' starting). Grader resolves on side team + date",BBOC_20260918_WK3PREV,FG,20260919_GEORGI_UNRESO,HIGH,PICK,Better QB in Cameron Brown; upgraded offensive staff,,,PENDING,,host_pick_ledger_WK03_2026.csv,ROSTER,Georgia State,401856800,UCF,False,FG,SPREAD,,W,-14.0,0.0,0.0,,17.5,CLOSE_PROXY/DraftKings/n_books=3,False,True,True,,,,,20260926T023919Z,False,False,HOST,True,False,
3,W03-045,BBOC,2026-09-18,Stucky,False,2026-09-19,Western Michigan at Rice,SPREAD,Rice +9.5,9.5,,trash,1,+9.5,,,,,,,BBOC_20260918_WK3PREV,FG,20260919_WESTER_RICE,HIGH,PICK,Slow run-heavy teams; Monmouth outgained WMU 431-414,,,PENDING,,host_pick_ledger_WK03_2026.csv,STAT_CITED,Rice,401862773,Western Michigan,True,FG,SPREAD,,W,-7.0,1.0,1.0,,8.5,CLOSE_PROXY/DraftKings/n_books=3,True,True,True,,,,,20260926T023919Z,False,False,HOST,True,False,
3,W03-046,BBOC,2026-09-18,Colin Wilson,False,2026-09-19,Western Michigan at Rice,SPREAD,Rice +9.5,9.5,,on the board,2,+9.5,,,,,,"Projection stated: WMU -3 (6.5 off market). TOL: would buy to +10 at -120. Wants 10, saw it flash",BBOC_20260918_WK3PREV,FG,20260919_WESTER_RICE,HIGH,PICK,"Power-rates WMU -3; line six points off, driven by Michigan game",,,PENDING,,host_pick_ledger_WK03_2026.csv,ASSERTION,Rice,401862773,Western Michigan,True,FG,SPREAD,,W,-7.0,1.0,1.0,,8.5,CLOSE_PROXY/DraftKings/n_books=3,True,True,True,,,,,20260926T023919Z,False,False,HOST,True,False,
3,W03-047,BBOC,2026-09-18,Stucky,False,2026-09-19,BYU at Colorado State,SPREAD,Colorado State +18,18.0,,'run one by you',1,+18,,,,,,"Floated, then omitted from his own trash recap: LEAN",BBOC_20260918_WK3PREV,FG,20260919_BYU_COLORA,HIGH,LEAN,BYU spot before Big 12; Sitake 4-8 ATS as 14+ non-conference favorite,,,PENDING,,host_pick_ledger_WK03_2026.csv,BASE_RATE,Colorado State,401856795,BYU,True,FG,SPREAD,,P,-18.0,0.5,0.5,,17.5,CLOSE_PROXY/DraftKings/n_books=3,True,True,True,,,,,20260926T023919Z,True,False,HOST,True,False,
3,W03-048,BBOC,2026-09-18,Stucky,False,2026-09-19,Georgia at Arkansas,SPREAD,Arkansas +25.5,25.5,,trash; head-to-head,1,+25.5,,,,,,Projection stated: Georgia -21 (blended Stucky/Colin rating used to power the Action app),BBOC_20260918_WK3PREV,FG,20260919_GEORGI_ARKANS,HIGH,PICK,Blended power rating 21; Kirby 9-17 ATS as 21-39 pt SEC favorite,,,PENDING,,host_pick_ledger_WK03_2026.csv,BASE_RATE,Arkansas,401856686,Georgia,True,FG,SPREAD,,L,-28.0,1.0,1.0,,24.5,CLOSE_PROXY/DraftKings/n_books=3,True,True,True,,,,,20260926T023919Z,False,False,HOST,True,False,
3,W03-049,BBOC,2026-09-18,Colin Wilson,False,2026-09-19,Georgia at Arkansas,SPREAD,Georgia,,,bet (stated earlier in week),2,-25.5,,,,,,"NO_NUMBER_CITED; back-fill candidate from fact_lines CLOSE_PROXY per CONVENTIONS s9 (number_source=MARKET_INFERRED, CLV blocked); ENTRY_PREDATES_EPISODE (Stucky: 'I know you already bet Georgia'). Host's own blended rating is ~21 per Stucky: position is 4.5 pts against his own number. Also holds Georgia 1H (removed, W03-050)",BBOC_20260918_WK3PREV,FG,20260919_GEORGI_ARKANS,HIGH,PICK,Arkansas OL garbage; Jackson pressured; Georgia 9 missed tackles in two games,,,PENDING,,host_pick_ledger_WK03_2026.csv,STAT_CITED,Georgia,401856686,Arkansas,False,FG,SPREAD,,,,,,,,,,False,False,NO_NUMBER_CITED,,,,20260926T023919Z,False,False,HOST,True,False,
3,W03-051,BBOC,2026-09-18,Stucky,False,2026-09-19,Ohio at South Alabama,SPREAD,South Alabama -6,-6.0,,trash,1,,,,,,,Number is a tolerance ('I know the lines move. I'd still lay six'); market number not read. HOME_AWAY_UNVERIFIED (Pass B resolves; grader resolves on side team + date),BBOC_20260918_WK3PREV,FG,20260919_OHIO_SOUTHA,MED,PICK,Ohio down to third-string QB; lucky last week,,,PENDING,,host_pick_ledger_WK03_2026.csv,ROSTER,South Alabama,401866423,Ohio,True,FG,SPREAD,,L,5.0,1.0,,,-7.0,CLOSE_PROXY/DraftKings/n_books=3,True,True,True,,,,,20260926T023919Z,False,False,HOST,True,False,
3,W03-052,BBOC,2026-09-18,Colin Wilson,False,2026-09-19,James Madison at San Diego State,TOTAL,under,,,'under is the play',2,,,,,,,"NO_NUMBER_CITED; back-fill candidate from fact_lines CLOSE_PROXY per CONVENTIONS s9 (number_source=MARKET_INFERRED, CLV blocked); projection stated: 41.5",BBOC_20260918_WK3PREV,FG,20260919_JAMESM_SANDIE,HIGH,PICK,Projects 41.5; JMU looking ahead to ODU; SDSU broken,,,PENDING,,host_pick_ledger_WK03_2026.csv,MOTIVATION,,401860887,,,FG,TOTAL,UNDER,,,,,,,,,False,False,NO_NUMBER_CITED,,,,20260926T023919Z,False,False,HOST,True,False,
3,W03-053,BBOC,2026-09-18,Stucky,False,2026-09-19,Purdue at UCLA,SPREAD,Purdue +14.5,14.5,,lean,1,+14.5,,,,,,Home side inferred from 11 p.m. start and Purdue travel [INF],BBOC_20260918_WK3PREV,FG,20260919_PURDUE_UCLA,HIGH,LEAN,Numbers lean Purdue at 14.5 despite bad spot,,,PENDING,,host_pick_ledger_WK03_2026.csv,ASSERTION,Purdue,401858458,UCLA,False,FG,SPREAD,,W,-14.0,0.5,0.5,,14.0,CLOSE_PROXY/DraftKings/n_books=3,True,True,True,,,,,20260926T023919Z,True,False,HOST,True,False,
3,W03-054,BBOC,2026-09-18,Stucky,False,2026-09-19,Miami at Wake Forest,SPREAD,Wake Forest +21,21.0,,board ('I played Wake'),2,+21,,,,,,,BBOC_20260918_WK3PREV,FG,20260919_MIAMI_WAKEFO,HIGH,PICK,Miami secondary decimated; line inflated by Stanford and FAMU games,,,PENDING,,host_pick_ledger_WK03_2026.csv,ROSTER,Wake Forest,401858226,Miami,True,FG,SPREAD,,W,-13.0,0.5,0.5,,20.5,CLOSE_PROXY/DraftKings/n_books=3,True,True,True,,,,,20260926T023919Z,False,False,HOST,True,False,
3,W03-055,BBOC,2026-09-18,Colin Wilson,False,2026-09-19,Miami at Wake Forest,SPREAD,Wake Forest +21,21.0,,on the board,2,+21,,,,,,,BBOC_20260918_WK3PREV,FG,20260919_MIAMI_WAKEFO,HIGH,PICK,"Lucas, Frederique out; freshman safety first start; Wake top 20 coverage",,,PENDING,,host_pick_ledger_WK03_2026.csv,ROSTER,Wake Forest,401858226,Miami,True,FG,SPREAD,,W,-13.0,0.5,0.5,,20.5,CLOSE_PROXY/DraftKings/n_books=3,True,True,True,,,,,20260926T023919Z,False,False,HOST,True,False,
3,W03-056,BBOC,2026-09-18,Stucky,False,2026-09-18,Houston at Texas Tech,TOTAL,under,,,on the board,2,,,,,,,"NO_NUMBER_CITED; back-fill candidate from fact_lines CLOSE_PROXY per CONVENTIONS s9 (number_source=MARKET_INFERRED, CLV blocked); Friday game, already played at time of ingest",BBOC_20260918_WK3PREV,FG,20260918_HOUSTO_TEXAST,HIGH,PICK,Texas Tech offense has issues; defense getting White and safety Jordan back,,,PENDING,,host_pick_ledger_WK03_2026.csv,ROSTER,,401856811,,,FG,TOTAL,UNDER,,,,,,,,,False,False,NO_NUMBER_CITED,,,,20260926T023919Z,False,False,HOST,True,False,
3,W03-057,BBOC,2026-09-18,Colin Wilson,False,2026-09-18,Houston at Texas Tech,TOTAL,under,,,on the board,2,,,,,,,"NO_NUMBER_CITED; back-fill candidate from fact_lines CLOSE_PROXY per CONVENTIONS s9 (number_source=MARKET_INFERRED, CLV blocked); Friday game, already played",BBOC_20260918_WK3PREV,FG,20260918_HOUSTO_TEXAST,HIGH,PICK,Oregon State comparison favors Houston; TTU held 7 straight under 100 rushing,,,PENDING,,host_pick_ledger_WK03_2026.csv,STAT_CITED,,401856811,,,FG,TOTAL,UNDER,,,,,,,,,False,False,NO_NUMBER_CITED,,,,20260926T023919Z,False,False,HOST,True,False,
3,W03-058,BBOC,2026-09-18,Colin Wilson,False,2026-09-18,Houston at Texas Tech,ML,Houston,,,lean,1,,,,,,,"NO_PRICE_CITED; Friday game, already played",BBOC_20260918_WK3PREV,FG,20260918_HOUSTO_TEXAST,HIGH,LEAN,Should be playing Houston moneyline off Oregon State comparison,,,PENDING,,host_pick_ledger_WK03_2026.csv,STAT_CITED,Houston,401856811,Texas Tech,False,FG,ML,,L,-2.0,,,,,,,True,False,,NO_PRICE_CITED,,,20260926T023919Z,True,False,HOST,True,False,
3,W03-059,BBOC,2026-09-18,Stucky,False,2026-09-19,North Texas at Texas State,SPREAD,Texas State -2.5,-2.5,,overdog parlay,1,-2.5,,,,,,HOME_AWAY_UNVERIFIED (Pass B resolves; grader resolves on side team + date); projection: 'over a field goal',BBOC_20260918_WK3PREV,FG,20260919_NORTHT_TEXASS,HIGH,PICK,Texas State 0-2 but unlucky; North Texas secondary injuries,,,PENDING,,host_pick_ledger_WK03_2026.csv,ROSTER,Texas State,401860889,North Texas,True,FG,SPREAD,,W,14.0,0.5,0.5,,-3.0,CLOSE_PROXY/DraftKings/n_books=3,True,True,True,,,,,20260926T023919Z,False,False,HOST,True,False,
3,W03-060,BBOC,2026-09-18,Colin Wilson,False,2026-09-19,Utah State at Utah,SPREAD,Utah -27.5,-27.5,,overdog parlay,1,,,,,,,ENTRY_PREDATES_EPISODE (bought at open 27.5); TOL=-28; projection 31; current number not read. HOME_AWAY_UNVERIFIED (Pass B resolves; grader resolves on side team + date),BBOC_20260918_WK3PREV,FG,20260919_UTAHST_UTAH,HIGH,PICK,"Utah 31 personnel, hybrid QBs; makes it 31",,,PENDING,,host_pick_ledger_WK03_2026.csv,SCHEME,Utah,401856801,Utah State,True,FG,SPREAD,,W,33.0,-1.0,,,-26.5,CLOSE_PROXY/DraftKings/n_books=3,False,True,True,,,,,20260926T023919Z,False,False,HOST,True,False,
3,W03-061,BBOC,2026-09-18,Stucky,False,2026-09-19,Fresno State at San Jose State,ML,San Jose State,,,underdog ML parlay,1,,,,,,,NO_PRICE_CITED. HOME_AWAY_UNVERIFIED (Pass B resolves; grader resolves on side team + date),BBOC_20260918_WK3PREV,FG,20260919_FRESNO_SANJOS,HIGH,PICK,Not buying Fresno off Sac State win; SJSU has more juice,,,PENDING,,host_pick_ledger_WK03_2026.csv,ASSERTION,San José State,401860888,Fresno State,True,FG,ML,,L,-16.0,,,,,,,True,False,,NO_PRICE_CITED,,,20260926T023919Z,False,False,HOST,True,False,
3,W03-062,BBOC,2026-09-18,Colin Wilson,False,2026-09-19,Fresno State at San Jose State,ML,San Jose State,,,agree ('I will be on that'),1,,,,,,,NO_PRICE_CITED. HOME_AWAY_UNVERIFIED (Pass B resolves; grader resolves on side team + date),BBOC_20260918_WK3PREV,FG,20260919_FRESNO_SANJOS,HIGH,PICK,Agreement only,,,PENDING,,host_pick_ledger_WK03_2026.csv,NONE,San José State,401860888,Fresno State,True,FG,ML,,L,-16.0,,,,,,,True,False,,NO_PRICE_CITED,,,20260926T023919Z,False,False,HOST,True,False,
3,W03-063,BBOC,2026-09-18,Colin Wilson,False,2026-09-19,Delaware at Coastal Carolina,ML,Coastal Carolina,,,underdog ML parlay,1,+4 (spread),,,,,,"NO_PRICE_CITED; spread read as 4, host projects ~1. HOME_AWAY_UNVERIFIED (Pass B resolves; grader resolves on side team + date); 11:30 a.m. ET kick",BBOC_20260918_WK3PREV,FG,20260919_DELAWA_COASTA,HIGH,PICK,Delaware 131st havoc allowed; Coastal 7th pass rush; projects about 1,,,PENDING,,host_pick_ledger_WK03_2026.csv,STAT_CITED,Coastal Carolina,401869940,Delaware,False,FG,ML,,L,-8.0,,,,,,,True,False,,NO_PRICE_CITED,,,20260926T023919Z,False,False,HOST,True,False,
3,W03-064,Cover 3,2026-09-17,Tom Fornelli,False,2026-09-18,Houston at Texas Tech,SPREAD,Houston +8.5,8.5,,lock card (tier inferred from segment),2,+8.5,,,,,,First weeknight play of the year on the locks pod. Game played Fri 18 Sep.,C3_20260917_LOCKS,FG,20260918_HOUSTO_TEXAST,HIGH,PICK,Houston more competent vs common opponent; Texas Tech untested in close games,,,PENDING,,host_pick_ledger_WK03_2026.csv,ROSTER,Houston,401856811,Texas Tech,False,FG,SPREAD,,W,-2.0,1.0,1.0,,7.5,CLOSE_PROXY/DraftKings/n_books=3,True,True,True,,,,,20260926T023919Z,False,False,HOST,True,False,
3,W03-065,Cover 3,2026-09-17,Danny Kanell,False,2026-09-18,Houston at Texas Tech,SPREAD,Houston +8.5,8.5,,lock card (tier inferred from segment),2,+8.5,,,,,,Lock agreement with Tom Fornelli (same number). Game played Fri 18 Sep.,C3_20260917_LOCKS,FG,20260918_HOUSTO_TEXAST,HIGH,PICK,Agrees with Tom on Houston; two-for-one with the under,,,PENDING,,host_pick_ledger_WK03_2026.csv,NONE,Houston,401856811,Texas Tech,False,FG,SPREAD,,W,-2.0,1.0,1.0,,7.5,CLOSE_PROXY/DraftKings/n_books=3,True,True,True,,,,,20260926T023919Z,False,False,HOST,True,False,
3,W03-066,Cover 3,2026-09-17,Danny Kanell,False,2026-09-18,Houston at Texas Tech,TOTAL,under 51.5,51.5,,lock card (tier inferred from segment),2,51.5,,,,,,Two-for-one with his Houston +8.5; correlated (dog plus under).,C3_20260917_LOCKS,FG,20260918_HOUSTO_TEXAST,HIGH,PICK,"Both defenses improve after Atkinson game; one-possession, low-scoring game",,,PENDING,,host_pick_ledger_WK03_2026.csv,ASSERTION,,401856811,,,FG,TOTAL,UNDER,L,54.0,-1.0,-1.0,,52.5,CLOSE_PROXY/DraftKings/n_books=3,False,True,True,,,,,20260926T023919Z,False,False,HOST,True,False,
3,W03-067,Cover 3,2026-09-17,Unnamed Picker (Cover 3),False,2026-09-19,LSU at Ole Miss,TOTAL,over 57.5,57.5,,"official bet on a single game, speaker not named (tier inferred)",2,57.5,,,,,,"SPEAKER_UNRESOLVED: the speaker says he is headed to Oxford and calls it 'my official bet', but the pick is missing from the host's closing recap and no name is said. Not Bud (he says he played the under at 59.5 earlier in the week). Held out of every host baseline.",C3_20260917_LOCKS,FG,20260919_LSU_OLEMIS,LOW,PICK,Ole Miss secondary breakdowns plus Chambliss playmaking point to points both ways,,,PENDING,,host_pick_ledger_WK03_2026.csv,ROSTER,,401856688,,,FG,TOTAL,OVER,L,56.0,1.0,1.0,,58.5,CLOSE_PROXY/DraftKings/n_books=3,True,True,True,,,,,20260926T023919Z,False,False,UNRESOLVED,False,False,
3,W03-068,Cover 3,2026-09-17,Danny Kanell,False,2026-09-19,LSU at Ole Miss,SPREAD,Ole Miss +2.5,2.5,,lock card (tier inferred from segment),2,+2.5,,,,,,Line moved 3 to 1.5 on the Leavitt report and sits at 2.5; recap carries +2.5. HEAD-TO-HEAD with BBOC Colin Wilson LSU -3 (W03-013).,C3_20260917_LOCKS,FG,20260919_LSU_OLEMIS,HIGH,PICK,Clear QB edge to Chambliss at home; trusts him over Leavitt,,,PENDING,,host_pick_ledger_WK03_2026.csv,ROSTER,Ole Miss,401856688,LSU,True,FG,SPREAD,,W,8.0,-0.5,-0.5,,3.0,CLOSE_PROXY/DraftKings/n_books=3,False,True,True,,,,,20260926T023919Z,False,False,HOST,True,False,
3,W03-069,Cover 3,2026-09-17,Bud Elliott,False,2026-09-19,SMU at Louisville,SPREAD,Louisville -1.5,-1.5,,lock card (tier inferred from segment),2,-1.5,,,,,,ASR: 'Braum' = Jeff Brohm; 'Lamar Keanholtz' = Lincoln Kienholz.,C3_20260917_LOCKS,FG,20260919_SMU_LOUISV,HIGH,PICK,Louisville more physical and balanced; Kienholz mobility an unlock,,,PENDING,,host_pick_ledger_WK03_2026.csv,SCHEME,Louisville,401858230,SMU,True,FG,SPREAD,,W,10.0,1.5,1.5,,-3.0,CLOSE_PROXY/DraftKings/n_books=3,True,True,True,,,,,20260926T023919Z,False,False,HOST,True,False,
3,W03-070,Cover 3,2026-09-17,Chip Patterson,False,2026-09-19,SMU at Louisville,TOTAL,under 30.5,30.5,,lock card (tier inferred from segment),2,30.5,,,,,,Derivative; never yields CLV.,C3_20260917_LOCKS,1H,20260919_SMU_LOUISV,HIGH,PICK,SMU has no FBS first half over 30.5 in 12 games; big-game feel-out,,,PENDING,,host_pick_ledger_WK03_2026.csv,STAT_CITED,,401858230,,,1H,TOTAL,UNDER,L,31.0,,,,,,,True,False,,NO_CFBD_MARKET for TOTAL/1H - CFBD publishes full-game spread/total/ML only,,,20260926T023919Z,False,False,HOST,True,False,
3,W03-071,Cover 3,2026-09-17,Tom Fornelli,False,2026-09-19,SMU at Louisville,TOTAL,under 59.5,59.5,,lock card (tier inferred from segment),2,59.5,,,,,,Correlated with Chip's 1H under on the same game.,C3_20260917_LOCKS,FG,20260919_SMU_LOUISV,HIGH,PICK,Louisville leans on run game; big-game conservatism under new clock rules,,,PENDING,,host_pick_ledger_WK03_2026.csv,SCHEME,,401858230,,,FG,TOTAL,UNDER,L,72.0,2.0,2.0,,57.5,CLOSE_PROXY/DraftKings/n_books=3,True,True,True,,,,,20260926T023919Z,False,False,HOST,True,False,
3,W03-072,Cover 3,2026-09-17,Chip Patterson,False,2026-09-19,Florida State at Alabama,TEAM_TOTAL,Alabama over 33.5,33.5,,lock card (tier inferred from segment),2,33.5,,,,,,Number bought on air ('I get you'); the recap carries the bought number. First stated 34.5. TEAM_TOTAL never yields CLV.,C3_20260917_LOCKS,FG,20260919_FLORID_ALABAM,HIGH,PICK,"Size, speed, talent edge plus revenge; sees 35 to 40 before calling dogs off",,,PENDING,,host_pick_ledger_WK03_2026.csv,ROSTER,Alabama,401856685,Florida State,True,FG,TEAM_TOTAL,OVER,W,50.0,,,,,,,True,False,,NO_CFBD_MARKET for TEAM_TOTAL/FG - CFBD publishes full-game spread/total/ML only,,,20260926T023919Z,False,False,HOST,True,False,
3,W03-073,Cover 3,2026-09-17,Chip Patterson,False,2026-09-19,USC at Rutgers,TOTAL,over 59.5,59.5,,lock card (tier inferred from segment),2,59.5,,,,,,OPPOSES Producer (Taft/Stryker) under 60.5 on the same game.,C3_20260917_LOCKS,FG,20260919_USC_RUTGER,HIGH,PICK,Schiano backed into a corner will score; backdoor-style late points,,,PENDING,,host_pick_ledger_WK03_2026.csv,ASSERTION,,401858457,,,FG,TOTAL,OVER,W,77.0,-1.0,-1.0,,58.5,CLOSE_PROXY/DraftKings/n_books=3,False,True,True,,,,,20260926T023919Z,False,False,HOST,True,False,
3,W03-074,Cover 3,2026-09-17,Producer (Taft/Stryker),False,2026-09-19,USC at Rutgers,TOTAL,under 60.5,60.5,,producer pick (tier inferred),2,60.5,,,,,,Producers claim a 3-0 streak. Credited to SportsLine's model.,C3_20260917_LOCKS,FG,20260919_USC_RUTGER,HIGH,PICK,USC first road trip; look-ahead to Oregon; Rutgers offense weak vs ranked teams,,,PENDING,,host_pick_ledger_WK03_2026.csv,ASSERTION,,401858457,,,FG,TOTAL,UNDER,L,77.0,2.0,2.0,,58.5,CLOSE_PROXY/DraftKings/n_books=3,True,True,True,,,,,20260926T023919Z,False,False,PRODUCER,False,False,
3,W03-075,Cover 3,2026-09-17,Michael Snowden,True,2026-09-19,LSU at Ole Miss,SPREAD,Ole Miss +2.5,2.5,,"guest pick, St. Jude auction winner (tier inferred)",2,+2.5,,,,,,Guest (Ole Miss fan). Same side as Danny Kanell.,C3_20260917_LOCKS,FG,20260919_LSU_OLEMIS,HIGH,PICK,Home team has won every meeting this decade; Ole Miss must start fast,,,PENDING,,host_pick_ledger_WK03_2026.csv,BASE_RATE,Ole Miss,401856688,LSU,True,FG,SPREAD,,W,8.0,-0.5,-0.5,,3.0,CLOSE_PROXY/DraftKings/n_books=3,False,True,True,,,,,20260926T023919Z,False,True,GUEST,False,False,
3,W03-076,Cover 3,2026-09-17,Michael Snowden,True,2026-09-19,SMU at Louisville,SPREAD,Louisville -1.5,-1.5,,"guest pick, St. Jude auction winner (tier inferred)",2,-1.5,,,,,,Same side as Bud Elliott.,C3_20260917_LOCKS,FG,20260919_SMU_LOUISV,HIGH,PICK,Saw Louisville in person; rates Kienholz highly,,,PENDING,,host_pick_ledger_WK03_2026.csv,ASSERTION,Louisville,401858230,SMU,True,FG,SPREAD,,W,10.0,1.5,1.5,,-3.0,CLOSE_PROXY/DraftKings/n_books=3,True,True,True,,,,,20260926T023919Z,False,True,GUEST,False,False,
3,W03-077,Cover 3,2026-09-17,Michael Snowden,True,2026-09-19,Florida State at Alabama,SPREAD,Alabama -5.5,-5.5,,"guest pick, St. Jude auction winner (tier inferred)",2,-5.5,,,,,,Derivative; never yields CLV. Also leg 1 of his 1Q parlay (not double-logged).,C3_20260917_LOCKS,Q1,20260919_FLORID_ALABAM,HIGH,PICK,Angry Alabama comes out firing,,,PENDING,,host_pick_ledger_WK03_2026.csv,MOTIVATION,Alabama,401856685,Florida State,True,Q1,SPREAD,,L,-11.0,,,,,,,True,False,,NO_CFBD_MARKET for SPREAD/Q1 - CFBD publishes full-game spread/total/ML only,,,20260926T023919Z,False,True,GUEST,False,False,
3,W03-078,Cover 3,2026-09-17,Michael Snowden,True,2026-09-19,Florida State at Alabama,TEAM_TOTAL,Alabama over 34.5,34.5,,"guest pick, St. Jude auction winner (tier inferred)",2,34.5,,,,,,Two-for-one with his Alabama 1Q; same read as Chip's team total over (Chip at 33.5).,C3_20260917_LOCKS,FG,20260919_FLORID_ALABAM,HIGH,PICK,Alabama comes out firing; revenge,,,PENDING,,host_pick_ledger_WK03_2026.csv,MOTIVATION,Alabama,401856685,Florida State,True,FG,TEAM_TOTAL,OVER,W,50.0,,,,,,,True,False,,NO_CFBD_MARKET for TEAM_TOTAL/FG - CFBD publishes full-game spread/total/ML only,,,20260926T023919Z,False,True,GUEST,False,False,
3,W03-079,Cover 3,2026-09-17,Michael Snowden,True,2026-09-19,Mississippi State at South Carolina,ML,Mississippi State,,+150,guest Moneyline Sprinkle (tier inferred),1,+150,,,,,,"Stated as the outright, not the spread.",C3_20260917_LOCKS,FG,20260919_MISSIS_SOUTHC,HIGH,PICK,Kamario Taylor impressive; Mississippi State due to pick someone off,,,PENDING,,host_pick_ledger_WK03_2026.csv,ROSTER,Mississippi State,401856691,South Carolina,False,FG,ML,,W,7.0,,,0.02373,136.0,CLOSE_PROXY/DraftKings,True,True,True,,,,,20260926T023919Z,False,True,GUEST,False,False,
3,W03-080,Cover 3,2026-09-17,Michael Snowden,True,2026-09-19,Florida at Auburn,SPREAD,Florida -2.5,-2.5,,"guest pick, St. Jude auction winner (tier inferred)",2,-2.5,,,,,,ASR: 'the floor to' = 'the Florida'. Bud's three-star lock agrees.,C3_20260917_LOCKS,FG,20260919_FLORID_AUBURN,HIGH,PICK,Florida's roster more ready to win now; Auburn heading the right way but not there,,,PENDING,,host_pick_ledger_WK03_2026.csv,ROSTER,Florida,401856687,Auburn,False,FG,SPREAD,,W,5.0,0.0,0.0,,-2.5,CLOSE_PROXY/DraftKings/n_books=3,False,True,True,,,,,20260926T023919Z,False,True,GUEST,False,False,
3,W03-081,Cover 3,2026-09-17,Bud Elliott,False,2026-09-19,Florida at Auburn,SPREAD,Florida -2.5,-2.5,,three-star lock (STATED),3,-2.5,,,,,,"Stated as a lock agreement with the guest, then made his three-star lock.",C3_20260917_LOCKS,FG,20260919_FLORID_AUBURN,HIGH,PICK,Golesh offense has not topped 20 vs a Power Four team; Florida 30-20,,,PENDING,,host_pick_ledger_WK03_2026.csv,STAT_CITED,Florida,401856687,Auburn,False,FG,SPREAD,,W,5.0,0.0,0.0,,-2.5,CLOSE_PROXY/DraftKings/n_books=3,False,True,True,,,,,20260926T023919Z,False,False,HOST,True,False,
3,W03-082,Cover 3,2026-09-17,Danny Kanell,False,2026-09-19,Florida at Auburn,TOTAL,under 53.5,53.5,,lock card (tier inferred from segment),2,53.5,,,,,,,C3_20260917_LOCKS,FG,20260919_FLORID_AUBURN,HIGH,PICK,"Ugly, choppy game; first big start for Florida QB; Auburn defense can keep it close",,,PENDING,,host_pick_ledger_WK03_2026.csv,ASSERTION,,401856687,,,FG,TOTAL,UNDER,L,83.0,1.0,1.0,,52.5,CLOSE_PROXY/DraftKings/n_books=3,True,True,True,,,,,20260926T023919Z,False,False,HOST,True,False,
3,W03-083,Cover 3,2026-09-17,Tom Fornelli,False,2026-09-19,Florida at Auburn,TOTAL,under 53.5,53.5,,lock card (tier inferred from segment),2,53.5,,,,,,Lock agreement with Danny Kanell.,C3_20260917_LOCKS,FG,20260919_FLORID_AUBURN,HIGH,PICK,Lock agreement with Danny; doubts Auburn scores much,,,PENDING,,host_pick_ledger_WK03_2026.csv,NONE,,401856687,,,FG,TOTAL,UNDER,L,83.0,1.0,1.0,,52.5,CLOSE_PROXY/DraftKings/n_books=3,True,True,True,,,,,20260926T023919Z,False,False,HOST,True,False,
3,W03-084,Cover 3,2026-09-17,Michael Snowden,True,2026-09-19,Georgia at Arkansas,SPREAD,Georgia -6.5,-6.5,,"guest pick, St. Jude auction winner (tier inferred)",2,-6.5,,,,,,Derivative; never yields CLV. Also leg 2 of his 1Q parlay (not double-logged).,C3_20260917_LOCKS,Q1,20260919_GEORGI_ARKANS,HIGH,PICK,Kirby ends it fast after the Utah game,,,PENDING,,host_pick_ledger_WK03_2026.csv,ASSERTION,Georgia,401856686,Arkansas,False,Q1,SPREAD,,W,7.0,,,,,,,True,False,,NO_CFBD_MARKET for SPREAD/Q1 - CFBD publishes full-game spread/total/ML only,,,20260926T023919Z,False,True,GUEST,False,False,
3,W03-085,Cover 3,2026-09-17,Chip Patterson,False,2026-09-19,Georgia at Arkansas,SPREAD,Georgia -24.5,-24.5,,lock card (tier inferred from segment),2,-24.5,,,,,,OPPOSES BBOC Stucky Arkansas +25.5 (W03-048).,C3_20260917_LOCKS,FG,20260919_GEORGI_ARKANS,HIGH,PICK,Georgia builds QB confidence; no reason to call off the dogs,,,PENDING,,host_pick_ledger_WK03_2026.csv,MOTIVATION,Georgia,401856686,Arkansas,False,FG,SPREAD,,W,28.0,0.0,0.0,,-24.5,CLOSE_PROXY/DraftKings/n_books=3,False,True,True,,,,,20260926T023919Z,False,False,HOST,True,False,
3,W03-086,Cover 3,2026-09-17,Michael Snowden,True,2026-09-19,North Carolina at Clemson,SPREAD,North Carolina +3.5,3.5,,"guest pick, St. Jude auction winner (tier inferred)",2,+3.5,,,,,,,C3_20260917_LOCKS,FG,20260919_NORTHC_CLEMSO,HIGH,PICK,Clemson going the wrong way; UNC offense better,,,PENDING,,host_pick_ledger_WK03_2026.csv,ASSERTION,North Carolina,401858229,Clemson,False,FG,SPREAD,,L,-8.0,0.5,0.5,,3.0,CLOSE_PROXY/DraftKings/n_books=3,True,True,True,,,,,20260926T023919Z,False,True,GUEST,False,False,
3,W03-087,Cover 3,2026-09-17,Bud Elliott,False,2026-09-19,North Carolina at Clemson,SPREAD,North Carolina +3.5,3.5,,lock card (tier inferred from segment),2,+3.5,,,,,,"ATTRIBUTION from the host recap at 01:09 and 01:24; his on-air agreement at 00:57 is garbled by ASR ('buddy line, sprinkle').",C3_20260917_LOCKS,FG,20260919_NORTHC_CLEMSO,MED,PICK,Clemson has more room to improve but looks bad; Dabo may be washed,,,PENDING,,host_pick_ledger_WK03_2026.csv,ASSERTION,North Carolina,401858229,Clemson,False,FG,SPREAD,,L,-8.0,0.5,0.5,,3.0,CLOSE_PROXY/DraftKings/n_books=3,True,True,True,,,,,20260926T023919Z,False,False,HOST,True,False,
3,W03-088,Cover 3,2026-09-17,Danny Kanell,False,2026-09-19,North Carolina at Clemson,TOTAL,under 43.5,43.5,,lock card (tier inferred from segment),2,43.5,,,,,,ATTRIBUTION: recap lists both Danny and Chip on this under; the on-air segment is two speakers and the diarization is not clean.,C3_20260917_LOCKS,FG,20260919_NORTHC_CLEMSO,MED,PICK,Rock fight; Clemson freshman QB vs UNC D-line,,,PENDING,,host_pick_ledger_WK03_2026.csv,ROSTER,,401858229,,,FG,TOTAL,UNDER,L,48.0,-1.0,-1.0,,44.5,CLOSE_PROXY/DraftKings/n_books=3,False,True,True,,,,,20260926T023919Z,False,False,HOST,True,False,
3,W03-089,Cover 3,2026-09-17,Chip Patterson,False,2026-09-19,North Carolina at Clemson,TOTAL,under 43.5,43.5,,lock card (tier inferred from segment),2,43.5,,,,,,Recap lists Chip on the under. Same number as Danny; one read.,C3_20260917_LOCKS,FG,20260919_NORTHC_CLEMSO,MED,PICK,Browns-Titans rock fight; freshman QB vs UNC defensive line,,,PENDING,,host_pick_ledger_WK03_2026.csv,BASE_RATE,,401858229,,,FG,TOTAL,UNDER,L,48.0,-1.0,-1.0,,44.5,CLOSE_PROXY/DraftKings/n_books=3,False,True,True,,,,,20260926T023919Z,False,False,HOST,True,False,
3,W03-090,Cover 3,2026-09-17,Michael Snowden,True,2026-09-18,Miami at Wake Forest,SPREAD,Miami -11.5,-11.5,,"guest pick, St. Jude auction winner (tier inferred)",2,-11.5,,,,,,Derivative; never yields CLV. Game played Fri 18 Sep.,C3_20260917_LOCKS,1H,20260918_MIAMI_WAKEFO,HIGH,PICK,Miami's 700-yard offense; Wake lacks bodies and speed,,,PENDING,,host_pick_ledger_WK03_2026.csv,STAT_CITED,Miami,401858226,Wake Forest,False,1H,SPREAD,,W,17.0,,,,,,,True,False,,NO_CFBD_MARKET for SPREAD/1H - CFBD publishes full-game spread/total/ML only,,,20260926T023919Z,False,True,GUEST,False,False,
3,W03-091,Cover 3,2026-09-17,Michael Snowden,True,2026-09-18,Houston at Texas Tech,SPREAD,Houston +8.5,8.5,,"guest pick, St. Jude auction winner (tier inferred)",2,+8.5,,,,,,"Says he would take the ML but logs the +8.5 ('Give me the coos... eight and a half', ASR). Game played Fri 18 Sep.",C3_20260917_LOCKS,FG,20260918_HOUSTO_TEXAST,MED,PICK,Houston has the horses; distrusts Tech QB situation,,,PENDING,,host_pick_ledger_WK03_2026.csv,ASSERTION,Houston,401856811,Texas Tech,False,FG,SPREAD,,W,-2.0,1.0,1.0,,7.5,CLOSE_PROXY/DraftKings/n_books=3,True,True,True,,,,,20260926T023919Z,False,True,GUEST,False,False,
3,W03-092,Cover 3,2026-09-17,Michael Snowden,True,2026-09-18,Miami at Wake Forest,SPREAD,Miami -6.5,-6.5,+580,guest 1Q parlay leg 3 (tier inferred),1,-6.5,,,,,,"Only new leg of a three-leg 1Q parlay at +580 (legs 1 and 2 are his straight Alabama and Georgia 1Q picks). price_cited is the parlay price, not this leg's. Game played Fri 18 Sep.",C3_20260917_LOCKS,Q1,20260918_MIAMI_WAKEFO,HIGH,PICK,Favorites boat race opponents early,,,PENDING,,host_pick_ledger_WK03_2026.csv,ASSERTION,Miami,401858226,Wake Forest,False,Q1,SPREAD,,L,0.0,,,,,,,True,False,,NO_CFBD_MARKET for SPREAD/Q1 - CFBD publishes full-game spread/total/ML only,,,20260926T023919Z,False,True,GUEST,False,False,
3,W03-093,Cover 3,2026-09-17,Michael Snowden,True,2026-09-19,Wofford at Chattanooga,SPREAD,Chattanooga +1.5,1.5,,guest three-star lock (STATED),3,+1.5,,,,,,"FCS vs FCS: not in the CFBD schedule pulled by this pipeline, so it cannot resolve or grade until the pull covers it. ASR: 'mocks' = Mocs; 'Waford Terry' = Wofford Terriers.",C3_20260917_LOCKS,FG,20260919_WOFFOR_CHATTA,HIGH,PICK,His alma mater at home,,,PENDING,,host_pick_ledger_WK03_2026.csv,NONE,Chattanooga,,,,FG,SPREAD,,,,,,,,,,False,False,GAME_UNRESOLVED (no schedule match),,,,20260926T023919Z,False,True,GUEST,False,False,
3,W03-094,Cover 3,2026-09-17,Michael Snowden,True,2026-09-19,Tulane at Kansas State,ML,Tulane,,+980,guest Moneyline Sprinkle (tier inferred),1,+980,,,,,,Opposes Danny Kanell's three-star Kansas State -20 (the panel notes it).,C3_20260917_LOCKS,FG,20260919_TULANE_KANSAS,HIGH,PICK,Kansas State not great; would be hilarious,,,PENDING,,host_pick_ledger_WK03_2026.csv,NONE,Tulane,401856792,Kansas State,False,FG,ML,,L,-11.0,,,0.01267,850.0,CLOSE_PROXY/DraftKings,True,True,True,,,,,20260926T023919Z,False,True,GUEST,False,False,
3,W03-095,Cover 3,2026-09-17,Michael Snowden,True,2026-09-19,Kentucky at Texas A&M,ML,Kentucky,,+600,guest Moneyline Sprinkle (tier inferred),1,+600,,,,,,"Floated parlaying with Tulane, then declined; logged separately.",C3_20260917_LOCKS,FG,20260919_KENTUC_TEXASA,HIGH,PICK,Hilarious A&M way to lose,,,PENDING,,host_pick_ledger_WK03_2026.csv,NONE,Kentucky,401856694,Texas A&M,False,FG,ML,,W,10.0,,,0.00529,575.0,CLOSE_PROXY/DraftKings,True,True,True,,,,,20260926T023919Z,False,True,GUEST,False,False,
3,W03-096,Cover 3,2026-09-17,Tom Fornelli,False,2026-09-19,Western Kentucky at Indiana,SPREAD,Indiana -26.5,-26.5,,lock card (tier inferred from segment),2,-26.5,,,,,,Derivative; never yields CLV.,C3_20260917_LOCKS,1H,20260919_WESTER_INDIAN,HIGH,PICK,WKU defense among the worst; Indiana ends it in 30 minutes,,,PENDING,,host_pick_ledger_WK03_2026.csv,STAT_CITED,Indiana,401858449,Western Kentucky,True,1H,SPREAD,,L,14.0,,,,,,,True,False,,NO_CFBD_MARKET for SPREAD/1H - CFBD publishes full-game spread/total/ML only,,,20260926T023919Z,False,False,HOST,True,False,
3,W03-097,Cover 3,2026-09-17,Bud Elliott,False,2026-09-19,Coastal Carolina at Delaware,SPREAD,Coastal Carolina +5,5.0,,lock card (tier inferred from segment),2,+5,,,,,,Home/away as scheduled: Coastal Carolina at Delaware. Same side as BBOC Colin Wilson Coastal ML (W03-063).,C3_20260917_LOCKS,FG,20260919_COASTA_DELAWA,HIGH,PICK,Likes Coastal QB and receivers from the WVU game; any number over a field goal,,,PENDING,,host_pick_ledger_WK03_2026.csv,ROSTER,Coastal Carolina,401869940,Delaware,False,FG,SPREAD,,L,-8.0,0.5,0.5,,4.5,CLOSE_PROXY/DraftKings/n_books=3,True,True,True,,,,,20260926T023919Z,False,False,HOST,True,False,
3,W03-098,Cover 3,2026-09-17,Danny Kanell,False,2026-09-19,Arizona State vs Kansas,SPREAD,Arizona State -4.5,-4.5,,lock card (tier inferred from segment),2,-4.5,,,,,,Number bought on air ('I get you'); the recap carries the bought number. First stated -5.5.,C3_20260917_LOCKS,FG,20260919_ARIZON_KANSAS,HIGH,PICK,Liked ASU vs A&M; worries about Kansas QB; game in London,,,PENDING,,host_pick_ledger_WK03_2026.csv,ROSTER,Arizona State,401856812,Kansas,False,FG,SPREAD,,W,7.0,1.0,1.0,,-5.5,CLOSE_PROXY/DraftKings/n_books=3,True,True,True,,,,,20260926T023919Z,False,False,HOST,True,False,
3,W03-099,Cover 3,2026-09-17,Chip Patterson,False,2026-09-19,Arizona State vs Kansas,TOTAL,over 50.5,50.5,,lock card (tier inferred from segment),2,50.5,,,,,,Attribution from the recap; the segment has no name said.,C3_20260917_LOCKS,FG,20260919_ARIZON_KANSAS,MED,PICK,Enough explosiveness and defensive breakdowns for long touchdowns,,,PENDING,,host_pick_ledger_WK03_2026.csv,ASSERTION,,401856812,,,FG,TOTAL,OVER,L,41.0,1.0,1.0,,51.5,CLOSE_PROXY/DraftKings/n_books=3,True,True,True,,,,,20260926T023919Z,False,False,HOST,True,False,
3,W03-100,Cover 3,2026-09-17,Chip Patterson,False,2026-09-19,UTSA at Texas,TOTAL,under 31.5,31.5,,lock card (tier inferred from segment),2,31.5,,,,,,Derivative; never yields CLV. Correlated with Danny's UTSA 1H +17.5 (slow Texas start).,C3_20260917_LOCKS,1H,20260919_UTSA_TEXAS,HIGH,PICK,"Slow start, empty possessions",,,PENDING,,host_pick_ledger_WK03_2026.csv,ASSERTION,,401856693,,,1H,TOTAL,UNDER,W,23.0,,,,,,,True,False,,NO_CFBD_MARKET for TOTAL/1H - CFBD publishes full-game spread/total/ML only,,,20260926T023919Z,False,False,HOST,True,False,
3,W03-101,Cover 3,2026-09-17,Danny Kanell,False,2026-09-19,UTSA at Texas,SPREAD,UTSA +17.5,17.5,,lock card (tier inferred from segment),2,+17.5,,,,,,Derivative; never yields CLV.,C3_20260917_LOCKS,1H,20260919_UTSA_TEXAS,HIGH,PICK,Texas hangover spot after emotional win; UTSA's Super Bowl,,,PENDING,,host_pick_ledger_WK03_2026.csv,MOTIVATION,UTSA,401856693,Texas,False,1H,SPREAD,,W,-17.0,,,,,,,True,False,,NO_CFBD_MARKET for SPREAD/1H - CFBD publishes full-game spread/total/ML only,,,20260926T023919Z,False,False,HOST,True,False,
3,W03-102,Cover 3,2026-09-17,Tom Fornelli,False,2026-09-19,Charlotte at App State,TEAM_TOTAL,App State over 34.5,34.5,,three-star lock (STATED),3,34.5,,,,,,His three-star lock; he is 0-2 on three-stars this season. TEAM_TOTAL never yields CLV.,C3_20260917_LOCKS,FG,20260919_CHARLO_APPSTA,HIGH,PICK,Charlotte may be the worst team in the country and awful defensively,,,PENDING,,host_pick_ledger_WK03_2026.csv,ASSERTION,App State,401864574,Charlotte,True,FG,TEAM_TOTAL,OVER,L,26.0,,,,,,,True,False,,NO_CFBD_MARKET for TEAM_TOTAL/FG - CFBD publishes full-game spread/total/ML only,,,20260926T023919Z,False,False,HOST,True,False,
3,W03-103,Cover 3,2026-09-17,Chip Patterson,False,2026-09-19,Charlotte at App State,TEAM_TOTAL,App State over 34.5,34.5,,lock card (tier inferred from segment),2,34.5,,,,,,Explicitly not his three-star. Same read as Tom's three-star.,C3_20260917_LOCKS,FG,20260919_CHARLO_APPSTA,HIGH,PICK,App State OL success; Charlotte body blow off Ole Miss,,,PENDING,,host_pick_ledger_WK03_2026.csv,ROSTER,App State,401864574,Charlotte,True,FG,TEAM_TOTAL,OVER,L,26.0,,,,,,,True,False,,NO_CFBD_MARKET for TEAM_TOTAL/FG - CFBD publishes full-game spread/total/ML only,,,20260926T023919Z,False,False,HOST,True,False,
3,W03-104,Cover 3,2026-09-17,Chip Patterson,False,2026-09-19,North Dakota at Nebraska,TEAM_TOTAL,Nebraska over 20.5,20.5,,three-star lock (STATED),3,20.5,,,,,,His three-star lock. Opponent not named on air; resolved from the schedule. Derivative; never yields CLV.,C3_20260917_LOCKS,1H,20260919_NORTHD_NEBRAS,HIGH,PICK,Heavily favored; three touchdowns before the break,,,PENDING,,host_pick_ledger_WK03_2026.csv,MARKET,Nebraska,401858452,North Dakota,True,1H,TEAM_TOTAL,OVER,L,17.0,,,,,,,True,False,,NO_CFBD_MARKET for TEAM_TOTAL/1H - CFBD publishes full-game spread/total/ML only,,,20260926T023919Z,False,False,HOST,True,False,
3,W03-105,Cover 3,2026-09-17,Bud Elliott,False,2026-09-19,Florida International at Florida Atlantic,SPREAD,FIU +7,7.0,,lock card (tier inferred from segment),2,+7,,,,,,,C3_20260917_LOCKS,FG,20260919_FLORID_FLORID,HIGH,PICK,Likes FIU QB and coach; FAU sloppy vs Navy,,,PENDING,,host_pick_ledger_WK03_2026.csv,ROSTER,Florida International,401862771,Florida Atlantic,False,FG,SPREAD,,W,-6.0,2.5,2.5,,4.5,CLOSE_PROXY/DraftKings/n_books=3,True,True,True,,,,,20260926T023919Z,False,False,HOST,True,False,
3,W03-106,Cover 3,2026-09-17,The Dentist,False,2026-09-19,Eastern Washington at Washington,TOTAL,under 57.5,57.5,,dental hygiene lock (tier inferred),2,57.5,,,,,,Read aloud by a host from a message relayed through a listener (Jamie from Seattle). Identity still unresolved.,C3_20260917_LOCKS,FG,20260919_EASTER_WASHIN,MED,PICK,Washington's offense sucks,,,PENDING,,host_pick_ledger_WK03_2026.csv,ASSERTION,,401858459,,,FG,TOTAL,UNDER,L,64.0,-1.0,-1.0,,58.5,CLOSE_PROXY/DraftKings/n_books=3,False,True,True,,,,,20260926T023919Z,False,False,UNRESOLVED,False,False,
3,W03-107,Cover 3,2026-09-17,Danny Kanell,False,2026-09-19,Tulane at Kansas State,SPREAD,Kansas State -20,-20.0,,three-star lock (STATED),3,-20,,,,,,Number bought on air ('I get you'); the recap carries the bought number. First stated -20.5. Same side and number family as BBOC Duck -20.5 (W03-003).,C3_20260917_LOCKS,FG,20260919_TULANE_KANSAS,HIGH,PICK,G6 2-37 vs Power Four; American losing by 31.8; Klein offense and Avery Johnson flourishing,,,PENDING,,host_pick_ledger_WK03_2026.csv,STAT_CITED,Kansas State,401856792,Tulane,True,FG,SPREAD,,L,11.0,0.5,0.5,,-20.5,CLOSE_PROXY/DraftKings/n_books=3,True,True,True,,,,,20260926T023919Z,False,False,HOST,True,False,
3,W03-108,Cover 3,2026-09-17,Danny Kanell,False,2026-09-19,UTEP at Michigan,TOTAL,under 48.5,48.5,,lock card (tier inferred from segment),2,48.5,,,,,,,C3_20260917_LOCKS,FG,20260919_UTEP_MICHIG,HIGH,PICK,Michigan offense not fixed; defense really good,,,PENDING,,host_pick_ledger_WK03_2026.csv,ROSTER,,401858450,,,FG,TOTAL,UNDER,L,69.0,0.0,0.0,,48.5,CLOSE_PROXY/DraftKings/n_books=3,False,True,True,,,,,20260926T023919Z,False,False,HOST,True,False,
3,W03-109,Cover 3,2026-09-17,Bud Elliott,False,2026-09-19,Arkansas State at TCU,SPREAD,Arkansas State +20,20.0,,lock card (tier inferred from segment),2,+20,,,,,,,C3_20260917_LOCKS,FG,20260919_ARKANS_TCU,HIGH,PICK,Likes starting with the QB and a 20-point head start,,,PENDING,,host_pick_ledger_WK03_2026.csv,ASSERTION,Arkansas State,401856799,TCU,False,FG,SPREAD,,L,-24.0,1.5,1.5,,18.5,CLOSE_PROXY/DraftKings/n_books=3,True,True,True,,,,,20260926T023919Z,False,False,HOST,True,False,
3,W03-110,Cover 3,2026-09-17,Bud Elliott,False,2026-09-19,Stanford at Duke,SPREAD,Stanford +10.5,10.5,,lock card (tier inferred from segment),2,+10.5,,,,,,Same side as BBOC Duck Stanford +9.5 (W03-010).,C3_20260917_LOCKS,FG,20260919_STANFO_DUKE,HIGH,PICK,Healthier; Davis Warren playing well; double digits,,,PENDING,,host_pick_ledger_WK03_2026.csv,ROSTER,Stanford,401858231,Duke,False,FG,SPREAD,,L,-28.0,1.0,1.0,,9.5,CLOSE_PROXY/DraftKings/n_books=3,True,True,True,,,,,20260926T023919Z,False,False,HOST,True,False,
3,W03-111,Cover 3,2026-09-17,Bud Elliott,False,2026-09-19,Troy at Missouri,TOTAL,over 49.5,49.5,,lock card (tier inferred from segment),2,49.5,,,,,,Correlated with Tom's Missouri team total over 37.5.,C3_20260917_LOCKS,FG,20260919_TROY_MISSOU,HIGH,PICK,Troy scores some; likes Missouri QB,,,PENDING,,host_pick_ledger_WK03_2026.csv,ASSERTION,,401856689,,,FG,TOTAL,OVER,L,44.0,0.0,0.0,,49.5,CLOSE_PROXY/DraftKings/n_books=3,False,True,True,,,,,20260926T023919Z,False,False,HOST,True,False,
3,W03-112,Cover 3,2026-09-17,Bud Elliott,False,2026-09-19,Virginia Tech at Maryland,TOTAL,over 53.5,53.5,,lock card (tier inferred from segment),2,53.5,,,,,,ASR: 'VOTEC' = Virginia Tech. Same side as BBOC Stucky over (W03-019).,C3_20260917_LOCKS,FG,20260919_VIRGIN_MARYLA,HIGH,PICK,"Good QBs, neither team runs well; high passing volume",,,PENDING,,host_pick_ledger_WK03_2026.csv,SCHEME,,401858232,,,FG,TOTAL,OVER,W,61.0,0.0,0.0,,53.5,CLOSE_PROXY/DraftKings/n_books=3,False,True,True,,,,,20260926T023919Z,False,False,HOST,True,False,
3,W03-113,Cover 3,2026-09-17,Tom Fornelli,False,2026-09-19,Troy at Missouri,TEAM_TOTAL,Missouri over 37.5,37.5,,lock card (tier inferred from segment),2,37.5,,,,,,TEAM_TOTAL never yields CLV.,C3_20260917_LOCKS,FG,20260919_TROY_MISSOU,HIGH,PICK,Troy's defensive numbers weaken once adjusted for opponents,,,PENDING,,host_pick_ledger_WK03_2026.csv,STAT_CITED,Missouri,401856689,Troy,True,FG,TEAM_TOTAL,OVER,L,27.0,,,,,,,True,False,,NO_CFBD_MARKET for TEAM_TOTAL/FG - CFBD publishes full-game spread/total/ML only,,,20260926T023919Z,False,False,HOST,True,False,
3,W03-114,Cover 3,2026-09-17,Tom Fornelli,False,2026-09-19,New Mexico at Oklahoma,TOTAL,over 46.5,46.5,,lock card (tier inferred from segment),2,46.5,,,,,,"Direction from 'Another over I am on' just before. OPPOSES BBOC Colin Wilson under 46.5 (W03-035), same number.",C3_20260917_LOCKS,FG,20260919_NEWMEX_OKLAHO,HIGH,PICK,Overreaction to Oklahoma's offense vs Michigan; New Mexico can reach double digits,,,PENDING,,host_pick_ledger_WK03_2026.csv,ASSERTION,,401856690,,,FG,TOTAL,OVER,L,20.0,-1.0,-1.0,,45.5,CLOSE_PROXY/DraftKings/n_books=3,False,True,True,,,,,20260926T023919Z,False,False,HOST,True,False,
3,W03-115,Cover 3,2026-09-17,Tom Fornelli,False,2026-09-19,Colorado at Northwestern,TOTAL,under 48,48.0,,lock card (tier inferred from segment),2,48,,,,,,Weather-based; checkable pre-kick against the forecast.,C3_20260917_LOCKS,FG,20260919_COLORA_NORTHW,HIGH,PICK,Last lakefront game; rain and wind,,,PENDING,,host_pick_ledger_WK03_2026.csv,ASSERTION,,401856796,,,FG,TOTAL,UNDER,P,48.0,0.5,0.5,,47.5,CLOSE_PROXY/DraftKings/n_books=3,True,True,True,,,,,20260926T023919Z,False,False,HOST,True,False,
3,W03-116,Cover 3,2026-09-17,Tom Fornelli,False,2026-09-19,Ohio at South Alabama,SPREAD,South Alabama -6.5,-6.5,,lock card (tier inferred from segment),2,-6.5,,,,,,Same side as BBOC Stucky South Alabama -6 (W03-051).,C3_20260917_LOCKS,FG,20260919_OHIO_SOUTHA,HIGH,PICK,Ohio fortunate last week,,,PENDING,,host_pick_ledger_WK03_2026.csv,ASSERTION,South Alabama,401866423,Ohio,True,FG,SPREAD,,L,5.0,0.5,0.5,,-7.0,CLOSE_PROXY/DraftKings/n_books=3,True,True,True,,,,,20260926T023919Z,False,False,HOST,True,False,
3,W03-117,Cover 3,2026-09-17,Tom Fornelli,False,2026-09-19,North Texas at Texas State,ML,North Texas,,+127,Moneyline Sprinkles segment (tier inferred from segment),1,+127,,,,,,OPPOSES BBOC Stucky Texas State -2.5 (W03-059).,C3_20260917_LOCKS,FG,20260919_NORTHT_TEXASS,HIGH,PICK,Following Danny's North Texas win last week,,,PENDING,,host_pick_ledger_WK03_2026.csv,NONE,North Texas,401860889,Texas State,False,FG,ML,,L,-14.0,,,0.01402,120.0,CLOSE_PROXY/DraftKings,True,True,True,,,,,20260926T023919Z,False,False,HOST,True,False,
3,W03-118,Cover 3,2026-09-17,Tom Fornelli,False,2026-09-19,North Carolina at Clemson,ML,North Carolina,,+145,Moneyline Sprinkles segment (tier inferred from segment),1,+145,,,,,,,C3_20260917_LOCKS,FG,20260919_NORTHC_CLEMSO,HIGH,PICK,Doesn't want the points,,,PENDING,,host_pick_ledger_WK03_2026.csv,NONE,North Carolina,401858229,Clemson,False,FG,ML,,L,-8.0,,,0.03827,124.0,CLOSE_PROXY/DraftKings,True,True,True,,,,,20260926T023919Z,False,False,HOST,True,False,
3,W03-119,Cover 3,2026-09-17,Tom Fornelli,False,2026-09-19,Colorado at Northwestern,ML,Colorado,,+160,Moneyline Sprinkles segment (tier inferred from segment),1,+160,,,,,,,C3_20260917_LOCKS,FG,20260919_COLORA_NORTHW,HIGH,PICK,Northwestern loses its last lakefront game,,,PENDING,,host_pick_ledger_WK03_2026.csv,NONE,Colorado,401856796,Northwestern,False,FG,ML,,L,-34.0,,,0.02355,145.0,CLOSE_PROXY/DraftKings,True,True,True,,,,,20260926T023919Z,False,False,HOST,True,False,
3,W03-120,Cover 3,2026-09-17,Tom Fornelli,False,2026-09-19,Miami (OH) at Cincinnati,ML,Miami (OH),,+575,Moneyline Sprinkles segment (tier inferred from segment),1,+575,,,,,,,C3_20260917_LOCKS,FG,20260919_MIAMIO_CINCIN,HIGH,PICK,G6 due against the Power Four,,,PENDING,,host_pick_ledger_WK03_2026.csv,NONE,Miami (OH),401856797,Cincinnati,False,FG,ML,,L,-4.0,,,0.02729,470.0,CLOSE_PROXY/DraftKings,True,True,True,,,,,20260926T023919Z,False,False,HOST,True,False,
3,W03-121,Cover 3,2026-09-17,Tom Fornelli,False,2026-09-19,Georgia State at UCF,ML,Georgia State,,+775,Moneyline Sprinkles segment (tier inferred from segment),1,+775,,,,,,Opponent resolved from the schedule (UCF); the host frames it as a Big 12 loss.,C3_20260917_LOCKS,FG,20260919_GEORGI_UCF,HIGH,PICK,Georgia State looking good to start the year,,,PENDING,,host_pick_ledger_WK03_2026.csv,NONE,Georgia State,401856800,UCF,False,FG,ML,,L,-14.0,,,0.01475,675.0,CLOSE_PROXY/DraftKings,True,True,True,,,,,20260926T023919Z,False,False,HOST,True,False,
3,W03-122,Cover 3,2026-09-17,Bud Elliott,False,2026-09-19,Temple at Toledo,ML,Temple,,+194,Moneyline Sprinkles segment (tier inferred from segment),1,+194,,,,,,"ATTRIBUTION MED: no name said; assigned by speaking order (after Tom, before Chip reads Danny's list).",C3_20260917_LOCKS,FG,20260919_TEMPLE_TOLEDO,MED,PICK,None stated,,,PENDING,,host_pick_ledger_WK03_2026.csv,NONE,Temple,401862774,Toledo,False,FG,ML,,L,-1.0,,,0.03023,170.0,CLOSE_PROXY/DraftKings,True,True,True,,,,,20260926T023919Z,False,False,HOST,True,False,
3,W03-123,Cover 3,2026-09-17,Bud Elliott,False,2026-09-19,UAB at Louisiana,ML,UAB,,+270,Moneyline Sprinkles segment (tier inferred from segment),1,+270,,,,,,ATTRIBUTION MED (speaking order). OPPOSES BBOC Calabrese Louisiana -7.5 best bet (W03-006).,C3_20260917_LOCKS,FG,20260919_UAB_LOUISI,MED,PICK,None stated,,,PENDING,,host_pick_ledger_WK03_2026.csv,NONE,UAB,401862776,Louisiana,False,FG,ML,,L,-7.0,,,0.03742,225.0,CLOSE_PROXY/DraftKings,True,True,True,,,,,20260926T023919Z,False,False,HOST,True,False,
3,W03-124,Cover 3,2026-09-17,Bud Elliott,False,2026-09-19,Kentucky at Texas A&M,ML,Kentucky,,+700,Moneyline Sprinkles segment (tier inferred from segment),1,+700,,,,,,ATTRIBUTION MED (speaking order).,C3_20260917_LOCKS,FG,20260919_KENTUC_TEXASA,MED,PICK,None stated,,,PENDING,,host_pick_ledger_WK03_2026.csv,NONE,Kentucky,401856694,Texas A&M,False,FG,ML,,W,10.0,,,0.02315,575.0,CLOSE_PROXY/DraftKings,True,True,True,,,,,20260926T023919Z,False,False,HOST,True,False,
3,W03-125,Cover 3,2026-09-17,Bud Elliott,False,2026-09-19,Troy at Missouri,ML,Troy,,+2263,Moneyline Sprinkles segment (tier inferred from segment),1,+2263,,,,,,ATTRIBUTION MED (speaking order). Price as heard; ASR on a four-digit price is unverified.,C3_20260917_LOCKS,FG,20260919_TROY_MISSOU,MED,PICK,Troy boy rides again,,,PENDING,,host_pick_ledger_WK03_2026.csv,NONE,Troy,401856689,Missouri,False,FG,ML,,L,-10.0,,,0.01324,1700.0,CLOSE_PROXY/DraftKings,True,True,True,,,,,20260926T023919Z,False,False,HOST,True,False,
3,W03-126,Cover 3,2026-09-17,Danny Kanell,False,2026-09-19,NC State at Vanderbilt,ML,NC State,,+140,Moneyline Sprinkles segment (tier inferred from segment),1,+140,,,,,,Read aloud by Chip on Danny's behalf.,C3_20260917_LOCKS,FG,20260919_NCSTAT_VANDER,HIGH,PICK,None stated,,,PENDING,,host_pick_ledger_WK03_2026.csv,NONE,NC State,401856695,Vanderbilt,False,FG,ML,,L,-4.0,,,0.01812,130.0,CLOSE_PROXY/DraftKings,True,True,True,,,,,20260926T023919Z,False,False,HOST,True,False,
3,W03-127,Cover 3,2026-09-17,Danny Kanell,False,2026-09-19,Florida International at Florida Atlantic,ML,FIU,,+230,Moneyline Sprinkles segment (tier inferred from segment),1,+230,,,,,,Read aloud by Chip on Danny's behalf.,C3_20260917_LOCKS,FG,20260919_FLORID_FLORID,HIGH,PICK,None stated,,,PENDING,,host_pick_ledger_WK03_2026.csv,NONE,Florida International,401862771,Florida Atlantic,False,FG,ML,,L,-6.0,,,0.06734,170.0,CLOSE_PROXY/DraftKings,True,True,True,,,,,20260926T023919Z,False,False,HOST,True,False,
3,W03-128,Cover 3,2026-09-17,Danny Kanell,False,2026-09-19,Florida at Auburn,ML,Auburn,,+115,Moneyline Sprinkles segment (tier inferred from segment),1,+115,,,,,,Read aloud by Chip on Danny's behalf. Consistent with his Florida-Auburn under.,C3_20260917_LOCKS,FG,20260919_FLORID_AUBURN,HIGH,PICK,None stated,,,PENDING,,host_pick_ledger_WK03_2026.csv,NONE,Auburn,401856687,Florida,True,FG,ML,,L,-5.0,,,0.00217,114.0,CLOSE_PROXY/DraftKings,True,True,True,,,,,20260926T023919Z,False,False,HOST,True,False,
3,W03-129,Cover 3,2026-09-17,Danny Kanell,False,2026-09-19,LSU at Ole Miss,ML,Ole Miss,,+115,Moneyline Sprinkles segment (tier inferred from segment),1,+115,,,,,,Read aloud by Chip on Danny's behalf. Same read as his +2.5; one exposure.,C3_20260917_LOCKS,FG,20260919_LSU_OLEMIS,HIGH,PICK,Backing up his Ole Miss +2.5,,,PENDING,,host_pick_ledger_WK03_2026.csv,NONE,Ole Miss,401856688,LSU,True,FG,ML,,W,8.0,,,-0.01869,124.0,CLOSE_PROXY/DraftKings,False,True,True,,,,,20260926T023919Z,False,False,HOST,True,False,
3,W03-130,Cover 3,2026-09-17,Chip Patterson,False,2026-09-18,Houston at Texas Tech,ML,Houston,,+277,Moneyline Sprinkles segment (tier inferred from segment),1,+277,,,,,,ATTRIBUTION MED (first person right after reading Danny's list). Price shopped from +260 to +277 on air. Game played Fri 18 Sep.,C3_20260917_LOCKS,FG,20260918_HOUSTO_TEXAST,MED,PICK,None stated,,,PENDING,,host_pick_ledger_WK03_2026.csv,NONE,Houston,401856811,Texas Tech,False,FG,ML,,L,-2.0,,,0.02046,250.0,CLOSE_PROXY/DraftKings,True,True,True,,,,,20260926T023919Z,False,False,HOST,True,False,
3,W03-131,Cover 3,2026-09-17,Chip Patterson,False,2026-09-19,North Carolina at Clemson,ML,North Carolina,,+145,Moneyline Sprinkles segment (tier inferred from segment),1,+145,,,,,,ATTRIBUTION MED. ASR 'Heart the sound' = Tar Heels.,C3_20260917_LOCKS,FG,20260919_NORTHC_CLEMSO,MED,PICK,Agrees with Tom,,,PENDING,,host_pick_ledger_WK03_2026.csv,NONE,North Carolina,401858229,Clemson,False,FG,ML,,L,-8.0,,,0.03827,124.0,CLOSE_PROXY/DraftKings,True,True,True,,,,,20260926T023919Z,False,False,HOST,True,False,
3,W03-132,Cover 3,2026-09-17,Chip Patterson,False,2026-09-19,New Mexico at Oklahoma,ML,New Mexico,,+1300,Moneyline Sprinkles segment (tier inferred from segment),1,+1300,,,,,,ATTRIBUTION MED. Shopped from +1280 to +1300 on air.,C3_20260917_LOCKS,FG,20260919_NEWMEX_OKLAHO,MED,PICK,"New Mexico a good team with a good coach, playing loose",,,PENDING,,host_pick_ledger_WK03_2026.csv,ASSERTION,New Mexico,401856690,Oklahoma,False,FG,ML,,L,-8.0,,,0.0119,1100.0,CLOSE_PROXY/DraftKings,True,True,True,,,,,20260926T023919Z,False,False,HOST,True,False,
4,W04-001,BBOC,2026-09-23,Duck,False,2026-09-26,Central Michigan at Miami,SPREAD,Miami -41,-41.0,,best bet (DraftKings),3,-41,,,,,,"Triple Option pick restated as the G6 Best Bet; elevated to tier 3, not double-logged (W02 convention). TOL=<42 ('anything under the 42, I'm happy to lay'). Calabrese floated Miami 1H -24.5 and Duck a Miami 1H team total over 27.5 as alternatives: not logged (suggestions, no commitment). ASR: 'Crystal Ball' = Cristobal.",BBOC_20260923_SIXTHGEAR,FG,20260926_CENTRA_MIAMI,HIGH,PICK,CMU cannot pass; quick three-and-outs give Miami short fields; Canes score 52-plus,,,PENDING,,host_pick_ledger_WK04_2026.csv,STAT_CITED,Miami,401858238,Central Michigan,True,FG,SPREAD,,,,,,,,,,False,False,GAME_NOT_COMPLETED,,,,20260926T023919Z,False,False,HOST,True,False,
4,W04-002,BBOC,2026-09-23,Mike Calabrese,False,2026-09-26,Florida Atlantic at UL Monroe,SPREAD,Florida Atlantic -13.5,-13.5,,triple option,2,-13.5,,,,,,"Laying under two touchdowns flagged as the reason to bet. Duck agrees ('Well, of course I do'): agreement only, not logged for Duck. ASR: 'Brian Vincent' = Bryant Vincent (ULM coach); 'Veldkamp', 'Messer', 'Valsen' as heard; 'Kitley' = Zach Kittley.",BBOC_20260923_SIXTHGEAR,FG,20260926_FLORID_ULMONR,HIGH,PICK,ULM owns the worst coverage unit in FBS; FAU passing volume; no ULM home crowd,,,PENDING,,host_pick_ledger_WK04_2026.csv,STAT_CITED,Florida Atlantic,401862782,UL Monroe,False,FG,SPREAD,,,,,,,,,,False,False,GAME_NOT_COMPLETED,,,,20260926T023919Z,False,False,HOST,True,False,
4,W04-003,BBOC,2026-09-23,Mike Calabrese,False,2026-09-26,Oregon State at UTEP,TOTAL,over 54.5,54.5,,best bet (DraftKings),3,54.5,,,,,,"Triple Option pick restated as the G6 Best Bet; elevated to tier 3, not double-logged. Correlated with Duck's Oregon State team total over 33.5 (W04-004): same game, same direction. ASR: 'Coulson'/'Colson' = UTEP QB (spelling unverified); 'Scottie Walton' = UTEP coach as heard.",BBOC_20260923_SIXTHGEAR,FG,20260926_OREGON_UTEP,HIGH,PICK,Atkinson-Legree passing vs weak UTEP secondary; leaky OSU defense; UTEP forced to speed up,,,PENDING,,host_pick_ledger_WK04_2026.csv,STAT_CITED,,401860895,,,FG,TOTAL,OVER,,,,,,,,,False,False,GAME_NOT_COMPLETED,,,,20260926T023919Z,False,False,HOST,True,False,
4,W04-004,BBOC,2026-09-23,Duck,False,2026-09-26,Oregon State at UTEP,TEAM_TOTAL,Oregon State over 33.5,33.5,,triple option; bet already placed,2,33.5,,,,,,"ENTRY_PREDATES_EPISODE: 'a bet I already have in my pocket'; entry number taken as the 33.5 cited. Also likes the game over (agreement with Calabrese W04-003, not double-logged). TEAM_TOTAL never yields CLV.",BBOC_20260923_SIXTHGEAR,FG,20260926_OREGON_UTEP,HIGH,PICK,UTEP can't cover Legree; poor UTEP third downs and 28-yard punting give short fields,,,PENDING,,host_pick_ledger_WK04_2026.csv,STAT_CITED,Oregon State,401860895,UTEP,False,FG,TEAM_TOTAL,OVER,,,,,,,,,False,False,GAME_NOT_COMPLETED,,,,20260926T023919Z,False,False,HOST,True,False,
4,W04-005,BBOC,2026-09-23,Duck,False,2026-09-26,Rice at Fresno State,SPREAD,Fresno State -13.5,-13.5,,triple option,2,-13.5,,,,,,ASR: 'Scott Abel' = Scott Abell (Rice coach); 'Nick Benedetto' as heard (SJSU QB).,BBOC_20260923_SIXTHGEAR,FG,20260926_RICE_FRESNO,HIGH,PICK,Rice cannot sustain drives; Fresno's coverage and run defense; Fresno pulls away late,,,PENDING,,host_pick_ledger_WK04_2026.csv,STAT_CITED,Fresno State,401860891,Rice,True,FG,SPREAD,,,,,,,,,,False,False,GAME_NOT_COMPLETED,,,,20260926T023919Z,False,False,HOST,True,False,
4,W04-006,BBOC,2026-09-23,Mike Calabrese,False,2026-09-26,Massachusetts at Sacramento State,SPREAD,UMass -4.5,-4.5,,triple option,2,-4.5,,,,,,"Laying under a touchdown flagged as the reason to bet. Travel raised and dismissed (9 p.m. ET, 6 p.m. local).",BBOC_20260923_SIXTHGEAR,FG,20260926_MASSAC_SACRAM,HIGH,PICK,UMass balanced offense finishes drives; top-30 pass rush vs Sac State's bad OL,,,PENDING,,host_pick_ledger_WK04_2026.csv,STAT_CITED,Massachusetts,401866429,Sacramento State,False,FG,SPREAD,,,,,,,,,,False,False,GAME_NOT_COMPLETED,,,,20260926T023919Z,False,False,HOST,True,False,
4,W04-007,BBOC,2026-09-23,Duck,False,2026-09-25,Navy at UAB,ML,UAB,,+225,underdog ML parlay,1,,,,,,,"[INF] no price said on air; per standing instruction the market price is assumed: +225 from DraftKings/CURRENT (CFBD pull of 2026-09-23, last captured 20260923T233913Z, before the recording). CLV is blocked on this row by design. Detail: Duck said only 'north of two to one'; the stated +940 parlay with Tulsa +220 (W04-009) implies about +225, the same number. Game played Fri 25 Sep. ASR: 'Alex Mortensen' as heard (UAB staff, unverified).",BBOC_20260923_SIXTHGEAR,FG,20260925_NAVY_UAB,HIGH,PICK,Navy's backup QB on the road; UAB limits explosives and wins early downs,,,NUMBER_INFERRED_NO_CLV,MARKET_INFERRED,host_pick_ledger_WK04_2026.csv,STAT_CITED,UAB,401862778,Navy,True,FG,ML,,,,,,,,,,False,False,GAME_NOT_COMPLETED,,,,20260926T023919Z,False,False,HOST,True,False,
4,W04-008,BBOC,2026-09-23,Duck,False,2026-09-25,Navy at UAB,SPREAD,UAB +7.5,7.5,,bet in the Action app (entry predates episode),2,,,,,,,ENTRY_PREDATES_EPISODE: 'I already have a play in the app on plus seven and a half'. Market at listen not read on air. Game played Fri 25 Sep.,BBOC_20260923_SIXTHGEAR,FG,20260925_NAVY_UAB,HIGH,PICK,Same UAB read as his moneyline leg; already bet in the app,,,PENDING,,host_pick_ledger_WK04_2026.csv,STAT_CITED,UAB,401862778,Navy,True,FG,SPREAD,,,,,,,,,,False,False,GAME_NOT_COMPLETED,,,,20260926T023919Z,False,False,HOST,True,False,
4,W04-009,BBOC,2026-09-23,Mike Calabrese,False,2026-09-26,Tulsa at Arkansas,ML,Tulsa,,+220,underdog ML parlay,1,+220,,,,,,Parlay leg with Duck's UAB ML (W04-007); stated parlay +940 at DraftKings. Baylor Hayes likely out; backup Dexter Williams II starts.,BBOC_20260923_SIXTHGEAR,FG,20260926_TULSA_ARKANS,HIGH,PICK,Tulsa's defense travels; Arkansas has quit; Arkansas run defense porous,,,PENDING,,host_pick_ledger_WK04_2026.csv,STAT_CITED,Tulsa,401856697,Arkansas,False,FG,ML,,,,,,,,,,False,False,GAME_NOT_COMPLETED,,,,20260926T023919Z,False,False,HOST,True,False,
4,W04-010,BBOC,2026-09-23,Duck,False,2026-09-26,Virginia Tech at Boston College,SPREAD,Virginia Tech -13.5,-13.5,,P4 level-up,2,-13.5,,,,,,"Weather-based in part (heavy rain, 18 mph sustained wind forecast); checkable pre-kick. ASR: 'Hennicle' (ODU QB; existing do-not-commit variant), 'Gronkmeyer' as heard.",BBOC_20260923_SIXTHGEAR,FG,20260926_VIRGIN_BOSTON,HIGH,PICK,VT stuffs the run; BC can't pass in rain and 18 mph wind; VT 24 covers,,,PENDING,,host_pick_ledger_WK04_2026.csv,STAT_CITED,Virginia Tech,401858242,Boston College,False,FG,SPREAD,,,,,,,,,,False,False,GAME_NOT_COMPLETED,,,,20260926T023919Z,False,False,HOST,True,False,
4,W04-011,BBOC,2026-09-23,Mike Calabrese,False,2026-09-26,Oklahoma State at West Virginia,TOTAL,over 59.5,59.5,,P4 level-up,2,59.5,,,,,,OPPOSES BBOC Colin Wilson under lean on the same game (W04-095). ASR: 'Caleb Hawkins' = WVU QB as heard (Colin says Michael Hawkins Jr.; unverified); 'nears' = Mountaineers.,BBOC_20260923_SIXTHGEAR,FG,20260926_OKLAHO_WESTVI,HIGH,PICK,Both teams snap every 24 seconds; neither defense stops the other's strength,,,PENDING,,host_pick_ledger_WK04_2026.csv,STAT_CITED,,401856881,,,FG,TOTAL,OVER,,,,,,,,,False,False,GAME_NOT_COMPLETED,,,,20260926T023919Z,False,False,HOST,True,False,
4,W04-012,Cover 3,2026-09-24,Chip Patterson,False,2026-09-24,Liberty at Coastal Carolina,TOTAL,under 50.5,50.5,,lock card (tier inferred from segment),2,50.5,,,,,,"Thursday game, played 24 Sep before ingest. Weather-based (crosswinds in Conway).",C3_20260924_LOCKS,FG,20260924_LIBERT_COASTA,HIGH,PICK,"Crosswinds in Conway hurt two deep-shot passing offenses; tight, cautious game",,,PENDING,,host_pick_ledger_WK04_2026.csv,SCHEME,,401869941,,,FG,TOTAL,UNDER,,,,,,,,,False,False,GAME_NOT_COMPLETED,,,,20260926T023919Z,False,False,HOST,True,False,
4,W04-013,Cover 3,2026-09-24,Chip Patterson,False,2026-09-25,Northwestern at Indiana,SPREAD,Indiana -3.5,-3.5,,lock card (tier inferred from segment),2,-3.5,,,,,,"Fourth-quarter spread (written Q4, not 4Q). Derivative; never yields CLV. Friday game, played 25 Sep before ingest.",C3_20260924_LOCKS,Q4,20260925_NORTHW_INDIAN,HIGH,PICK,Indiana finishes strong; eligibility rulings add depth; Northwestern can't keep pace,,,PENDING,,host_pick_ledger_WK04_2026.csv,ROSTER,Indiana,401858461,Northwestern,True,Q4,SPREAD,,,,,,,,,,False,False,GAME_NOT_COMPLETED,,,,20260926T023919Z,False,False,HOST,True,False,
4,W04-014,Cover 3,2026-09-24,Bud Elliott,False,2026-09-26,Texas at Tennessee,TOTAL,over 55.5,55.5,,lock card (tier inferred from segment),2,55.5,,,,,,Wanted 55; took 55.5 as the best on screen.,C3_20260924_LOCKS,FG,20260926_TEXAS_TENNES,HIGH,PICK,Tennessee offense good; Texas thin inside; both sides hit explosives,,,PENDING,,host_pick_ledger_WK04_2026.csv,ROSTER,,401856704,,,FG,TOTAL,OVER,,,,,,,,,False,False,GAME_NOT_COMPLETED,,,,20260926T023919Z,False,False,HOST,True,False,
4,W04-015,Cover 3,2026-09-24,Chip Patterson,False,2026-09-26,Texas at Tennessee,SPREAD,Tennessee +4.5,4.5,,lock card (tier inferred from segment),2,+4.5,,,,,,Upset-alert framing; a live home dog at +4.5.,C3_20260924_LOCKS,FG,20260926_TEXAS_TENNES,HIGH,PICK,Texas shows its floor in this spot; value in a live home dog,,,PENDING,,host_pick_ledger_WK04_2026.csv,ASSERTION,Tennessee,401856704,Texas,True,FG,SPREAD,,,,,,,,,,False,False,GAME_NOT_COMPLETED,,,,20260926T023919Z,False,False,HOST,True,False,
4,W04-016,Cover 3,2026-09-24,Danny Kanell,False,2026-09-26,Texas at Tennessee,SPREAD,Tennessee +1.5,1.5,,lock card (tier inferred from segment),2,+1.5,,,,,,First-quarter spread. Derivative; never yields CLV. 'Kind of an agreement' with Chip's Tennessee +4.5.,C3_20260924_LOCKS,Q1,20260926_TEXAS_TENNES,HIGH,PICK,Tennessee starts fast; crowd noise; Arch and Texas start shaky,,,PENDING,,host_pick_ledger_WK04_2026.csv,MOTIVATION,Tennessee,401856704,Texas,True,Q1,SPREAD,,,,,,,,,,False,False,GAME_NOT_COMPLETED,,,,20260926T023919Z,False,False,HOST,True,False,
4,W04-017,Cover 3,2026-09-24,Bud Elliott,False,2026-09-26,Ole Miss at Florida,TOTAL,under 30.5,30.5,,three-star lock (speaker not named; designation assigned by elimination),3,30.5,,,,,,"THREE-STAR by elimination [INF]: 'We're gonna make this our three star' is said in this segment with no name; Chip (Oregon), Tom (Iowa team total) and Danny (Baylor) each name a different three-star on air, and the penalty-filled first-half argument that follows is Bud's. Lock agreement with The Dentist (W04-018). Chip confirms on air this is the only one Bud locks. Derivative; never yields CLV.",C3_20260924_LOCKS,1H,20260926_OLEMIS_FLORID,HIGH,PICK,"Florida runs early and plays conservative coverage; penalty-conscious, slower first half",,,PENDING,,host_pick_ledger_WK04_2026.csv,SCHEME,,401856699,,,1H,TOTAL,UNDER,,,,,,,,,False,False,GAME_NOT_COMPLETED,,,,20260926T023919Z,False,False,HOST,True,False,
4,W04-018,Cover 3,2026-09-24,The Dentist,False,2026-09-26,Ole Miss at Florida,TOTAL,under 30.5,30.5,,dental hygiene lock (tier inferred),2,30.5,,,,,,Read aloud by Bud Elliott ('I'll just read the rest of the dentist now'). Identity still unresolved. Lock agreement with Bud (W04-017). Derivative; never yields CLV.,C3_20260924_LOCKS,1H,20260926_OLEMIS_FLORID,HIGH,PICK,"Post-LSU emotional hangover shows up in first-half unders, not the side",,,PENDING,,host_pick_ledger_WK04_2026.csv,MOTIVATION,,401856699,,,1H,TOTAL,UNDER,,,,,,,,,False,False,GAME_NOT_COMPLETED,,,,20260926T023919Z,False,False,UNRESOLVED,False,False,
4,W04-019,Cover 3,2026-09-24,The Dentist,False,2026-09-26,Texas A&M at LSU,TOTAL,under 26.5,26.5,,dental hygiene lock (tier inferred),2,26.5,,,,,,Read aloud by Bud Elliott. Same hangover thesis as W04-018. Derivative; never yields CLV. Transcript reads 'LSU A&M'.,C3_20260924_LOCKS,1H,20260926_TEXASA_LSU,HIGH,PICK,Post-LSU/Ole Miss emotional hangover; first-half under,,,PENDING,,host_pick_ledger_WK04_2026.csv,MOTIVATION,,401856702,,,1H,TOTAL,UNDER,,,,,,,,,False,False,GAME_NOT_COMPLETED,,,,20260926T023919Z,False,False,UNRESOLVED,False,False,
4,W04-020,Cover 3,2026-09-24,The Dentist,False,2026-09-26,Vanderbilt at Auburn,SPREAD,Auburn -6.5,-6.5,,dental hygiene lock (tier inferred),2,-6.5,,,,,,Read aloud by Bud Elliott ('one more to cleanse the ballot from the Washington bet'). Derivative; never yields CLV.,C3_20260924_LOCKS,1H,20260926_VANDER_AUBURN,HIGH,PICK,Vanderbilt starts slowly this year; trailed Delaware at halftime,,,PENDING,,host_pick_ledger_WK04_2026.csv,BASE_RATE,Auburn,401856698,Vanderbilt,True,1H,SPREAD,,,,,,,,,,False,False,GAME_NOT_COMPLETED,,,,20260926T023919Z,False,False,UNRESOLVED,False,False,
4,W04-021,Cover 3,2026-09-24,Tom Fornelli,False,2026-09-26,Ole Miss at Florida,TOTAL,over 58.5,58.5,,lock card (tier inferred from segment),2,58.5,,,,,,Says he is 'fighting' Bud and The Dentist's first-half unders. Correlated with his Ole Miss ML sprinkle (W04-070).,C3_20260924_LOCKS,FG,20260926_OLEMIS_FLORID,HIGH,PICK,Neither defense trustworthy; Ole Miss defensive letdown; Florida allowed 39 to Auburn,,,PENDING,,host_pick_ledger_WK04_2026.csv,STAT_CITED,,401856699,,,FG,TOTAL,OVER,,,,,,,,,False,False,GAME_NOT_COMPLETED,,,,20260926T023919Z,False,False,HOST,True,False,
4,W04-022,Cover 3,2026-09-24,Danny Kanell,False,2026-09-26,Ole Miss at Florida,SPREAD,Florida -3,-3.0,,lock card (tier inferred from segment),2,-3,,,,,,"Chip found -3 on air ('Danny, I found you a minus three at a reputable book').",C3_20260924_LOCKS,FG,20260926_OLEMIS_FLORID,HIGH,PICK,Florida controls the line with Jaden Baugh; Ole Miss run defense struggles,,,PENDING,,host_pick_ledger_WK04_2026.csv,ROSTER,Florida,401856699,Ole Miss,True,FG,SPREAD,,,,,,,,,,False,False,GAME_NOT_COMPLETED,,,,20260926T023919Z,False,False,HOST,True,False,
4,W04-023,Cover 3,2026-09-24,Chip Patterson,False,2026-09-26,Ole Miss at Florida,TEAM_TOTAL,Florida over 14.5,14.5,,lock card (tier inferred from segment),2,14.5,,,,,,Derivative team total; never yields CLV. Needs three first-half scores.,C3_20260924_LOCKS,1H,20260926_OLEMIS_FLORID,HIGH,PICK,Buster Faulkner's opening scripts; Florida needs three first-half scores,,,PENDING,,host_pick_ledger_WK04_2026.csv,SCHEME,Florida,401856699,Ole Miss,True,1H,TEAM_TOTAL,OVER,,,,,,,,,False,False,GAME_NOT_COMPLETED,,,,20260926T023919Z,False,False,HOST,True,False,
4,W04-024,Cover 3,2026-09-24,Tom Fornelli,False,2026-09-26,Texas A&M at LSU,TOTAL,under 52,52.0,,lock card (tier inferred from segment),2,52,,,,,,First stated 51.5; Chip found 52 on air ('a good bit of 52 out there'); the recap carries 52. Line moved from about 58 at open.,C3_20260924_LOCKS,FG,20260926_TEXASA_LSU,HIGH,PICK,A&M can't score on the road; Leavitt may not have a great game,,,PENDING,,host_pick_ledger_WK04_2026.csv,ASSERTION,,401856702,,,FG,TOTAL,UNDER,,,,,,,,,False,False,GAME_NOT_COMPLETED,,,,20260926T023919Z,False,False,HOST,True,False,
4,W04-025,Cover 3,2026-09-24,Danny Kanell,False,2026-09-26,Texas A&M at LSU,SPREAD,LSU -8.5,-8.5,,lock card (tier inferred from segment),2,-8.5,,,,,,ASR: 'Sam Levitt' = Sam Leavitt.,C3_20260924_LOCKS,FG,20260926_TEXASA_LSU,HIGH,PICK,LSU rebounds; Leavitt cleaner; A&M far from last year's team,,,PENDING,,host_pick_ledger_WK04_2026.csv,MOTIVATION,LSU,401856702,Texas A&M,True,FG,SPREAD,,,,,,,,,,False,False,GAME_NOT_COMPLETED,,,,20260926T023919Z,False,False,HOST,True,False,
4,W04-026,Cover 3,2026-09-24,Tom Fornelli,False,2026-09-26,Oregon at USC,TOTAL,over 61.5,61.5,,lock card (tier inferred from segment),2,61.5,,,,,,Lock agreement with Danny Kanell (W04-027); the producer joins (W04-029).,C3_20260924_LOCKS,FG,20260926_OREGON_USC,HIGH,PICK,USC couldn't stop Rutgers; series averages 74.6 points; 69 last year,,,PENDING,,host_pick_ledger_WK04_2026.csv,BASE_RATE,,401858469,,,FG,TOTAL,OVER,,,,,,,,,False,False,GAME_NOT_COMPLETED,,,,20260926T023919Z,False,False,HOST,True,False,
4,W04-027,Cover 3,2026-09-24,Danny Kanell,False,2026-09-26,Oregon at USC,TOTAL,over 61.5,61.5,,lock card (tier inferred from segment),2,61.5,,,,,,Lock agreement with Tom Fornelli ('Tom and I three and one in lock agreements').,C3_20260924_LOCKS,FG,20260926_OREGON_USC,HIGH,PICK,"Two favorite QBs; fast track, perfect weather; Oregon defense not dominant",,,PENDING,,host_pick_ledger_WK04_2026.csv,ROSTER,,401858469,,,FG,TOTAL,OVER,,,,,,,,,False,False,GAME_NOT_COMPLETED,,,,20260926T023919Z,False,False,HOST,True,False,
4,W04-028,Cover 3,2026-09-24,Chip Patterson,False,2026-09-26,Oregon at USC,SPREAD,Oregon -3,-3.0,,three-star lock (STATED),3,-3,,,,,,His three-star lock. Considered an Oregon first-half team total over 16.5 and dropped it as 'too specific': not logged.,C3_20260924_LOCKS,FG,20260926_OREGON_USC,HIGH,PICK,Oregon better on paper; high-scoring game Oregon wins,,,PENDING,,host_pick_ledger_WK04_2026.csv,ASSERTION,Oregon,401858469,USC,False,FG,SPREAD,,,,,,,,,,False,False,GAME_NOT_COMPLETED,,,,20260926T023919Z,False,False,HOST,True,False,
4,W04-029,Cover 3,2026-09-24,Producer (Taft/Stryker),False,2026-09-26,Oregon at USC,TOTAL,over 61.5,61.5,,producer pick (tier inferred),2,61.5,,,,,,"Stryker, remote from Santorini. Producer record stated as 3-1 after last week. Joins Tom and Danny.",C3_20260924_LOCKS,FG,20260926_OREGON_USC,HIGH,PICK,USC allowed 35 to Rutgers; 69 points last year; two top scoring offenses,,,PENDING,,host_pick_ledger_WK04_2026.csv,STAT_CITED,,401858469,,,FG,TOTAL,OVER,,,,,,,,,False,False,GAME_NOT_COMPLETED,,,,20260926T023919Z,False,False,PRODUCER,False,False,
4,W04-030,Cover 3,2026-09-24,Danny Kanell,False,2026-09-26,Iowa at Michigan,TOTAL,under 39,39.0,,lock card (tier inferred from segment),2,39,,,,,,"Wanted 39.5; Chip: 'I get you 39, but the 39 and a half is a little out of range.' The recap carries 39.",C3_20260924_LOCKS,FG,20260926_IOWA_MICHIG,HIGH,PICK,Classic Big Ten rock fight; Underwood not fixed; Iowa defense,,,PENDING,,host_pick_ledger_WK04_2026.csv,ASSERTION,,401858463,,,FG,TOTAL,UNDER,,,,,,,,,False,False,GAME_NOT_COMPLETED,,,,20260926T023919Z,False,False,HOST,True,False,
4,W04-031,Cover 3,2026-09-24,Tom Fornelli,False,2026-09-26,Iowa at Michigan,TEAM_TOTAL,Iowa under 16.5,16.5,,three-star lock (STATED),3,16.5,,,,,,His three-star lock ('my three star lock of the week'). TEAM_TOTAL never yields CLV. On air he says 'giving Utah short fields' meaning Iowa (misspeak).,C3_20260924_LOCKS,FG,20260926_IOWA_MICHIG,HIGH,PICK,"Iowa 1-9 as a ranked-road conference dog since 2014, 12.5 points per game",,,PENDING,,host_pick_ledger_WK04_2026.csv,BASE_RATE,Iowa,401858463,Michigan,False,FG,TEAM_TOTAL,UNDER,,,,,,,,,False,False,GAME_NOT_COMPLETED,,,,20260926T023919Z,False,False,HOST,True,False,
4,W04-032,Cover 3,2026-09-24,Danny Kanell,False,2026-09-26,Oklahoma at Georgia,SPREAD,Oklahoma +14,14.0,,lock card (tier inferred from segment),2,+14,,,,,,LOCK FIGHT with Chip Patterson Georgia -13.5 (W04-033). Wanted the full two touchdowns; 14.5 was at too much juice.,C3_20260924_LOCKS,FG,20260926_OKLAHO_GEORGI,HIGH,PICK,Georgia offense inflated by competition; Oklahoma defense top 10; Mateer wild card,,,PENDING,,host_pick_ledger_WK04_2026.csv,ROSTER,Oklahoma,401856700,Georgia,False,FG,SPREAD,,,,,,,,,,False,False,GAME_NOT_COMPLETED,,,,20260926T023919Z,False,False,HOST,True,False,
4,W04-033,Cover 3,2026-09-24,Chip Patterson,False,2026-09-26,Oklahoma at Georgia,SPREAD,Georgia -13.5,-13.5,,lock card (tier inferred from segment),2,-13.5,,,,,,LOCK FIGHT with Danny Kanell Oklahoma +14 (W04-032).,C3_20260924_LOCKS,FG,20260926_OKLAHO_GEORGI,HIGH,PICK,Georgia can break it open and put Oklahoma in a stranglehold,,,PENDING,,host_pick_ledger_WK04_2026.csv,ASSERTION,Georgia,401856700,Oklahoma,True,FG,SPREAD,,,,,,,,,,False,False,GAME_NOT_COMPLETED,,,,20260926T023919Z,False,False,HOST,True,False,
4,W04-034,Cover 3,2026-09-24,Danny Kanell,False,2026-09-26,Oklahoma at Georgia,TOTAL,under 45,45.0,,lock card (tier inferred from segment),2,45,,,,,,Two-for-one with his Oklahoma +14; triggered by Bud's under lean (not logged for Bud). Chip found 45.,C3_20260924_LOCKS,FG,20260926_OKLAHO_GEORGI,HIGH,PICK,"Uglier, lower-scoring game; Mateer's bad picks",,,PENDING,,host_pick_ledger_WK04_2026.csv,ASSERTION,,401856700,,,FG,TOTAL,UNDER,,,,,,,,,False,False,GAME_NOT_COMPLETED,,,,20260926T023919Z,False,False,HOST,True,False,
4,W04-035,Cover 3,2026-09-24,Bud Elliott,False,2026-09-26,UCLA at Maryland,TEAM_TOTAL,Maryland over 27.5,27.5,,lock card (tier inferred from segment),2,27.5,,,,,,TEAM_TOTAL never yields CLV. ASR: 'Malik Washington' (Maryland QB) as heard.,C3_20260924_LOCKS,FG,20260926_UCLA_MARYLA,HIGH,PICK,Malik Washington really good QB; UCLA defense not good; cross-country trip,,,PENDING,,host_pick_ledger_WK04_2026.csv,ROSTER,Maryland,401858462,UCLA,True,FG,TEAM_TOTAL,OVER,,,,,,,,,False,False,GAME_NOT_COMPLETED,,,,20260926T023919Z,False,False,HOST,True,False,
4,W04-036,Cover 3,2026-09-24,Tom Fornelli,False,2026-09-26,Nebraska at Michigan State,SPREAD,Michigan State +6,6.0,,lock card (tier inferred from segment),2,+6,,,,,,First stated +5.5; the recap carries +6. A span of the transcript here is an ASR loop ('the the the'); the reasoning before it is intact.,C3_20260924_LOCKS,FG,20260926_NEBRAS_MICHIG,HIGH,PICK,Rhule 1-3 ATS as Nebraska road favorite; only cover vs 1-11 Purdue,,,PENDING,,host_pick_ledger_WK04_2026.csv,BASE_RATE,Michigan State,401858464,Nebraska,True,FG,SPREAD,,,,,,,,,,False,False,GAME_NOT_COMPLETED,,,,20260926T023919Z,False,False,HOST,True,False,
4,W04-037,Cover 3,2026-09-24,Bud Elliott,False,2026-09-26,Utah at Iowa State,TOTAL,under 48.5,48.5,,lock card (tier inferred from segment),2,48.5,,,,,,Hoped for Iowa State +10/+11 instead; did not get it.,C3_20260924_LOCKS,FG,20260926_UTAH_IOWAST,HIGH,PICK,Utah's first conference road game; Iowa State defense salty; Rogers defensive style,,,PENDING,,host_pick_ledger_WK04_2026.csv,ROSTER,,401856816,,,FG,TOTAL,UNDER,,,,,,,,,False,False,GAME_NOT_COMPLETED,,,,20260926T023919Z,False,False,HOST,True,False,
4,W04-038,Cover 3,2026-09-24,Tom Fornelli,False,2026-09-26,Utah at Iowa State,SPREAD,Iowa State +8.5,8.5,,lock card (tier inferred from segment),2,+8.5,,,,,,Also sprinkles Iowa State ML +292 (W04-071).,C3_20260924_LOCKS,FG,20260926_UTAH_IOWAST,HIGH,PICK,Underestimated Iowa State's defense; more than a touchdown at home,,,PENDING,,host_pick_ledger_WK04_2026.csv,ASSERTION,Iowa State,401856816,Utah,True,FG,SPREAD,,,,,,,,,,False,False,GAME_NOT_COMPLETED,,,,20260926T023919Z,False,False,HOST,True,False,
4,W04-039,Cover 3,2026-09-24,Danny Kanell,False,2026-09-26,Colorado at Baylor,SPREAD,Baylor -9.5,-9.5,,three-star lock (STATED),3,-9.5,,,,,,His three-star lock ('That's my three star'). Lock agreement with Tom Fornelli (W04-040). A span of the transcript loops ('I think that's your three star') by ASR.,C3_20260924_LOCKS,FG,20260926_COLORA_BAYLOR,HIGH,PICK,Colorado turmoil after dismissals; must-win for Baylor; better top to bottom,,,PENDING,,host_pick_ledger_WK04_2026.csv,MOTIVATION,Baylor,401856813,Colorado,True,FG,SPREAD,,,,,,,,,,False,False,GAME_NOT_COMPLETED,,,,20260926T023919Z,False,False,HOST,True,False,
4,W04-040,Cover 3,2026-09-24,Tom Fornelli,False,2026-09-26,Colorado at Baylor,SPREAD,Baylor -9.5,-9.5,,lock card (tier inferred from segment),2,-9.5,,,,,,Lock agreement with Danny Kanell's three-star (W04-039). Suggests the Baylor ML for plus juice as an alternative (not logged).,C3_20260924_LOCKS,FG,20260926_COLORA_BAYLOR,HIGH,PICK,Colorado 0.95 points per possession vs P4; Lagway probable,,,PENDING,,host_pick_ledger_WK04_2026.csv,STAT_CITED,Baylor,401856813,Colorado,True,FG,SPREAD,,,,,,,,,,False,False,GAME_NOT_COMPLETED,,,,20260926T023919Z,False,False,HOST,True,False,
4,W04-041,Cover 3,2026-09-24,Chip Patterson,False,2026-09-26,Massachusetts at Sacramento State,TEAM_TOTAL,UMass over 26.5,26.5,,lock card (tier inferred from segment),2,26.5,,,,,,TEAM_TOTAL never yields CLV. Spread noted on air as under a touchdown (4.5 to 5.5); not taken.,C3_20260924_LOCKS,FG,20260926_MASSAC_SACRAM,HIGH,PICK,Sac State vulnerable through the air; UMass finishes drives,,,PENDING,,host_pick_ledger_WK04_2026.csv,SCHEME,Massachusetts,401866429,Sacramento State,False,FG,TEAM_TOTAL,OVER,,,,,,,,,False,False,GAME_NOT_COMPLETED,,,,20260926T023919Z,False,False,HOST,True,False,
4,W04-042,Cover 3,2026-09-24,Danny Kanell,False,2026-09-26,Wisconsin at Penn State,TOTAL,under 45,45.0,,lock card (tier inferred from segment),2,45,,,,,,First stated 44.5; Chip: 'I can get you 45.' The recap reads 'Wisconsin Purdue under 45' (misspoken; the body is Wisconsin at Penn State).,C3_20260924_LOCKS,FG,20260926_WISCON_PENNST,HIGH,PICK,Penn State's first real defense; Colton Joseph struggles on the road,,,PENDING,,host_pick_ledger_WK04_2026.csv,ASSERTION,,401858466,,,FG,TOTAL,UNDER,,,,,,,,,False,False,GAME_NOT_COMPLETED,,,,20260926T023919Z,False,False,HOST,True,False,
4,W04-043,Cover 3,2026-09-24,Bud Elliott,False,2026-09-26,Wisconsin at Penn State,TEAM_TOTAL,Penn State under 28.5,28.5,,lock card (tier inferred from segment),2,28.5,,,,,,TEAM_TOTAL never yields CLV. Speaker attribution from the recap; the segment names no one. ASR: 'Kobe Howard' = Penn State WR (BBOC says Colby Howard); 'Rocco Beck' = Rocco Becht.,C3_20260924_LOCKS,FG,20260926_WISCON_PENNST,HIGH,PICK,Top target Howard out; Penn State has faced no decent defense; low-scoring game,,,PENDING,,host_pick_ledger_WK04_2026.csv,ROSTER,Penn State,401858466,Wisconsin,True,FG,TEAM_TOTAL,UNDER,,,,,,,,,False,False,GAME_NOT_COMPLETED,,,,20260926T023919Z,False,False,HOST,True,False,
4,W04-044,Cover 3,2026-09-24,Kinsey Brooks,True,2026-09-26,Hawai'i at Wyoming,SPREAD,Wyoming +3.5,3.5,,club kids guest pick (tier inferred),2,+3.5,,,,,,"Guest; ASR renders her as 'Mackenzie Brooks' this week, the Kinsey Brooks entity in dim_hosts. +3.5 at FanDuel ('Fandal'). Weather-based (wind in Laramie). LOCK FIGHT with Bud Elliott Hawaii -3 (W04-046).",C3_20260924_LOCKS,FG,20260926_HAWAII_WYOMIN,HIGH,PICK,Hawaii's road splits; windy Laramie; pass-first offense struggles,,,PENDING,,host_pick_ledger_WK04_2026.csv,BASE_RATE,Wyoming,401864510,Hawai'i,True,FG,SPREAD,,,,,,,,,,False,False,GAME_NOT_COMPLETED,,,,20260926T023919Z,False,True,GUEST,False,False,
4,W04-045,Cover 3,2026-09-24,Kinsey Brooks,True,2026-09-26,Iowa at Michigan,SPREAD,Iowa +5.5,5.5,,club kids guest pick (tier inferred),2,+5.5,,,,,,Guest ('Mackenzie Brooks' by ASR).,C3_20260924_LOCKS,FG,20260926_IOWA_MICHIG,HIGH,PICK,Iowa allows 2.2 yards per carry; Michigan must pass with Underwood,,,PENDING,,host_pick_ledger_WK04_2026.csv,STAT_CITED,Iowa,401858463,Michigan,False,FG,SPREAD,,,,,,,,,,False,False,GAME_NOT_COMPLETED,,,,20260926T023919Z,False,True,GUEST,False,False,
4,W04-046,Cover 3,2026-09-24,Bud Elliott,False,2026-09-26,Hawai'i at Wyoming,SPREAD,Hawaii -3,-3.0,,lock card (tier inferred from segment),2,-3,,,,,,LOCK FIGHT with guest Kinsey Brooks Wyoming +3.5 (W04-044).,C3_20260924_LOCKS,FG,20260926_HAWAII_WYOMIN,HIGH,PICK,Was wrong about Wyoming; Hawaii's defense is OK,,,PENDING,,host_pick_ledger_WK04_2026.csv,ASSERTION,Hawai'i,401864510,Wyoming,False,FG,SPREAD,,,,,,,,,,False,False,GAME_NOT_COMPLETED,,,,20260926T023919Z,False,False,HOST,True,False,
4,W04-047,Cover 3,2026-09-24,Chip Patterson,False,2026-09-26,Notre Dame at Purdue,TOTAL,over 57.5,57.5,,lock card (tier inferred from segment),2,57.5,,,,,,Rivalry game (the Shillelagh); the pick spans a transcript segment break.,C3_20260924_LOCKS,FG,20260926_NOTRED_PURDUE,HIGH,PICK,Purdue's offense underappreciated; open game; Notre Dame does the rest,,,PENDING,,host_pick_ledger_WK04_2026.csv,ASSERTION,,401858467,,,FG,TOTAL,OVER,,,,,,,,,False,False,GAME_NOT_COMPLETED,,,,20260926T023919Z,False,False,HOST,True,False,
4,W04-048,Cover 3,2026-09-24,Bud Elliott,False,2026-09-26,Minnesota at Washington,TEAM_TOTAL,Washington under 28.5,28.5,,lock card (tier inferred from segment),2,28.5,,,,,,TEAM_TOTAL never yields CLV. Correlated with his Minnesota ML sprinkle (W04-059).,C3_20260924_LOCKS,FG,20260926_MINNES_WASHIN,HIGH,PICK,Washington has not looked right,,,PENDING,,host_pick_ledger_WK04_2026.csv,ASSERTION,Washington,401858470,Minnesota,True,FG,TEAM_TOTAL,UNDER,,,,,,,,,False,False,GAME_NOT_COMPLETED,,,,20260926T023919Z,False,False,HOST,True,False,
4,W04-049,Cover 3,2026-09-24,Bud Elliott,False,2026-09-26,South Carolina at Alabama,TEAM_TOTAL,Alabama over 17.5,17.5,,lock card (tier inferred from segment),2,17.5,,,,,,First stated 16.5; moved to 17.5 on air ('That number got hit fast'); the recap carries 17.5. Derivative team total; never yields CLV.,C3_20260924_LOCKS,1H,20260926_SOUTHC_ALABAM,HIGH,PICK,Alabama's slow starts correct; Keelon Russell comes out firing,,,PENDING,,host_pick_ledger_WK04_2026.csv,ASSERTION,Alabama,401856696,South Carolina,True,1H,TEAM_TOTAL,OVER,,,,,,,,,False,False,GAME_NOT_COMPLETED,,,,20260926T023919Z,False,False,HOST,True,False,
4,W04-050,Cover 3,2026-09-24,Tom Fornelli,False,2026-09-26,Missouri at Mississippi State,SPREAD,Mississippi State -6,-6.0,,lock card (tier inferred from segment),2,-6,,,,,,ASR: 'Mario Taylor' = Kamario Taylor (existing variant family).,C3_20260924_LOCKS,FG,20260926_MISSOU_MISSIS,HIGH,PICK,Riding the Bulldogs until they throw him off,,,PENDING,,host_pick_ledger_WK04_2026.csv,ASSERTION,Mississippi State,401856703,Missouri,True,FG,SPREAD,,,,,,,,,,False,False,GAME_NOT_COMPLETED,,,,20260926T023919Z,False,False,HOST,True,False,
4,W04-051,Cover 3,2026-09-24,Tom Fornelli,False,2026-09-26,Virginia Tech at Boston College,TOTAL,under 47.5,47.5,,lock card (tier inferred from segment),2,47.5,,,,,,Consistent with BBOC Duck's Virginia Tech -13.5 weather read (W04-010).,C3_20260924_LOCKS,FG,20260926_VIRGIN_BOSTON,HIGH,PICK,BC can't put points on the board; not an exciting game,,,PENDING,,host_pick_ledger_WK04_2026.csv,ASSERTION,,401858242,,,FG,TOTAL,UNDER,,,,,,,,,False,False,GAME_NOT_COMPLETED,,,,20260926T023919Z,False,False,HOST,True,False,
4,W04-052,Cover 3,2026-09-24,Tom Fornelli,False,2026-09-26,Troy at Utah State,TOTAL,under 48,48.0,,lock card (tier inferred from segment),2,48,,,,,,Same side as BBOC Colin Wilson under 51 (W04-100).,C3_20260924_LOCKS,FG,20260926_TROY_UTAHST,HIGH,PICK,Numbers play; total a little too high,,,PENDING,,host_pick_ledger_WK04_2026.csv,ASSERTION,,401860894,,,FG,TOTAL,UNDER,,,,,,,,,False,False,GAME_NOT_COMPLETED,,,,20260926T023919Z,False,False,HOST,True,False,
4,W04-053,Cover 3,2026-09-24,Tom Fornelli,False,2026-09-26,Tulsa at Arkansas,SPREAD,Tulsa +7.5,7.5,,lock card (tier inferred from segment),2,+7.5,,,,,,Also sprinkles Tulsa ML +230 (W04-072). Stated 'even with the backup' quarterback. ASR: 'Trey Lamb' (Tulsa coach) as heard.,C3_20260924_LOCKS,FG,20260926_TULSA_ARKANS,HIGH,PICK,"Arkansas stinks, empty stadium, no good vibes; Tulsa's coach carries teams",,,PENDING,,host_pick_ledger_WK04_2026.csv,MOTIVATION,Tulsa,401856697,Arkansas,False,FG,SPREAD,,,,,,,,,,False,False,GAME_NOT_COMPLETED,,,,20260926T023919Z,False,False,HOST,True,False,
4,W04-054,Cover 3,2026-09-24,Chip Patterson,False,2026-09-26,Colorado State at UTSA,SPREAD,UTSA -13.5,-13.5,,lock card (tier inferred from segment),2,-13.5,,,,,,"Hauss Hejny (Colorado State QB) 'touch and go' with a hamstring, per a Coloradoan report quoting Jim Mora. ASR: 'Hoss Haney' = Hauss Hejny (existing variant family).",C3_20260924_LOCKS,FG,20260926_COLORA_UTSA,HIGH,PICK,Hejny touch-and-go with a hamstring; UTSA a monster at home,,,PENDING,,host_pick_ledger_WK04_2026.csv,ROSTER,UTSA,401860896,Colorado State,True,FG,SPREAD,,,,,,,,,,False,False,GAME_NOT_COMPLETED,,,,20260926T023919Z,False,False,HOST,True,False,
4,W04-055,Cover 3,2026-09-24,Bud Elliott,False,2026-09-26,Missouri State at SMU,SPREAD,Missouri State +34.5,34.5,,lock card; sicko mode (tier inferred from segment),2,+34.5,,,,,,"Sicko mode. Casey Woods (Missouri State coach) was SMU's offensive coordinator; Bud says Rhett Lashley was happy for him. Same side as BBOC Stucky and Colin Wilson (W04-101, W04-102).",C3_20260924_LOCKS,FG,20260926_MISSOU_SMU,HIGH,PICK,SMU after an emotional loss; Missouri State's coach is an SMU alum of the staff,,,PENDING,,host_pick_ledger_WK04_2026.csv,MOTIVATION,Missouri State,401858241,SMU,False,FG,SPREAD,,,,,,,,,,False,False,GAME_NOT_COMPLETED,,,,20260926T023919Z,False,False,HOST,True,False,
4,W04-056,Cover 3,2026-09-24,Bud Elliott,False,2026-09-26,App State at NC State,ML,App State,,+488,Moneyline Sprinkles segment (tier inferred from segment),1,+488,,,,,,Tells listeners not to take App State on the spread.,C3_20260924_LOCKS,FG,20260926_APPSTA_NCSTAT,HIGH,PICK,If it stays within a touchdown App keeps fighting,,,PENDING,,host_pick_ledger_WK04_2026.csv,ASSERTION,App State,401864572,NC State,False,FG,ML,,,,,,,,,,False,False,GAME_NOT_COMPLETED,,,,20260926T023919Z,False,False,HOST,True,False,
4,W04-057,Cover 3,2026-09-24,Bud Elliott,False,2026-09-26,Florida Atlantic at UL Monroe,ML,UL Monroe,,+450,Moneyline Sprinkles segment (tier inferred from segment),1,+450,,,,,,Reasoning garbled by ASR. OPPOSES BBOC Calabrese FAU -13.5 (W04-002).,C3_20260924_LOCKS,FG,20260926_FLORID_ULMONR,HIGH,PICK,None stated clearly (ASR garbled),,,PENDING,,host_pick_ledger_WK04_2026.csv,NONE,UL Monroe,401862782,Florida Atlantic,True,FG,ML,,,,,,,,,,False,False,GAME_NOT_COMPLETED,,,,20260926T023919Z,False,False,HOST,True,False,
4,W04-058,Cover 3,2026-09-24,Bud Elliott,False,2026-09-26,Oregon State at UTEP,ML,UTEP,,+376,Moneyline Sprinkles segment (tier inferred from segment),1,+376,,,,,,Likes Oregon State long-term (backed them 60-1 for the conference) but thinks UTEP is not that bad.,C3_20260924_LOCKS,FG,20260926_OREGON_UTEP,HIGH,PICK,UTEP not that bad; weird road trip for Oregon State,,,PENDING,,host_pick_ledger_WK04_2026.csv,ASSERTION,UTEP,401860895,Oregon State,True,FG,ML,,,,,,,,,,False,False,GAME_NOT_COMPLETED,,,,20260926T023919Z,False,False,HOST,True,False,
4,W04-059,Cover 3,2026-09-24,Bud Elliott,False,2026-09-26,Minnesota at Washington,ML,Minnesota,,+316,Moneyline Sprinkles segment (tier inferred from segment),1,+316,,,,,,Correlated with his Washington team total under (W04-048). Chip had +310 (W04-060).,C3_20260924_LOCKS,FG,20260926_MINNES_WASHIN,HIGH,PICK,Out on Washington all year; Minnesota OL injuries a concern,,,PENDING,,host_pick_ledger_WK04_2026.csv,ASSERTION,Minnesota,401858470,Washington,False,FG,ML,,,,,,,,,,False,False,GAME_NOT_COMPLETED,,,,20260926T023919Z,False,False,HOST,True,False,
4,W04-060,Cover 3,2026-09-24,Chip Patterson,False,2026-09-26,Minnesota at Washington,ML,Minnesota,,+310,Moneyline Sprinkles segment (tier inferred from segment),1,+310,,,,,,Chip's own price; Bud found +316.,C3_20260924_LOCKS,FG,20260926_MINNES_WASHIN,HIGH,PICK,Washington nowhere near preseason expectations; competitive late,,,PENDING,,host_pick_ledger_WK04_2026.csv,ASSERTION,Minnesota,401858470,Washington,False,FG,ML,,,,,,,,,,False,False,GAME_NOT_COMPLETED,,,,20260926T023919Z,False,False,HOST,True,False,
4,W04-061,Cover 3,2026-09-24,Chip Patterson,False,2026-09-26,Boise State at Western Michigan,ML,Western Michigan,,+240,Moneyline Sprinkles segment (tier inferred from segment),1,+240,,,,,,Cites Richard Johnson's story from Kalamazoo. OPPOSES BBOC Colin Wilson Boise State ML (W04-093) and Stucky's Boise lean (W04-092).,C3_20260924_LOCKS,FG,20260926_BOISES_WESTER,HIGH,PICK,Home game; community confidence under Lance Taylor,,,PENDING,,host_pick_ledger_WK04_2026.csv,MOTIVATION,Western Michigan,401860897,Boise State,True,FG,ML,,,,,,,,,,False,False,GAME_NOT_COMPLETED,,,,20260926T023919Z,False,False,HOST,True,False,
4,W04-062,Cover 3,2026-09-24,Chip Patterson,False,2026-09-26,Texas at Tennessee,ML,Tennessee,,+170,Moneyline Sprinkles segment (tier inferred from segment),1,+170,,,,,,"First said +167, settled at +170. Same read as his Tennessee +4.5 (W04-015); one exposure.",C3_20260924_LOCKS,FG,20260926_TEXAS_TENNES,HIGH,PICK,Same read as his Tennessee +4.5,,,PENDING,,host_pick_ledger_WK04_2026.csv,ASSERTION,Tennessee,401856704,Texas,True,FG,ML,,,,,,,,,,False,False,GAME_NOT_COMPLETED,,,,20260926T023919Z,False,False,HOST,True,False,
4,W04-063,Cover 3,2026-09-24,Danny Kanell,False,2026-09-26,Boise State at Western Michigan,ML,Western Michigan,,+240,Moneyline Sprinkles segment (tier inferred from segment),1,+240,,,,,,Price is the one Chip read on air immediately before; Danny states none ('I am also on Western Michigan').,C3_20260924_LOCKS,FG,20260926_BOISES_WESTER,HIGH,PICK,Home dog; hoping for a surprise,,,PENDING,,host_pick_ledger_WK04_2026.csv,ASSERTION,Western Michigan,401860897,Boise State,True,FG,ML,,,,,,,,,,False,False,GAME_NOT_COMPLETED,,,,20260926T023919Z,False,False,HOST,True,False,
4,W04-064,Cover 3,2026-09-24,Danny Kanell,False,2026-09-26,Texas at Tennessee,ML,Tennessee,,+170,Moneyline Sprinkles segment (tier inferred from segment),1,+170,,,,,,Price is the one Chip read on air immediately before; Danny states none. Same read as his Tennessee 1Q +1.5 (W04-016).,C3_20260924_LOCKS,FG,20260926_TEXAS_TENNES,HIGH,PICK,Home dog; hoping for a surprise,,,PENDING,,host_pick_ledger_WK04_2026.csv,ASSERTION,Tennessee,401856704,Texas,True,FG,ML,,,,,,,,,,False,False,GAME_NOT_COMPLETED,,,,20260926T023919Z,False,False,HOST,True,False,
4,W04-065,Cover 3,2026-09-24,Danny Kanell,False,2026-09-26,UCLA at Maryland,ML,Maryland,,+105,Moneyline Sprinkles segment (tier inferred from segment),1,+105,,,,,,,C3_20260924_LOCKS,FG,20260926_UCLA_MARYLA,HIGH,PICK,UCLA's cross-country trip,,,PENDING,,host_pick_ledger_WK04_2026.csv,MOTIVATION,Maryland,401858462,UCLA,True,FG,ML,,,,,,,,,,False,False,GAME_NOT_COMPLETED,,,,20260926T023919Z,False,False,HOST,True,False,
4,W04-066,Cover 3,2026-09-24,Danny Kanell,False,2026-09-26,Nebraska at Michigan State,ML,Michigan State,,+189,Moneyline Sprinkles segment (tier inferred from segment),1,+189,,,,,,Cites Tom's Matt Rhule road record.,C3_20260924_LOCKS,FG,20260926_NEBRAS_MICHIG,HIGH,PICK,Rhule's road record at Nebraska,,,PENDING,,host_pick_ledger_WK04_2026.csv,BASE_RATE,Michigan State,401858464,Nebraska,True,FG,ML,,,,,,,,,,False,False,GAME_NOT_COMPLETED,,,,20260926T023919Z,False,False,HOST,True,False,
4,W04-067,Cover 3,2026-09-24,Tom Fornelli,False,2026-09-26,UCLA at Maryland,ML,Maryland,,+108,Moneyline Sprinkles segment (tier inferred from segment),1,+108,,,,,,,C3_20260924_LOCKS,FG,20260926_UCLA_MARYLA,HIGH,PICK,None stated,,,PENDING,,host_pick_ledger_WK04_2026.csv,NONE,Maryland,401858462,UCLA,True,FG,ML,,,,,,,,,,False,False,GAME_NOT_COMPLETED,,,,20260926T023919Z,False,False,HOST,True,False,
4,W04-068,Cover 3,2026-09-24,Tom Fornelli,False,2026-09-26,Nebraska at Michigan State,ML,Michigan State,,+189,Moneyline Sprinkles segment (tier inferred from segment),1,+189,,,,,,Same read as his Michigan State +6 (W04-036); one exposure.,C3_20260924_LOCKS,FG,20260926_NEBRAS_MICHIG,HIGH,PICK,Same read as his Michigan State +6,,,PENDING,,host_pick_ledger_WK04_2026.csv,BASE_RATE,Michigan State,401858464,Nebraska,True,FG,ML,,,,,,,,,,False,False,GAME_NOT_COMPLETED,,,,20260926T023919Z,False,False,HOST,True,False,
4,W04-069,Cover 3,2026-09-24,Tom Fornelli,False,2026-09-26,Massachusetts at Sacramento State,ML,Sacramento State,,+160,Moneyline Sprinkles segment (tier inferred from segment),1,+160,,,,,,"ABSENT FROM THE CLOSING READBACK: Chip's recap lists six sprinkles for Tom and omits this one. Logged from the body: said in Tom's turn after 'Tex', and foreshadowed earlier ('I might have more on this game later'). OPPOSES Chip's UMass team total over (W04-041) and BBOC Calabrese UMass -4.5 (W04-006).",C3_20260924_LOCKS,FG,20260926_MASSAC_SACRAM,HIGH,PICK,UMass untested since Rutgers; cross-country trip as a favorite,,,PENDING,,host_pick_ledger_WK04_2026.csv,MOTIVATION,Sacramento State,401866429,Massachusetts,True,FG,ML,,,,,,,,,,False,False,GAME_NOT_COMPLETED,,,,20260926T023919Z,False,False,HOST,True,False,
4,W04-070,Cover 3,2026-09-24,Tom Fornelli,False,2026-09-26,Ole Miss at Florida,ML,Ole Miss,,+150,Moneyline Sprinkles segment (tier inferred from segment),1,+150,,,,,,Correlated with his over 58.5 (W04-021). OPPOSES Danny Kanell Florida -3 and both BBOC hosts' Florida.,C3_20260924_LOCKS,FG,20260926_OLEMIS_FLORID,HIGH,PICK,No letdown; Chambliss; Florida hasn't played a bowl team,,,PENDING,,host_pick_ledger_WK04_2026.csv,ASSERTION,Ole Miss,401856699,Florida,False,FG,ML,,,,,,,,,,False,False,GAME_NOT_COMPLETED,,,,20260926T023919Z,False,False,HOST,True,False,
4,W04-071,Cover 3,2026-09-24,Tom Fornelli,False,2026-09-26,Utah at Iowa State,ML,Iowa State,,+292,Moneyline Sprinkles segment (tier inferred from segment),1,+292,,,,,,Same read as his Iowa State +8.5 (W04-038); one exposure.,C3_20260924_LOCKS,FG,20260926_UTAH_IOWAST,HIGH,PICK,Iowa State better than thought; Utah's first road trip; Ames tough,,,PENDING,,host_pick_ledger_WK04_2026.csv,MOTIVATION,Iowa State,401856816,Utah,True,FG,ML,,,,,,,,,,False,False,GAME_NOT_COMPLETED,,,,20260926T023919Z,False,False,HOST,True,False,
4,W04-072,Cover 3,2026-09-24,Tom Fornelli,False,2026-09-26,Tulsa at Arkansas,ML,Tulsa,,+230,Moneyline Sprinkles segment (tier inferred from segment),1,+230,,,,,,Same read as his Tulsa +7.5 (W04-053); one exposure. ASR: 'quit watch'.,C3_20260924_LOCKS,FG,20260926_TULSA_ARKANS,HIGH,PICK,Arkansas looks like it doesn't care anymore,,,PENDING,,host_pick_ledger_WK04_2026.csv,MOTIVATION,Tulsa,401856697,Arkansas,False,FG,ML,,,,,,,,,,False,False,GAME_NOT_COMPLETED,,,,20260926T023919Z,False,False,HOST,True,False,
4,W04-073,Cover 3,2026-09-24,Tom Fornelli,False,2026-09-26,Georgia Tech at Stanford,ML,Stanford,,+160,Moneyline Sprinkles segment (tier inferred from segment),1,+160,,,,,,,C3_20260924_LOCKS,FG,20260926_GEORGI_STANFO,HIGH,PICK,Georgia Tech cross-country as a favorite; lost to Colorado,,,PENDING,,host_pick_ledger_WK04_2026.csv,MOTIVATION,Stanford,401858240,Georgia Tech,True,FG,ML,,,,,,,,,,False,False,GAME_NOT_COMPLETED,,,,20260926T023919Z,False,False,HOST,True,False,
4,W04-074,Cover 3,2026-09-24,Bud Elliott,False,2026-09-26,Louisiana at Charlotte,ML,Charlotte,,+360,Moneyline Sprinkles segment (tier inferred from segment),1,+360,,,,,,Added late in the segment; Chip's closing list confirms it is Bud's. Opponent resolved from the schedule (Louisiana); the name is garbled in the transcript.,C3_20260924_LOCKS,FG,20260926_LOUISI_CHARLO,HIGH,PICK,Bad teams produce upsets; variance,,,PENDING,,host_pick_ledger_WK04_2026.csv,ASSERTION,Charlotte,401862780,Louisiana,True,FG,ML,,,,,,,,,,False,False,GAME_NOT_COMPLETED,,,,20260926T023919Z,False,False,HOST,True,False,
4,W04-075,BBOC,2026-09-25,Stucky,False,2026-09-26,Ole Miss at Florida,SPREAD,Florida -2.5,-2.5,-120,bet (stated),2,-3.5,,,,,,"ENTRY_PREDATES_EPISODE: bet at -2.5 -120 before recording ('I needed under three, even if it was juiced'); market read on air -3.5 ('it's like three and a half now'), so the listener gets a point worse. Projection stated: Florida -3.6 (fair), 'should be at like four'. Sharp money moved it 2.5 to 3 early. Self-styled 'Ole Miss whisperer' (Louisville, Charlotte, then Ole Miss vs LSU).",BBOC_20260925_WK4PREV,FG,20260926_OLEMIS_FLORID,HIGH,PICK,Florida top-10; 4-point home field; Ole Miss letdown and Lacy injury; Summerall prep,,,PENDING,,host_pick_ledger_WK04_2026.csv,STAT_CITED,Florida,401856699,Ole Miss,True,FG,SPREAD,,,,,,,,,,False,False,GAME_NOT_COMPLETED,,,,20260926T023919Z,False,False,HOST,True,False,
4,W04-076,BBOC,2026-09-25,Colin Wilson,False,2026-09-26,Ole Miss at Florida,SPREAD,Florida -3,-3.0,,2 units ('I don't put many two-unit bets'); bet Sunday night,3,-3,,,,,,"ENTRY_PREDATES_EPISODE: 2-unit bet placed Sunday night at a number not said on air; the row carries -3, the number he tells listeners to take ('Just take the three, drink the juice'). Tier 3 inferred from the stated 2-unit stake (his standard is flat 1 unit); BBOC tiers are otherwise INFERRED from segment. Not logged: Florida +205 to make the CFP (both hosts, 'on the board'; futures are outside the market vocabulary).",BBOC_20260925_WK4PREV,FG,20260926_OLEMIS_FLORID,HIGH,PICK,Florida defense top-10 havoc; elite coaching; Baugh; Ole Miss tackling issues,,,PENDING,,host_pick_ledger_WK04_2026.csv,STAT_CITED,Florida,401856699,Ole Miss,True,FG,SPREAD,,,,,,,,,,False,False,GAME_NOT_COMPLETED,,,,20260926T023919Z,False,False,HOST,True,False,
4,W04-077,BBOC,2026-09-25,Colin Wilson,False,2026-09-26,Texas at Tennessee,SPREAD,Tennessee +4.5,4.5,,bet (stated by Stucky: 'I saw that you bet Tennessee'),2,+4,,,,,,"[INF] no number said on air; per standing instruction the market number is assumed: +4.5 from DraftKings/CURRENT (CFBD pull of 2026-09-23, last captured 20260923T233913Z, before the recording); OPEN on the same book +6.5. CLV is blocked on this row by design. Detail: MARKET_AMBIGUOUS and ENTRY_PREDATES_EPISODE: Stucky says 'I saw that you bet Tennessee'; the market (spread or ML) and the entry number are not said. Logged as the spread; he also takes Tennessee ML in the underdog parlay (W04-115), which may be the same position. Market read on air +4 ('Texas, a four point favorite'); the line moved 3.5 to 4 to 5.5 and back to 4.",BBOC_20260925_WK4PREV,FG,20260926_TEXAS_TENNES,MED,PICK,"Texas offense broken: no run game, drops, a turnover-worthy play every game",,,NUMBER_INFERRED_NO_CLV,MARKET_INFERRED,host_pick_ledger_WK04_2026.csv,STAT_CITED,Tennessee,401856704,Texas,True,FG,SPREAD,,,,,,,,,,False,False,GAME_NOT_COMPLETED,,,,20260926T023919Z,False,False,HOST,True,False,
4,W04-078,BBOC,2026-09-25,Stucky,False,2026-09-26,Texas at Tennessee,SPREAD,Tennessee +4,4.0,,'I'll join you some'; not a big bet,1,+4,,,,,,"MARKET_AMBIGUOUS: joins Colin 'some on Tennessee' without naming spread or ML; logged as the spread at +4, the number he read on air himself. 'Mainly a gut', 'not a big bet'.",BBOC_20260925_WK4PREV,FG,20260926_TEXAS_TENNES,MED,PICK,Gut from watching both teams; Texas fails the eye test; freshman QB uncertainty,,,PENDING,,host_pick_ledger_WK04_2026.csv,ASSERTION,Tennessee,401856704,Texas,True,FG,SPREAD,,,,,,,,,,False,False,GAME_NOT_COMPLETED,,,,20260926T023919Z,False,False,HOST,True,False,
4,W04-079,BBOC,2026-09-25,Stucky,False,2026-09-26,Oregon at USC,TOTAL,under 61.5,61.5,,lean; 'thinking about the under',1,61.5,,,,,,"CONDITIONAL: wants it to steam to about 64 ('Might be a pipe dream'). Projection stated: 60 (1.5 under market); '30 to 24-ish'. Also says 'my gut says Oregon's the side' (not logged). OPPOSES Cover 3 over 61.5 x3 (W04-026, W04-027, W04-029).",BBOC_20260925_WK4PREV,FG,20260926_OREGON_USC,HIGH,LEAN,Oregon runs it; both offensive lines shaky; young USC skill players,,,PENDING,,host_pick_ledger_WK04_2026.csv,ROSTER,,401858469,,,FG,TOTAL,UNDER,,,,,,,,,False,False,GAME_NOT_COMPLETED,,,,20260926T023919Z,True,False,HOST,True,False,
4,W04-080,BBOC,2026-09-25,Colin Wilson,False,2026-09-26,Oregon at USC,SPREAD,Oregon -3,-3.0,,'I'm on Oregon all the way',2,-3,,,,,,Number is the market read on air by Stucky at the top of the segment ('Oregon is a three-point favorite'); Colin does not restate it. ASR: 'Jade Maeve' = Jayden Maiava; 'Corian Moore' as heard.,BBOC_20260925_WK4PREV,FG,20260926_OREGON_USC,HIGH,PICK,Oklahoma State game was tipped plays; Oregon coverage strong; Maiava struggles vs quarters,,,PENDING,,host_pick_ledger_WK04_2026.csv,STAT_CITED,Oregon,401858469,USC,False,FG,SPREAD,,,,,,,,,,False,False,GAME_NOT_COMPLETED,,,,20260926T023919Z,False,False,HOST,True,False,
4,W04-081,BBOC,2026-09-25,Stucky,False,2026-09-26,Oklahoma at Georgia,TOTAL,under 44.5,44.5,,bet ('I did play the under'),2,44.5,,,,,,Number is the total he read himself at the top of the segment. Projection stated: Georgia 24-13 (37). Fair side stated: Georgia -11.5.,BBOC_20260925_WK4PREV,FG,20260926_OKLAHO_GEORGI,HIGH,PICK,Oklahoma offense broken; Georgia's explosiveness inflated by weak opponents,,,PENDING,,host_pick_ledger_WK04_2026.csv,STAT_CITED,,401856700,,,FG,TOTAL,UNDER,,,,,,,,,False,False,GAME_NOT_COMPLETED,,,,20260926T023919Z,False,False,HOST,True,False,
4,W04-082,BBOC,2026-09-25,Colin Wilson,False,2026-09-26,Oklahoma at Georgia,TOTAL,under 44.5,44.5,,on the board,2,44.5,,,,,,Projection stated: 38 (6.5 under market).,BBOC_20260925_WK4PREV,FG,20260926_OKLAHO_GEORGI,HIGH,PICK,Oklahoma's inside zone fails vs Georgia; Oklahoma's elite pass defense; boxing match,,,PENDING,,host_pick_ledger_WK04_2026.csv,STAT_CITED,,401856700,,,FG,TOTAL,UNDER,,,,,,,,,False,False,GAME_NOT_COMPLETED,,,,20260926T023919Z,False,False,HOST,True,False,
4,W04-083,BBOC,2026-09-25,Stucky,False,2026-09-26,Oklahoma at Georgia,SPREAD,Oklahoma +14,14.0,,"lean, only at 14",1,+13.5,,,,,,"CONDITIONAL on 14 (market read on air 13.5). Fair stated: Georgia -11.5 ('I make it like 11 and a half, but they have a lot of injuries'). TOL=+14.",BBOC_20260925_WK4PREV,FG,20260926_OKLAHO_GEORGI,HIGH,LEAN,Young Georgia OL shell-shocked vs a salty Oklahoma defense,,,PENDING,,host_pick_ledger_WK04_2026.csv,ROSTER,Oklahoma,401856700,Georgia,False,FG,SPREAD,,,,,,,,,,False,False,GAME_NOT_COMPLETED,,,,20260926T023919Z,True,False,HOST,True,False,
4,W04-084,BBOC,2026-09-25,Stucky,False,2026-09-26,Utah at Iowa State,SPREAD,Iowa State +8.5,8.5,,bet (two tickets),2,,,,,,,"Two tickets: +8.5 and +8 at reduced juice; logged once at +8.5. Projection stated: Utah -7 (1.5 off). 'Give me the clones. I think they pull this off outright.' Colin makes Utah a double-digit favorite and considered a Utah ML parlay, then withdrew it (not logged). Weather: wind and possible rain in Ames. Also Iowa State ML in the underdog parlay (W04-114).",BBOC_20260925_WK4PREV,FG,20260926_UTAH_IOWAST,HIGH,PICK,Rogers 9-1 ATS in last 10 vs FBS; Iowa State run defense; Flora runs; special teams,,,PENDING,,host_pick_ledger_WK04_2026.csv,BASE_RATE,Iowa State,401856816,Utah,True,FG,SPREAD,,,,,,,,,,False,False,GAME_NOT_COMPLETED,,,,20260926T023919Z,False,False,HOST,True,False,
4,W04-085,BBOC,2026-09-25,Stucky,False,2026-09-26,Iowa at Michigan,TOTAL,under 38.5,38.5,,'Give me the under',2,38.5,,,,,,"TOL=>=38 ('All I wanted was 38 or better'); opened 36.5, over took money. Projection stated: Michigan 17-10.",BBOC_20260925_WK4PREV,FG,20260926_IOWA_MICHIG,HIGH,PICK,Both teams shorten the game; Iowa throws to backs; Michigan runs Underwood,,,PENDING,,host_pick_ledger_WK04_2026.csv,STAT_CITED,,401858463,,,FG,TOTAL,UNDER,,,,,,,,,False,False,GAME_NOT_COMPLETED,,,,20260926T023919Z,False,False,HOST,True,False,
4,W04-086,BBOC,2026-09-25,Stucky,False,2026-09-26,Iowa at Michigan,SPREAD,Michigan -5.5,-5.5,,lean,1,-5.5,,,,,,Projection stated: Michigan -7 (1.5 off). Afraid Underwood turns it over.,BBOC_20260925_WK4PREV,FG,20260926_IOWA_MICHIG,HIGH,LEAN,Makes it 7; worried about Underwood turnovers,,,PENDING,,host_pick_ledger_WK04_2026.csv,ASSERTION,Michigan,401858463,Iowa,True,FG,SPREAD,,,,,,,,,,False,False,GAME_NOT_COMPLETED,,,,20260926T023919Z,True,False,HOST,True,False,
4,W04-087,BBOC,2026-09-25,Colin Wilson,False,2026-09-26,Iowa at Michigan,SPREAD,Michigan -5.5,-5.5,,lean ('I really want to bet'),1,-5.5,,,,,,"'I can't tell why, but I really want to bet Michigan minus five and a half.' Not stated as placed. Also plans a live under at 41 (live, not logged). Projection stated: total 41.",BBOC_20260925_WK4PREV,FG,20260926_IOWA_MICHIG,HIGH,LEAN,Can't say why; dream scenario is an early Iowa field goal,,,PENDING,,host_pick_ledger_WK04_2026.csv,ASSERTION,Michigan,401858463,Iowa,True,FG,SPREAD,,,,,,,,,,False,False,GAME_NOT_COMPLETED,,,,20260926T023919Z,True,False,HOST,True,False,
4,W04-088,BBOC,2026-09-25,Stucky,False,2026-09-26,Wisconsin at Penn State,SPREAD,Wisconsin +10,10.0,,'one of my favorite bets of the weekend',2,+10,,,,,,Projection stated: Penn State -8 (2 off). Prefers over 10 ('I imagine this settles at 10'); sharp buyers at +9.5 and +10.5. Tier kept at 2 (BBOC tiers inferred); stated as a favorite bet of the weekend. Correlated with Colin's under (W04-089): 'Wisconsin needs this to be a little uglier'.,BBOC_20260925_WK4PREV,FG,20260926_WISCON_PENNST,HIGH,PICK,Penn State at peak after soft schedule; Howard out; Wisconsin OL healthy,,,PENDING,,host_pick_ledger_WK04_2026.csv,ROSTER,Wisconsin,401858466,Penn State,False,FG,SPREAD,,,,,,,,,,False,False,GAME_NOT_COMPLETED,,,,20260926T023919Z,False,False,HOST,True,False,
4,W04-089,BBOC,2026-09-25,Colin Wilson,False,2026-09-26,Wisconsin at Penn State,TOTAL,under 44.5,44.5,,"'Yeah, I have the under'",2,,,,,,,"[INF] no number said on air; per standing instruction the market number is assumed: 44.5 from DraftKings/CURRENT (CFBD pull of 2026-09-23, last captured 20260923T233913Z, before the recording); OPEN on the same book 42.5. CLV is blocked on this row by design. Detail: neither host read the total in this segment. Weather: double-digit crosswinds forecast at Beaver Stadium; checkable pre-kick.",BBOC_20260925_WK4PREV,FG,20260926_WISCON_PENNST,HIGH,PICK,Colton Joseph turnover-prone; Badgers can't run or finish drives; crosswinds,,,NUMBER_INFERRED_NO_CLV,MARKET_INFERRED,host_pick_ledger_WK04_2026.csv,STAT_CITED,,401858466,,,FG,TOTAL,UNDER,,,,,,,,,False,False,GAME_NOT_COMPLETED,,,,20260926T023919Z,False,False,HOST,True,False,
4,W04-090,BBOC,2026-09-25,Stucky,False,2026-09-26,Texas A&M at LSU,SPREAD,LSU -9.5,-9.5,,lean; 'I don't know if I want to play',1,-9.5,,,,,,Projection stated: LSU -9.9 (0.4 off); expects it to close 10-plus; undecided because of LSU injuries. Colin's number is LSU -4 (SP+ -4.5) and he does not bet it despite 'LSU could bury him' (not logged).,BBOC_20260925_WK4PREV,FG,20260926_TEXASA_LSU,HIGH,LEAN,"A&M offense broken: no run game, no play action, injured receivers",,,PENDING,,host_pick_ledger_WK04_2026.csv,ROSTER,LSU,401856702,Texas A&M,True,FG,SPREAD,,,,,,,,,,False,False,GAME_NOT_COMPLETED,,,,20260926T023919Z,True,False,HOST,True,False,
4,W04-092,BBOC,2026-09-25,Stucky,False,2026-09-26,Boise State at Western Michigan,SPREAD,Boise State -7,-7.0,,lean; 'not involved',1,-7,,,,,,TOL=<=7 ('at seven or better'); line floating 7 to 7.5; 'I'm right around the number'. Over taking money.,BBOC_20260925_WK4PREV,FG,20260926_BOISES_WESTER,HIGH,LEAN,Western doesn't attack Boise through the air; Boise runs and hits shots,,,PENDING,,host_pick_ledger_WK04_2026.csv,SCHEME,Boise State,401860897,Western Michigan,False,FG,SPREAD,,,,,,,,,,False,False,GAME_NOT_COMPLETED,,,,20260926T023919Z,True,False,HOST,True,False,
4,W04-093,BBOC,2026-09-25,Colin Wilson,False,2026-09-26,Boise State at Western Michigan,ML,Boise State,,-285,ML parlay leg (partner not chosen),1,,,,,,,"[INF] no price said on air; per standing instruction the market price is assumed: -285 from DraftKings/CURRENT (CFBD pull of 2026-09-23, last captured 20260923T233913Z, before the recording). CLV is blocked on this row by design. Detail: Floated pairing with Utah, later withdrew Utah ('I don't think I'm going to put anybody on Utah this week'); the Boise leg stands ('we'll get them somewhere else'). Sire Gaines day-to-day.",BBOC_20260925_WK4PREV,FG,20260926_BOISES_WESTER,HIGH,PICK,Western Michigan can't stop power and man-gap runs,,,NUMBER_INFERRED_NO_CLV,MARKET_INFERRED,host_pick_ledger_WK04_2026.csv,STAT_CITED,Boise State,401860897,Western Michigan,False,FG,ML,,,,,,,,,,False,False,GAME_NOT_COMPLETED,,,,20260926T023919Z,False,False,HOST,True,False,
4,W04-094,BBOC,2026-09-25,Stucky,False,2026-09-26,Oklahoma State at West Virginia,SPREAD,West Virginia -1,-1.0,,lean ('I like West Virginia'),1,-1,,,,,,"Number is the market read on air by Colin (Oklahoma State +1); Stucky calls WVU 'a very, very small home favorite'. Also 'kind of lean over here... But I'm not playing it' (not logged). Discounts Oklahoma State's Oregon win (tipped plays).",BBOC_20260925_WK4PREV,FG,20260926_OKLAHO_WESTVI,HIGH,LEAN,WVU blitzes a shaky OSU line; OSU defense lacks depth; tempo wears it down,,,PENDING,,host_pick_ledger_WK04_2026.csv,SCHEME,West Virginia,401856881,Oklahoma State,True,FG,SPREAD,,,,,,,,,,False,False,GAME_NOT_COMPLETED,,,,20260926T023919Z,True,False,HOST,True,False,
4,W04-095,BBOC,2026-09-25,Colin Wilson,False,2026-09-26,Oklahoma State at West Virginia,TOTAL,under 60.5,60.5,,lean; wants 62,1,,,,,,,"[INF] no number said on air; per standing instruction the market number is assumed: 60.5 from DraftKings/CURRENT (CFBD pull of 2026-09-23, last captured 20260923T233913Z, before the recording); OPEN on the same book 57.5. CLV is blocked on this row by design. Detail: 'Problem is it's going the other way, and you're asking about what the next key is at 62'. TOL=>=62 [INF]. Power rates the side Oklahoma State -1. OPPOSES BBOC Calabrese over 59.5 (W04-011).",BBOC_20260925_WK4PREV,FG,20260926_OKLAHO_WESTVI,HIGH,LEAN,Both defenses hold edges in quality and finishing drives; OSU EPA outside top 100,,,NUMBER_INFERRED_NO_CLV,MARKET_INFERRED,host_pick_ledger_WK04_2026.csv,STAT_CITED,,401856881,,,FG,TOTAL,UNDER,,,,,,,,,False,False,GAME_NOT_COMPLETED,,,,20260926T023919Z,True,False,HOST,True,False,
4,W04-096,BBOC,2026-09-25,Stucky,False,2026-09-26,South Florida at Bowling Green,SPREAD,Bowling Green +18,18.0,,trash; head-to-head,1,+18,,,,,,"'We're going head-to-head': Colin is on South Florida, but his position is not stated on air and is not logged. Bowling Green lost top corner JoJo Johnson.",BBOC_20260925_WK4PREV,FG,20260926_SOUTHF_BOWLIN,HIGH,PICK,South Florida overvalued and uninterested after an embarrassment,,,PENDING,,host_pick_ledger_WK04_2026.csv,MOTIVATION,Bowling Green,401862785,South Florida,True,FG,SPREAD,,,,,,,,,,False,False,GAME_NOT_COMPLETED,,,,20260926T023919Z,False,False,HOST,True,False,
4,W04-097,BBOC,2026-09-25,Stucky,False,2026-09-26,Houston at Georgia Southern,SPREAD,Georgia Southern +18.5,18.5,,trash,1,+18.5,,,,,,First Power 4 visit to Statesboro; Willie Fritz used to coach Georgia Southern.,BBOC_20260925_WK4PREV,FG,20260926_HOUSTO_GEORGI,HIGH,PICK,Georgia Southern home edge; Houston letdown after Texas Tech; Fritz won't run it up,,,PENDING,,host_pick_ledger_WK04_2026.csv,BASE_RATE,Georgia Southern,401856806,Houston,True,FG,SPREAD,,,,,,,,,,False,False,GAME_NOT_COMPLETED,,,,20260926T023919Z,False,False,HOST,True,False,
4,W04-098,BBOC,2026-09-25,Colin Wilson,False,2026-09-26,Houston at Georgia Southern,SPREAD,Georgia Southern +17.5,17.5,,trash; on the board (joined),1,+17.5,,,,,,"Projection stated: Houston -20, 2.5 points on the other side of the number he takes ('I made it 20, but...'); takes it for the Fritz spot and backdoor potential. Same pattern as Week 3 (Colin on the side his own number argues against).",BBOC_20260925_WK4PREV,FG,20260926_HOUSTO_GEORGI,HIGH,PICK,Fritz connection; backdoor written all over it,,,PENDING,,host_pick_ledger_WK04_2026.csv,MOTIVATION,Georgia Southern,401856806,Houston,True,FG,SPREAD,,,,,,,,,,False,False,GAME_NOT_COMPLETED,,,,20260926T023919Z,False,False,HOST,True,False,
4,W04-099,BBOC,2026-09-25,Stucky,False,2026-09-26,Troy at Utah State,SPREAD,Utah State -2.5,-2.5,,trash; 'one of the first bets I made',1,-2.5,,,,,,Entry earlier in the week; 'Two and a half is still out there' at recording. 'The purest spot play on the board.',BBOC_20260925_WK4PREV,FG,20260926_TROY_UTAHST,HIGH,PICK,Utah State desperate at 0-3; Troy second straight road game to altitude,,,PENDING,,host_pick_ledger_WK04_2026.csv,BASE_RATE,Utah State,401860894,Troy,True,FG,SPREAD,,,,,,,,,,False,False,GAME_NOT_COMPLETED,,,,20260926T023919Z,False,False,HOST,True,False,
4,W04-100,BBOC,2026-09-25,Colin Wilson,False,2026-09-26,Troy at Utah State,TOTAL,under 51,51.0,,early pick of the week (written up Sunday),2,47,,,,,,ENTRY_PREDATES_EPISODE: taken Sunday at 51; 'We're down to 47' at recording. Projection stated: 41. The listener gets 4 points worse than the cited number.,BBOC_20260925_WK4PREV,FG,20260926_TROY_UTAHST,HIGH,PICK,Numerous reasons; projects 41,,,PENDING,,host_pick_ledger_WK04_2026.csv,ASSERTION,,401860894,,,FG,TOTAL,UNDER,,,,,,,,,False,False,GAME_NOT_COMPLETED,,,,20260926T023919Z,False,False,HOST,True,False,
4,W04-101,BBOC,2026-09-25,Stucky,False,2026-09-26,Missouri State at SMU,SPREAD,Missouri State +34.5,34.5,,trash,1,+34.5,,,,,,Also holds some +35 from earlier in the week. Casey Woods and Rhett Lashley 'call each other brothers' (Auburn staff together).,BBOC_20260925_WK4PREV,FG,20260926_MISSOU_SMU,HIGH,PICK,SMU after a ranked loss as a 30-point favorite; Lashley won't embarrass Woods,,,PENDING,,host_pick_ledger_WK04_2026.csv,BASE_RATE,Missouri State,401858241,SMU,False,FG,SPREAD,,,,,,,,,,False,False,GAME_NOT_COMPLETED,,,,20260926T023919Z,False,False,HOST,True,False,
4,W04-102,BBOC,2026-09-25,Colin Wilson,False,2026-09-26,Missouri State at SMU,SPREAD,Missouri State +34.5,34.5,,trash; on the board (joined),1,+34.5,,,,,,"Projection stated: SMU -36, 1.5 points on the other side of the number ('it's not even like it's that big of a jump'); 'I would love 35'. Number is Stucky's; logged at the segment number.",BBOC_20260925_WK4PREV,FG,20260926_MISSOU_SMU,HIGH,PICK,Woods-Lashley connection; one of the stronger in the sport,,,PENDING,,host_pick_ledger_WK04_2026.csv,MOTIVATION,Missouri State,401858241,SMU,False,FG,SPREAD,,,,,,,,,,False,False,GAME_NOT_COMPLETED,,,,20260926T023919Z,False,False,HOST,True,False,
4,W04-103,BBOC,2026-09-25,Stucky,False,2026-09-26,Kennesaw State at Arkansas State,SPREAD,Arkansas State -6,-6.0,,trash,1,-6,,,,,,'Arc State minus six for fading Ricky Collins. Enough said.' The name is ASR-garbled and unresolved; opponent resolved from the schedule (Kennesaw State).,BBOC_20260925_WK4PREV,FG,20260926_KENNES_ARKANS,HIGH,PICK,Fading a Kennesaw State figure; enough said,,,PENDING,,host_pick_ledger_WK04_2026.csv,ASSERTION,Arkansas State,401869931,Kennesaw State,True,FG,SPREAD,,,,,,,,,,False,False,GAME_NOT_COMPLETED,,,,20260926T023919Z,False,False,HOST,True,False,
4,W04-104,BBOC,2026-09-25,Colin Wilson,False,2026-09-26,Massachusetts at Sacramento State,SPREAD,Sacramento State +4,4.0,,trash (in the Action app),1,,,,,,,"[INF] no number said on air; per standing instruction the market number is assumed: +4 from DraftKings/CURRENT (CFBD pull of 2026-09-23, last captured 20260923T233913Z, before the recording); OPEN on the same book +6. CLV is blocked on this row by design. Detail: ENTRY_PREDATES_EPISODE ('Colin has a trash pick this week. I saw it in the app'); entry number not said. Projection stated: pick'em ('should be closer to a pick'). Sac State QB Carson Conklin day-to-day; the backup is 'horrendous' (Stucky).",BBOC_20260925_WK4PREV,FG,20260926_MASSAC_SACRAM,HIGH,PICK,Number too high; Stonehill turnovers flattered UMass; West Coast travel,,,NUMBER_INFERRED_NO_CLV,MARKET_INFERRED,host_pick_ledger_WK04_2026.csv,STAT_CITED,Sacramento State,401866429,Massachusetts,True,FG,SPREAD,,,,,,,,,,False,False,GAME_NOT_COMPLETED,,,,20260926T023919Z,False,False,HOST,True,False,
4,W04-105,BBOC,2026-09-25,Colin Wilson,False,2026-09-26,San Diego State at Toledo,TOTAL,under 51.5,51.5,,lean ('I would guess the under'),1,51.5,,,,,,Number is the total read on air by Stucky ('up to 51.5 through the key of 51'). Projection stated: 42 (9.5 under). Noon ET kick for San Diego State.,BBOC_20260925_WK4PREV,FG,20260926_SANDIE_TOLEDO,HIGH,LEAN,San Diego State can't string drives; stops Toledo's explosive runs,,,PENDING,,host_pick_ledger_WK04_2026.csv,STAT_CITED,,401860893,,,FG,TOTAL,UNDER,,,,,,,,,False,False,GAME_NOT_COMPLETED,,,,20260926T023919Z,True,False,HOST,True,False,
4,W04-106,BBOC,2026-09-25,Colin Wilson,False,2026-09-25,Navy at UAB,ML,UAB,,+225,moneyline round robin,1,,,,,,,"[INF] no price said on air; per standing instruction the market price is assumed: +225 from DraftKings/CURRENT (CFBD pull of 2026-09-23, last captured 20260923T233913Z, before the recording). CLV is blocked on this row by design. Detail: Spread moved past him ('having a really hard time at six... this morning it was above seven'), so no spread position is logged. Game played Fri 25 Sep.",BBOC_20260925_WK4PREV,FG,20260925_NAVY_UAB,HIGH,PICK,Fading Navy; UAB keeps taking money; maybe UAB is just good,,,NUMBER_INFERRED_NO_CLV,MARKET_INFERRED,host_pick_ledger_WK04_2026.csv,ASSERTION,UAB,401862778,Navy,True,FG,ML,,,,,,,,,,False,False,GAME_NOT_COMPLETED,,,,20260926T023919Z,False,False,HOST,True,False,
4,W04-107,BBOC,2026-09-25,Stucky,False,2026-09-25,Northwestern at Indiana,SPREAD,Indiana -20.5,-20.5,,lean; 'I might get involved',1,-20.5,,,,,,"ASR: 'Eileen Hoosier's here' = 'I lean Hoosiers here'. 'Now that this is under 21, I could only look at Indiana.' Friday game.",BBOC_20260925_WK4PREV,FG,20260925_NORTHW_INDIAN,HIGH,LEAN,Cignetti angry; Northwestern injuries; Indiana gets Daly and Wyatt back,,,PENDING,,host_pick_ledger_WK04_2026.csv,ROSTER,Indiana,401858461,Northwestern,True,FG,SPREAD,,,,,,,,,,False,False,GAME_NOT_COMPLETED,,,,20260926T023919Z,True,False,HOST,True,False,
4,W04-108,BBOC,2026-09-25,Colin Wilson,False,2026-09-25,Northwestern at Indiana,SPREAD,Indiana -20.5,-20.5,,lean ('I'll be on it in some form or fashion'),1,-20.5,,,,,,Number is the market read on air by Stucky; Colin notes it came down from 21 and wants to know why. Projection stated: Indiana -26 (5.5 off). Instrument not chosen.,BBOC_20260925_WK4PREV,FG,20260925_NORTHW_INDIAN,HIGH,LEAN,Makes it 26; will be on Indiana in some form,,,PENDING,,host_pick_ledger_WK04_2026.csv,ASSERTION,Indiana,401858461,Northwestern,True,FG,SPREAD,,,,,,,,,,False,False,GAME_NOT_COMPLETED,,,,20260926T023919Z,True,False,HOST,True,False,
4,W04-109,BBOC,2026-09-25,Stucky,False,2026-09-25,Clemson at California,TOTAL,over 50,50.0,,bet ('I played some over'),2,50.5,,,,,,ENTRY_PREDATES_EPISODE: played at 50; 'over 50 and a half is still fine' at recording. Projection: 'should be above 51'. Friday game.,BBOC_20260925_WK4PREV,FG,20260925_CLEMSO_CALIFO,HIGH,PICK,Clemson went even more tempo; Cal uses tempo; neither defense good,,,PENDING,,host_pick_ledger_WK04_2026.csv,SCHEME,,401858234,,,FG,TOTAL,OVER,,,,,,,,,False,False,GAME_NOT_COMPLETED,,,,20260926T023919Z,False,False,HOST,True,False,
4,W04-110,BBOC,2026-09-25,Colin Wilson,False,2026-09-25,Clemson at California,SPREAD,Clemson +1.5,1.5,,bet on open ('numbers play'),2,,,,,,,"ENTRY_PREDATES_EPISODE: taken on open. Market at listen not read on air; DraftKings' 23 Sep number had Clemson as a 1.5-point favorite, so the listener likely gets about 3 points worse [INF]. Plans live trading (Cal +7 live): not logged. Friday game.",BBOC_20260925_WK4PREV,FG,20260925_CLEMSO_CALIFO,HIGH,PICK,Numbers play on open,,,PENDING,,host_pick_ledger_WK04_2026.csv,ASSERTION,Clemson,401858234,California,False,FG,SPREAD,,,,,,,,,,False,False,GAME_NOT_COMPLETED,,,,20260926T023919Z,False,False,HOST,True,False,
4,W04-111,BBOC,2026-09-25,Stucky,False,2026-09-26,Vanderbilt at Auburn,SPREAD,Auburn -9,-9.0,,overdog parlay,1,-9,,,,,,"TOL=<10 ('9.5 is fine, anything under 10'). Projection stated: over 10.",BBOC_20260925_WK4PREV,FG,20260926_VANDER_AUBURN,HIGH,PICK,Vanderbilt not good; freshman QB's first hostile road start; Auburn bounce-back,,,PENDING,,host_pick_ledger_WK04_2026.csv,MOTIVATION,Auburn,401856698,Vanderbilt,True,FG,SPREAD,,,,,,,,,,False,False,GAME_NOT_COMPLETED,,,,20260926T023919Z,False,False,HOST,True,False,
4,W04-112,BBOC,2026-09-25,Colin Wilson,False,2026-09-26,Wake Forest at Louisville,SPREAD,Louisville -13.5,-13.5,,overdog parlay,1,-13.5,,,,,,"NUMBER_FROM_PARAPHRASE: no entry number said; -13.5 is the market implied on air ('this isn't closing 13 and a half'). Reversed his earlier-week Wake Forest bet (not logged separately; entry predates the episode, number not said). HEAD-TO-HEAD with Stucky Wake Forest +13 (W04-113). Gio Lopez hip downgraded to questionable. ASR: 'Braum' = Jeff Brohm.",BBOC_20260925_WK4PREV,FG,20260926_WAKEFO_LOUISV,MED,PICK,Lopez hip worse; Louisville's zone read vs weak Wake; Wake can't beat cover three,,,PENDING,,host_pick_ledger_WK04_2026.csv,STAT_CITED,Louisville,401858243,Wake Forest,True,FG,SPREAD,,,,,,,,,,False,False,GAME_NOT_COMPLETED,,,,20260926T023919Z,False,False,HOST,True,False,
4,W04-113,BBOC,2026-09-25,Stucky,False,2026-09-26,Wake Forest at Louisville,SPREAD,Wake Forest +13,13.0,,bet ('I played plus 13'),2,,,,,,,ENTRY_PREDATES_EPISODE: played +13 with the Lopez injury known. 'Asymmetrical risk': rates Lopez worth close to 5 points; backup is freshman Steel Pazella. HEAD-TO-HEAD with Colin Louisville -13.5 (W04-112).,BBOC_20260925_WK4PREV,FG,20260926_WAKEFO_LOUISV,HIGH,PICK,Brohm poor as a big favorite; Louisville's tough stretch; Lopez risk accepted,,,PENDING,,host_pick_ledger_WK04_2026.csv,BASE_RATE,Wake Forest,401858243,Louisville,False,FG,SPREAD,,,,,,,,,,False,False,GAME_NOT_COMPLETED,,,,20260926T023919Z,False,False,HOST,True,False,
4,W04-114,BBOC,2026-09-25,Stucky,False,2026-09-26,Utah at Iowa State,ML,Iowa State,,+270,underdog ML parlay,1,,,,,,,"[INF] no price said on air; per standing instruction the market price is assumed: +270 from DraftKings/CURRENT (CFBD pull of 2026-09-23, last captured 20260923T233913Z, before the recording). CLV is blocked on this row by design. Detail: Parlay with Colin's Tennessee ML (W04-115), stated +862 at DraftKings. Same read as his Iowa State +8.5 (W04-084); one exposure.",BBOC_20260925_WK4PREV,FG,20260926_UTAH_IOWAST,HIGH,PICK,Same read as his Iowa State +8.5; don't doubt Jimmy Rogers,,,NUMBER_INFERRED_NO_CLV,MARKET_INFERRED,host_pick_ledger_WK04_2026.csv,BASE_RATE,Iowa State,401856816,Utah,True,FG,ML,,,,,,,,,,False,False,GAME_NOT_COMPLETED,,,,20260926T023919Z,False,False,HOST,True,False,
4,W04-115,BBOC,2026-09-25,Colin Wilson,False,2026-09-26,Texas at Tennessee,ML,Tennessee,,+164,underdog ML parlay,1,,,,,,,"[INF] no price said on air; per standing instruction the market price is assumed: +164 from DraftKings/CURRENT (CFBD pull of 2026-09-23, last captured 20260923T233913Z, before the recording). CLV is blocked on this row by design. Detail: Parlay with Stucky's Iowa State ML (W04-114), stated +862 at DraftKings. Same read as his Tennessee spread (W04-077); possibly the same position.",BBOC_20260925_WK4PREV,FG,20260926_TEXAS_TENNES,HIGH,PICK,"Texas offense: no run game, drops, predictable; Rocky Top",,,NUMBER_INFERRED_NO_CLV,MARKET_INFERRED,host_pick_ledger_WK04_2026.csv,STAT_CITED,Tennessee,401856704,Texas,True,FG,ML,,,,,,,,,,False,False,GAME_NOT_COMPLETED,,,,20260926T023919Z,False,False,HOST,True,False,
