cfbd_game_id,week,kickoff_utc,away_team,home_team,book,snapshot_type,spread_home,total,ml_home,ml_away,n_observations,first_captured_at,last_captured_at
401856766,1,2026-08-29T16:00:00.000Z,North Carolina,TCU,Bovada,CLOSE_PROXY,-7.5,46.0,-235.0,195.0,8,20260906T121248Z,20260923T233913Z
401856766,1,2026-08-29T16:00:00.000Z,North Carolina,TCU,Bovada,OPEN,-7.5,50.5,,,8,20260906T121248Z,20260923T233913Z
401856766,1,2026-08-29T16:00:00.000Z,North Carolina,TCU,DraftKings,CLOSE_PROXY,-7.5,46.5,-310.0,250.0,8,20260906T121248Z,20260923T233913Z
401856766,1,2026-08-29T16:00:00.000Z,North Carolina,TCU,DraftKings_Alt,CLOSE_PROXY,-7.5,46.5,,,8,20260906T121248Z,20260923T233913Z
401864494,1,2026-08-29T19:00:00.000Z,San José State,USC,Bovada,CLOSE_PROXY,-37.0,60.5,-100000.0,3500.0,8,20260906T121248Z,20260923T233913Z
401864494,1,2026-08-29T19:00:00.000Z,San José State,USC,Bovada,OPEN,-35.5,57.5,,,8,20260906T121248Z,20260923T233913Z
401864494,1,2026-08-29T19:00:00.000Z,San José State,USC,DraftKings,CLOSE_PROXY,-37.5,61.5,-100000.0,5000.0,8,20260906T121248Z,20260923T233913Z
401864494,1,2026-08-29T19:00:00.000Z,San José State,USC,DraftKings,OPEN,-35.5,,,,8,20260906T121248Z,20260923T233913Z
401864494,1,2026-08-29T19:00:00.000Z,San José State,USC,DraftKings_Alt,CLOSE_PROXY,-37.5,61.5,,,8,20260906T121248Z,20260923T233913Z
401858202,1,2026-08-29T19:30:00.000Z,NC State,Virginia,Bovada,CLOSE_PROXY,-4.0,50.5,-145.0,125.0,8,20260906T121248Z,20260923T233913Z
401858202,1,2026-08-29T19:30:00.000Z,NC State,Virginia,Bovada,OPEN,-3.5,54.5,,,8,20260906T121248Z,20260923T233913Z
401858202,1,2026-08-29T19:30:00.000Z,NC State,Virginia,DraftKings,CLOSE_PROXY,-4.0,50.5,-185.0,154.0,8,20260906T121248Z,20260923T233913Z
401858202,1,2026-08-29T19:30:00.000Z,NC State,Virginia,DraftKings_Alt,CLOSE_PROXY,-4.0,50.5,,,8,20260906T121248Z,20260923T233913Z
401864577,1,2026-08-29T21:30:00.000Z,Jacksonville State,North Dakota State,Bovada,CLOSE_PROXY,-7.0,46.5,-330.0,265.0,8,20260906T121248Z,20260923T233913Z
401864577,1,2026-08-29T21:30:00.000Z,Jacksonville State,North Dakota State,Bovada,OPEN,-10.0,48.5,,,8,20260906T121248Z,20260923T233913Z
401864577,1,2026-08-29T21:30:00.000Z,Jacksonville State,North Dakota State,DraftKings,CLOSE_PROXY,-6.5,46.5,-265.0,215.0,8,20260906T121248Z,20260923T233913Z
401864577,1,2026-08-29T21:30:00.000Z,Jacksonville State,North Dakota State,DraftKings,OPEN,-10.0,,,,8,20260906T121248Z,20260923T233913Z
401864577,1,2026-08-29T21:30:00.000Z,Jacksonville State,North Dakota State,DraftKings_Alt,CLOSE_PROXY,-6.5,46.5,,,8,20260906T121248Z,20260923T233913Z
401866408,1,2026-08-29T22:30:00.000Z,Sacramento State,Eastern Michigan,Bovada,CLOSE_PROXY,-9.0,53.0,-330.0,265.0,8,20260906T121248Z,20260923T233913Z
401866408,1,2026-08-29T22:30:00.000Z,Sacramento State,Eastern Michigan,Bovada,OPEN,-8.5,52.5,,,8,20260906T121248Z,20260923T233913Z
401866408,1,2026-08-29T22:30:00.000Z,Sacramento State,Eastern Michigan,DraftKings,CLOSE_PROXY,-8.5,52.5,-355.0,280.0,8,20260906T121248Z,20260923T233913Z
401866408,1,2026-08-29T22:30:00.000Z,Sacramento State,Eastern Michigan,DraftKings,OPEN,-8.5,,,,8,20260906T121248Z,20260923T233913Z
401866408,1,2026-08-29T22:30:00.000Z,Sacramento State,Eastern Michigan,DraftKings_Alt,CLOSE_PROXY,-9.5,52.5,,,8,20260906T121248Z,20260923T233913Z
401858201,1,2026-08-29T23:00:00.000Z,Hawai'i,Stanford,Bovada,CLOSE_PROXY,-5.0,48.5,-170.0,145.0,8,20260906T121248Z,20260923T233913Z
401858201,1,2026-08-29T23:00:00.000Z,Hawai'i,Stanford,Bovada,OPEN,-3.0,50.5,,,8,20260906T121248Z,20260923T233913Z
401858201,1,2026-08-29T23:00:00.000Z,Hawai'i,Stanford,DraftKings,CLOSE_PROXY,-4.5,48.5,-205.0,170.0,8,20260906T121248Z,20260923T233913Z
401858201,1,2026-08-29T23:00:00.000Z,Hawai'i,Stanford,DraftKings,OPEN,-3.0,,,,8,20260906T121248Z,20260923T233913Z
401858201,1,2026-08-29T23:00:00.000Z,Hawai'i,Stanford,DraftKings_Alt,CLOSE_PROXY,-4.5,48.5,,,8,20260906T121248Z,20260923T233913Z
401864570,1,2026-08-29T23:00:00.000Z,New Mexico State,Florida State,Bovada,CLOSE_PROXY,-31.0,53.5,-100000.0,2800.0,8,20260906T121248Z,20260923T233913Z
401864570,1,2026-08-29T23:00:00.000Z,New Mexico State,Florida State,Bovada,OPEN,-29.5,53.5,,,8,20260906T121248Z,20260923T233913Z
401864570,1,2026-08-29T23:00:00.000Z,New Mexico State,Florida State,DraftKings,CLOSE_PROXY,-31.5,53.5,-8000.0,2200.0,8,20260906T121248Z,20260923T233913Z
401864570,1,2026-08-29T23:00:00.000Z,New Mexico State,Florida State,DraftKings,OPEN,-28.5,,,,8,20260906T121248Z,20260923T233913Z
401864570,1,2026-08-29T23:00:00.000Z,New Mexico State,Florida State,DraftKings_Alt,CLOSE_PROXY,-30.5,53.5,,,8,20260906T121248Z,20260923T233913Z
401862693,1,2026-08-30T02:00:00.000Z,Memphis,UNLV,Bovada,CLOSE_PROXY,-5.0,55.5,-170.0,145.0,8,20260906T121248Z,20260923T233913Z
401862693,1,2026-08-30T02:00:00.000Z,Memphis,UNLV,Bovada,OPEN,-3.0,60.5,,,8,20260906T121248Z,20260923T233913Z
401862693,1,2026-08-30T02:00:00.000Z,Memphis,UNLV,DraftKings,CLOSE_PROXY,-4.0,55.5,-198.0,164.0,8,20260906T121248Z,20260923T233913Z
401862693,1,2026-08-30T02:00:00.000Z,Memphis,UNLV,DraftKings,OPEN,-3.0,,,,8,20260906T121248Z,20260923T233913Z
401862693,1,2026-08-30T02:00:00.000Z,Memphis,UNLV,DraftKings_Alt,CLOSE_PROXY,-4.5,55.5,,,8,20260906T121248Z,20260923T233913Z
401858423,1,2026-09-03T22:00:00.000Z,Massachusetts,Rutgers,Bovada,CLOSE_PROXY,-29.0,54.5,,,8,20260906T121248Z,20260923T233913Z
401858423,1,2026-09-03T22:00:00.000Z,Massachusetts,Rutgers,Bovada,OPEN,-30.5,54.5,,,8,20260906T121248Z,20260923T233913Z
401858423,1,2026-09-03T22:00:00.000Z,Massachusetts,Rutgers,DraftKings,CLOSE_PROXY,-29.5,54.5,-8000.0,2200.0,8,20260906T121248Z,20260923T233913Z
401858423,1,2026-09-03T22:00:00.000Z,Massachusetts,Rutgers,DraftKings,OPEN,-30.5,,,,8,20260906T121248Z,20260923T233913Z
401858423,1,2026-09-03T22:00:00.000Z,Massachusetts,Rutgers,DraftKings_Alt,CLOSE_PROXY,-29.5,55.5,,,8,20260906T121248Z,20260923T233913Z
401856767,1,2026-09-03T23:00:00.000Z,Bethune-Cookman,UCF,DraftKings,CLOSE_PROXY,-43.5,58.5,,,8,20260906T121248Z,20260923T233913Z
401856767,1,2026-09-03T23:00:00.000Z,Bethune-Cookman,UCF,DraftKings,OPEN,-41.5,,,,8,20260906T121248Z,20260923T233913Z
401856767,1,2026-09-03T23:00:00.000Z,Bethune-Cookman,UCF,DraftKings_Alt,CLOSE_PROXY,-43.5,58.5,,,8,20260906T121248Z,20260923T233913Z
401858204,1,2026-09-03T23:00:00.000Z,Akron,Wake Forest,Bovada,CLOSE_PROXY,-27.5,50.5,-3500.0,1100.0,8,20260906T121248Z,20260923T233913Z
401858204,1,2026-09-03T23:00:00.000Z,Akron,Wake Forest,Bovada,OPEN,-22.5,49.5,,,8,20260906T121248Z,20260923T233913Z
401858204,1,2026-09-03T23:00:00.000Z,Akron,Wake Forest,DraftKings,CLOSE_PROXY,-27.5,50.5,-3600.0,1500.0,8,20260906T121248Z,20260923T233913Z
401858204,1,2026-09-03T23:00:00.000Z,Akron,Wake Forest,DraftKings,OPEN,-22.5,,,,8,20260906T121248Z,20260923T233913Z
401858204,1,2026-09-03T23:00:00.000Z,Akron,Wake Forest,DraftKings_Alt,CLOSE_PROXY,-27.5,50.5,,,8,20260906T121248Z,20260923T233913Z
401864424,1,2026-09-03T23:00:00.000Z,Merrimack,Delaware,DraftKings,CLOSE_PROXY,-31.5,56.5,-8000.0,2200.0,8,20260906T121248Z,20260923T233913Z
401864424,1,2026-09-03T23:00:00.000Z,Merrimack,Delaware,DraftKings,OPEN,-28.5,55.5,,,8,20260906T121248Z,20260923T233913Z
401864424,1,2026-09-03T23:00:00.000Z,Merrimack,Delaware,DraftKings_Alt,CLOSE_PROXY,-31.5,56.5,,,8,20260906T121248Z,20260923T233913Z
401864425,1,2026-09-03T23:00:00.000Z,West Georgia,Kennesaw State,DraftKings,CLOSE_PROXY,-22.5,50.5,-3600.0,1500.0,8,20260906T121248Z,20260923T233913Z
401864425,1,2026-09-03T23:00:00.000Z,West Georgia,Kennesaw State,DraftKings,OPEN,-22.5,51.5,,,8,20260906T121248Z,20260923T233913Z
401864425,1,2026-09-03T23:00:00.000Z,West Georgia,Kennesaw State,DraftKings_Alt,CLOSE_PROXY,-22.5,50.5,,,8,20260906T121248Z,20260923T233913Z
401866409,1,2026-09-03T23:00:00.000Z,UAlbany,Buffalo,DraftKings,CLOSE_PROXY,-18.5,47.5,-1000.0,650.0,8,20260906T121248Z,20260923T233913Z
401866409,1,2026-09-03T23:00:00.000Z,UAlbany,Buffalo,DraftKings,OPEN,-24.5,48.5,,,8,20260906T121248Z,20260923T233913Z
401866409,1,2026-09-03T23:00:00.000Z,UAlbany,Buffalo,DraftKings_Alt,CLOSE_PROXY,-18.5,47.5,,,8,20260906T121248Z,20260923T233913Z
401856663,1,2026-09-04T00:00:00.000Z,Arkansas-Pine Bluff,Missouri,DraftKings,CLOSE_PROXY,-55.5,62.5,,,8,20260906T121248Z,20260923T233913Z
401856663,1,2026-09-04T00:00:00.000Z,Arkansas-Pine Bluff,Missouri,DraftKings,OPEN,-54.5,60.5,,,8,20260906T121248Z,20260923T233913Z
401856663,1,2026-09-04T00:00:00.000Z,Arkansas-Pine Bluff,Missouri,DraftKings_Alt,CLOSE_PROXY,-55.5,62.5,,,8,20260906T121248Z,20260923T233913Z
401856776,1,2026-09-04T00:00:00.000Z,Colorado,Georgia Tech,Bovada,CLOSE_PROXY,-6.5,52.5,-290.0,240.0,8,20260906T121248Z,20260923T233913Z
401856776,1,2026-09-04T00:00:00.000Z,Colorado,Georgia Tech,Bovada,OPEN,-7.0,51.5,,,8,20260906T121248Z,20260923T233913Z
401856776,1,2026-09-04T00:00:00.000Z,Colorado,Georgia Tech,DraftKings,CLOSE_PROXY,-6.5,53.5,-238.0,195.0,8,20260906T121248Z,20260923T233913Z
401856776,1,2026-09-04T00:00:00.000Z,Colorado,Georgia Tech,DraftKings,OPEN,-7.0,,,,8,20260906T121248Z,20260923T233913Z
401856776,1,2026-09-04T00:00:00.000Z,Colorado,Georgia Tech,DraftKings_Alt,CLOSE_PROXY,-6.5,53.5,,,8,20260906T121248Z,20260923T233913Z
401858422,1,2026-09-04T00:00:00.000Z,Eastern Illinois,Minnesota,DraftKings,CLOSE_PROXY,-42.5,52.5,,,8,20260906T121248Z,20260923T233913Z
401858422,1,2026-09-04T00:00:00.000Z,Eastern Illinois,Minnesota,DraftKings,OPEN,-43.5,,,,8,20260906T121248Z,20260923T233913Z
401858422,1,2026-09-04T00:00:00.000Z,Eastern Illinois,Minnesota,DraftKings_Alt,CLOSE_PROXY,-42.5,52.5,,,8,20260906T121248Z,20260923T233913Z
401856768,1,2026-09-04T01:00:00.000Z,Idaho,Utah,DraftKings,CLOSE_PROXY,-37.5,60.5,-100000.0,5000.0,8,20260906T121248Z,20260923T233913Z
401856768,1,2026-09-04T01:00:00.000Z,Idaho,Utah,DraftKings,OPEN,-32.5,56.5,,,8,20260906T121248Z,20260923T233913Z
401856768,1,2026-09-04T01:00:00.000Z,Idaho,Utah,DraftKings_Alt,CLOSE_PROXY,-38.5,60.5,,,8,20260906T121248Z,20260923T233913Z
401858424,1,2026-09-04T01:00:00.000Z,UAB,Illinois,Bovada,CLOSE_PROXY,-26.5,54.5,-8000.0,1400.0,8,20260906T121248Z,20260923T233913Z
401858424,1,2026-09-04T01:00:00.000Z,UAB,Illinois,Bovada,OPEN,-27.5,56.5,,,8,20260906T121248Z,20260923T233913Z
401858424,1,2026-09-04T01:00:00.000Z,UAB,Illinois,DraftKings,CLOSE_PROXY,-25.5,54.5,-3600.0,1500.0,8,20260906T121248Z,20260923T233913Z
401858424,1,2026-09-04T01:00:00.000Z,UAB,Illinois,DraftKings,OPEN,-27.5,,,,8,20260906T121248Z,20260923T233913Z
401858424,1,2026-09-04T01:00:00.000Z,UAB,Illinois,DraftKings_Alt,CLOSE_PROXY,-25.5,53.5,,,8,20260906T121248Z,20260923T233913Z
401864495,1,2026-09-04T22:30:00.000Z,San José State,Eastern Michigan,Bovada,CLOSE_PROXY,-1.5,55.0,-170.0,145.0,8,20260906T121248Z,20260923T233913Z
401864495,1,2026-09-04T22:30:00.000Z,San José State,Eastern Michigan,Bovada,OPEN,-3.5,53.5,,,8,20260906T121248Z,20260923T233913Z
401864495,1,2026-09-04T22:30:00.000Z,San José State,Eastern Michigan,DraftKings,CLOSE_PROXY,-1.5,55.5,-115.0,-105.0,8,20260906T121248Z,20260923T233913Z
401864495,1,2026-09-04T22:30:00.000Z,San José State,Eastern Michigan,DraftKings,OPEN,-3.5,,,,8,20260906T121248Z,20260923T233913Z
401864495,1,2026-09-04T22:30:00.000Z,San José State,Eastern Michigan,DraftKings_Alt,CLOSE_PROXY,-1.5,54.5,,,8,20260906T121248Z,20260923T233913Z
401858435,1,2026-09-04T23:00:00.000Z,Indiana State,Purdue,Bovada,CLOSE_PROXY,-35.5,56.0,,,8,20260906T121248Z,20260923T233913Z
401858435,1,2026-09-04T23:00:00.000Z,Indiana State,Purdue,Bovada,OPEN,-35.5,56.0,,,8,20260906T121248Z,20260923T233913Z
401858435,1,2026-09-04T23:00:00.000Z,Indiana State,Purdue,DraftKings,CLOSE_PROXY,-34.5,55.5,,,8,20260906T121248Z,20260923T233913Z
401858435,1,2026-09-04T23:00:00.000Z,Indiana State,Purdue,DraftKings,OPEN,-34.5,56.5,,,8,20260906T121248Z,20260923T233913Z
401858435,1,2026-09-04T23:00:00.000Z,Indiana State,Purdue,DraftKings_Alt,CLOSE_PROXY,-35.5,55.5,,,8,20260906T121248Z,20260923T233913Z
401866623,1,2026-09-04T23:00:00.000Z,North Carolina A&T,Georgia State,Bovada,CLOSE_PROXY,-28.0,61.0,,,8,20260906T121248Z,20260923T233913Z
401866623,1,2026-09-04T23:00:00.000Z,North Carolina A&T,Georgia State,Bovada,OPEN,-28.0,61.0,,,8,20260906T121248Z,20260923T233913Z
401866623,1,2026-09-04T23:00:00.000Z,North Carolina A&T,Georgia State,DraftKings,CLOSE_PROXY,-28.5,58.5,-4000.0,1600.0,8,20260906T121248Z,20260923T233913Z
401866623,1,2026-09-04T23:00:00.000Z,North Carolina A&T,Georgia State,DraftKings,OPEN,-28.5,63.5,,,8,20260906T121248Z,20260923T233913Z
401866623,1,2026-09-04T23:00:00.000Z,North Carolina A&T,Georgia State,DraftKings_Alt,CLOSE_PROXY,-28.5,58.5,,,8,20260906T121248Z,20260923T233913Z
401856664,1,2026-09-05T00:00:00.000Z,UTEP,Oklahoma,Bovada,CLOSE_PROXY,-41.0,51.0,,,8,20260906T121248Z,20260923T233913Z
401856664,1,2026-09-05T00:00:00.000Z,UTEP,Oklahoma,Bovada,OPEN,-40.5,50.5,,,8,20260906T121248Z,20260923T233913Z
401856664,1,2026-09-05T00:00:00.000Z,UTEP,Oklahoma,DraftKings,CLOSE_PROXY,-40.5,51.5,,,8,20260906T121248Z,20260923T233913Z
401856664,1,2026-09-05T00:00:00.000Z,UTEP,Oklahoma,DraftKings,OPEN,-40.5,,,,8,20260906T121248Z,20260923T233913Z
401856664,1,2026-09-05T00:00:00.000Z,UTEP,Oklahoma,DraftKings_Alt,CLOSE_PROXY,-40.5,51.5,,,8,20260906T121248Z,20260923T233913Z
401856769,1,2026-09-05T00:00:00.000Z,Long Island University,Kansas,Bovada,CLOSE_PROXY,-42.0,54.5,,,8,20260906T121248Z,20260923T233913Z
401856769,1,2026-09-05T00:00:00.000Z,Long Island University,Kansas,Bovada,OPEN,-42.0,54.5,,,8,20260906T121248Z,20260923T233913Z
401856769,1,2026-09-05T00:00:00.000Z,Long Island University,Kansas,DraftKings,CLOSE_PROXY,-44.5,57.5,,,8,20260906T121248Z,20260923T233913Z
401856769,1,2026-09-05T00:00:00.000Z,Long Island University,Kansas,DraftKings,OPEN,-38.5,53.5,,,8,20260906T121248Z,20260923T233913Z
401856769,1,2026-09-05T00:00:00.000Z,Long Island University,Kansas,DraftKings_Alt,CLOSE_PROXY,-44.5,57.5,,,8,20260906T121248Z,20260923T233913Z
401858429,1,2026-09-05T00:00:00.000Z,Toledo,Michigan State,Bovada,CLOSE_PROXY,-10.0,48.5,-410.0,305.0,8,20260906T121248Z,20260923T233913Z
401858429,1,2026-09-05T00:00:00.000Z,Toledo,Michigan State,Bovada,OPEN,-10.5,49.5,,,8,20260906T121248Z,20260923T233913Z
401858429,1,2026-09-05T00:00:00.000Z,Toledo,Michigan State,DraftKings,CLOSE_PROXY,-10.0,48.5,-410.0,320.0,8,20260906T121248Z,20260923T233913Z
401858429,1,2026-09-05T00:00:00.000Z,Toledo,Michigan State,DraftKings,OPEN,-10.5,,,,8,20260906T121248Z,20260923T233913Z
401858429,1,2026-09-05T00:00:00.000Z,Toledo,Michigan State,DraftKings_Alt,CLOSE_PROXY,-10.0,48.5,,,8,20260906T121248Z,20260923T233913Z
401858206,1,2026-09-05T01:00:00.000Z,Miami,Stanford,Bovada,CLOSE_PROXY,24.5,46.5,1100.0,-3500.0,8,20260906T121248Z,20260923T233913Z
401858206,1,2026-09-05T01:00:00.000Z,Miami,Stanford,Bovada,OPEN,21.5,48.5,,,8,20260906T121248Z,20260923T233913Z
401858206,1,2026-09-05T01:00:00.000Z,Miami,Stanford,DraftKings,CLOSE_PROXY,24.5,46.5,1600.0,-4000.0,8,20260906T121248Z,20260923T233913Z
401858206,1,2026-09-05T01:00:00.000Z,Miami,Stanford,DraftKings,OPEN,21.5,,,,8,20260906T121248Z,20260923T233913Z
401858206,1,2026-09-05T01:00:00.000Z,Miami,Stanford,DraftKings_Alt,CLOSE_PROXY,24.5,46.5,,,8,20260906T121248Z,20260923T233913Z
401858436,1,2026-09-05T01:00:00.000Z,Fresno State,USC,Bovada,CLOSE_PROXY,-22.5,51.0,-3500.0,1100.0,8,20260906T121248Z,20260923T233913Z
401858436,1,2026-09-05T01:00:00.000Z,Fresno State,USC,Bovada,OPEN,-23.0,51.5,,,8,20260906T121248Z,20260923T233913Z
401858436,1,2026-09-05T01:00:00.000Z,Fresno State,USC,DraftKings,CLOSE_PROXY,-21.5,51.5,-1800.0,1000.0,8,20260906T121248Z,20260923T233913Z
401858436,1,2026-09-05T01:00:00.000Z,Fresno State,USC,DraftKings,OPEN,-23.5,,,,8,20260906T121248Z,20260923T233913Z
401858436,1,2026-09-05T01:00:00.000Z,Fresno State,USC,DraftKings_Alt,CLOSE_PROXY,-21.5,51.5,,,8,20260906T121248Z,20260923T233913Z
401856634,1,2026-09-05T16:00:00.000Z,East Carolina,Alabama,Bovada,CLOSE_PROXY,-28.0,52.5,-7500.0,1400.0,8,20260906T121248Z,20260923T233913Z
401856634,1,2026-09-05T16:00:00.000Z,East Carolina,Alabama,Bovada,OPEN,-25.5,53.5,,,8,20260906T121248Z,20260923T233913Z
401856634,1,2026-09-05T16:00:00.000Z,East Carolina,Alabama,DraftKings,CLOSE_PROXY,-27.5,52.5,-5000.0,1800.0,8,20260906T121248Z,20260923T233913Z
401856634,1,2026-09-05T16:00:00.000Z,East Carolina,Alabama,DraftKings,OPEN,-25.5,,,,8,20260906T121248Z,20260923T233913Z
401856634,1,2026-09-05T16:00:00.000Z,East Carolina,Alabama,DraftKings_Alt,CLOSE_PROXY,-28.5,52.5,,,8,20260906T121248Z,20260923T233913Z
401856778,1,2026-09-05T16:00:00.000Z,Oregon State,Houston,Bovada,CLOSE_PROXY,-20.5,50.5,-1300.0,725.0,8,20260906T121248Z,20260923T233913Z
401856778,1,2026-09-05T16:00:00.000Z,Oregon State,Houston,Bovada,OPEN,-18.5,51.5,,,8,20260906T121248Z,20260923T233913Z
401856778,1,2026-09-05T16:00:00.000Z,Oregon State,Houston,DraftKings,CLOSE_PROXY,-21.0,50.5,-1450.0,850.0,8,20260906T121248Z,20260923T233913Z
401856778,1,2026-09-05T16:00:00.000Z,Oregon State,Houston,DraftKings,OPEN,-18.5,,,,8,20260906T121248Z,20260923T233913Z
401856778,1,2026-09-05T16:00:00.000Z,Oregon State,Houston,DraftKings_Alt,CLOSE_PROXY,-21.0,50.5,,,8,20260906T121248Z,20260923T233913Z
401856780,1,2026-09-05T16:00:00.000Z,Coastal Carolina,West Virginia,Bovada,CLOSE_PROXY,-21.0,54.5,-1725.0,-100000.0,8,20260906T121248Z,20260923T233913Z
401856780,1,2026-09-05T16:00:00.000Z,Coastal Carolina,West Virginia,Bovada,OPEN,-17.5,57.5,,,8,20260906T121248Z,20260923T233913Z
401856780,1,2026-09-05T16:00:00.000Z,Coastal Carolina,West Virginia,DraftKings,CLOSE_PROXY,-21.0,54.5,-1450.0,850.0,8,20260906T121248Z,20260923T233913Z
401856780,1,2026-09-05T16:00:00.000Z,Coastal Carolina,West Virginia,DraftKings,OPEN,-17.5,,,,8,20260906T121248Z,20260923T233913Z
401856780,1,2026-09-05T16:00:00.000Z,Coastal Carolina,West Virginia,DraftKings_Alt,CLOSE_PROXY,-21.0,54.5,,,8,20260906T121248Z,20260923T233913Z
401858208,1,2026-09-05T16:00:00.000Z,New Hampshire,Syracuse,Bovada,CLOSE_PROXY,-34.5,55.5,,,8,20260906T121248Z,20260923T233913Z
401858208,1,2026-09-05T16:00:00.000Z,New Hampshire,Syracuse,Bovada,OPEN,-34.5,55.0,,,8,20260906T121248Z,20260923T233913Z
401858208,1,2026-09-05T16:00:00.000Z,New Hampshire,Syracuse,DraftKings,CLOSE_PROXY,-35.5,56.5,-100000.0,5000.0,8,20260906T121248Z,20260923T233913Z
401858208,1,2026-09-05T16:00:00.000Z,New Hampshire,Syracuse,DraftKings,OPEN,-32.5,55.5,,,8,20260906T121248Z,20260923T233913Z
401858208,1,2026-09-05T16:00:00.000Z,New Hampshire,Syracuse,DraftKings_Alt,CLOSE_PROXY,-35.5,56.5,,,8,20260906T121248Z,20260923T233913Z
401858425,1,2026-09-05T16:00:00.000Z,North Texas,Indiana,Bovada,CLOSE_PROXY,-40.5,56.0,,,8,20260906T121248Z,20260923T233913Z
401858425,1,2026-09-05T16:00:00.000Z,North Texas,Indiana,Bovada,OPEN,-40.5,55.5,,,8,20260906T121248Z,20260923T233913Z
401858425,1,2026-09-05T16:00:00.000Z,North Texas,Indiana,DraftKings,CLOSE_PROXY,-39.5,56.5,,,8,20260906T121248Z,20260923T233913Z
401858425,1,2026-09-05T16:00:00.000Z,North Texas,Indiana,DraftKings,OPEN,-40.5,,,,8,20260906T121248Z,20260923T233913Z
401858425,1,2026-09-05T16:00:00.000Z,North Texas,Indiana,DraftKings_Alt,CLOSE_PROXY,-39.5,57.5,,,8,20260906T121248Z,20260923T233913Z
401858430,1,2026-09-05T16:00:00.000Z,Ohio,Nebraska,Bovada,CLOSE_PROXY,-24.0,46.5,-2800.0,1100.0,8,20260906T121248Z,20260923T233913Z
401858430,1,2026-09-05T16:00:00.000Z,Ohio,Nebraska,Bovada,OPEN,-23.5,47.5,,,8,20260906T121248Z,20260923T233913Z
401858430,1,2026-09-05T16:00:00.000Z,Ohio,Nebraska,DraftKings,CLOSE_PROXY,-23.5,47.5,-2100.0,1100.0,8,20260906T121248Z,20260923T233913Z
401858430,1,2026-09-05T16:00:00.000Z,Ohio,Nebraska,DraftKings,OPEN,-23.5,,,,8,20260906T121248Z,20260923T233913Z
401858430,1,2026-09-05T16:00:00.000Z,Ohio,Nebraska,DraftKings_Alt,CLOSE_PROXY,-23.5,47.5,,,8,20260906T121248Z,20260923T233913Z
401861962,1,2026-09-05T16:00:00.000Z,Lafayette,UConn,Bovada,CLOSE_PROXY,-19.5,51.5,-1300.0,725.0,8,20260906T121248Z,20260923T233913Z
401861962,1,2026-09-05T16:00:00.000Z,Lafayette,UConn,Bovada,OPEN,-19.5,51.5,,,8,20260906T121248Z,20260923T233913Z
401861962,1,2026-09-05T16:00:00.000Z,Lafayette,UConn,DraftKings,CLOSE_PROXY,-21.5,51.5,-1800.0,1000.0,8,20260906T121248Z,20260923T233913Z
401861962,1,2026-09-05T16:00:00.000Z,Lafayette,UConn,DraftKings,OPEN,-19.5,58.5,,,8,20260906T121248Z,20260923T233913Z
401861962,1,2026-09-05T16:00:00.000Z,Lafayette,UConn,DraftKings_Alt,CLOSE_PROXY,-21.5,51.5,,,8,20260906T121248Z,20260923T233913Z
401862701,1,2026-09-05T16:00:00.000Z,Bryant,Army,Bovada,CLOSE_PROXY,-37.0,50.5,,,8,20260906T121248Z,20260923T233913Z
401862701,1,2026-09-05T16:00:00.000Z,Bryant,Army,Bovada,OPEN,-37.0,50.5,,,8,20260906T121248Z,20260923T233913Z
401862701,1,2026-09-05T16:00:00.000Z,Bryant,Army,DraftKings,CLOSE_PROXY,-37.5,51.5,,,8,20260906T121248Z,20260923T233913Z
401862701,1,2026-09-05T16:00:00.000Z,Bryant,Army,DraftKings,OPEN,-36.5,,,,8,20260906T121248Z,20260923T233913Z
401862701,1,2026-09-05T16:00:00.000Z,Bryant,Army,DraftKings_Alt,CLOSE_PROXY,-37.5,51.5,,,8,20260906T121248Z,20260923T233913Z
401866410,1,2026-09-05T16:00:00.000Z,Tarleton State,Bowling Green,Bovada,CLOSE_PROXY,-2.0,48.0,-125.0,105.0,8,20260906T121248Z,20260923T233913Z
401866410,1,2026-09-05T16:00:00.000Z,Tarleton State,Bowling Green,Bovada,OPEN,-2.0,48.0,,,8,20260906T121248Z,20260923T233913Z
401866410,1,2026-09-05T16:00:00.000Z,Tarleton State,Bowling Green,DraftKings,CLOSE_PROXY,-1.5,49.5,-120.0,100.0,8,20260906T121248Z,20260923T233913Z
401866410,1,2026-09-05T16:00:00.000Z,Tarleton State,Bowling Green,DraftKings,OPEN,-2.5,47.5,,,8,20260906T121248Z,20260923T233913Z
401866410,1,2026-09-05T16:00:00.000Z,Tarleton State,Bowling Green,DraftKings_Alt,CLOSE_PROXY,-1.5,49.5,,,8,20260906T121248Z,20260923T233913Z
401869960,1,2026-09-05T16:00:00.000Z,Liberty,James Madison,Bovada,CLOSE_PROXY,-6.0,50.5,-250.0,210.0,8,20260906T121248Z,20260923T233913Z
401869960,1,2026-09-05T16:00:00.000Z,Liberty,James Madison,Bovada,OPEN,-6.0,50.5,,,8,20260906T121248Z,20260923T233913Z
401869960,1,2026-09-05T16:00:00.000Z,Liberty,James Madison,DraftKings,CLOSE_PROXY,-6.0,50.5,-225.0,185.0,8,20260906T121248Z,20260923T233913Z
401869960,1,2026-09-05T16:00:00.000Z,Liberty,James Madison,DraftKings,OPEN,-6.0,,,,8,20260906T121248Z,20260923T233913Z
401869960,1,2026-09-05T16:00:00.000Z,Liberty,James Madison,DraftKings_Alt,CLOSE_PROXY,-6.0,50.5,,,8,20260906T121248Z,20260923T233913Z
401858207,1,2026-09-05T16:30:00.000Z,Miami (OH),Pittsburgh,Bovada,CLOSE_PROXY,-16.0,47.0,-800.0,525.0,8,20260906T121248Z,20260923T233913Z
401858207,1,2026-09-05T16:30:00.000Z,Miami (OH),Pittsburgh,Bovada,OPEN,-16.5,50.5,,,8,20260906T121248Z,20260923T233913Z
401858207,1,2026-09-05T16:30:00.000Z,Miami (OH),Pittsburgh,DraftKings,CLOSE_PROXY,-16.5,47.5,-850.0,575.0,8,20260906T121248Z,20260923T233913Z
401858207,1,2026-09-05T16:30:00.000Z,Miami (OH),Pittsburgh,DraftKings,OPEN,-16.5,,,,8,20260906T121248Z,20260923T233913Z
401858207,1,2026-09-05T16:30:00.000Z,Miami (OH),Pittsburgh,DraftKings_Alt,CLOSE_PROXY,-16.5,47.5,,,8,20260906T121248Z,20260923T233913Z
401858432,1,2026-09-05T16:30:00.000Z,Ball State,Ohio State,Bovada,CLOSE_PROXY,-51.0,56.5,,,8,20260906T121248Z,20260923T233913Z
401858432,1,2026-09-05T16:30:00.000Z,Ball State,Ohio State,Bovada,OPEN,-50.5,56.5,,,8,20260906T121248Z,20260923T233913Z
401858432,1,2026-09-05T16:30:00.000Z,Ball State,Ohio State,DraftKings,CLOSE_PROXY,-49.5,55.5,,,8,20260906T121248Z,20260923T233913Z
401858432,1,2026-09-05T16:30:00.000Z,Ball State,Ohio State,DraftKings,OPEN,-49.5,,,,8,20260906T121248Z,20260923T233913Z
401858432,1,2026-09-05T16:30:00.000Z,Ball State,Ohio State,DraftKings_Alt,CLOSE_PROXY,-50.5,55.5,,,8,20260906T121248Z,20260923T233913Z
401856665,1,2026-09-05T16:45:00.000Z,Kent State,South Carolina,Bovada,CLOSE_PROXY,-36.5,53.5,-100000.0,-100000.0,8,20260906T121248Z,20260923T233913Z
401856665,1,2026-09-05T16:45:00.000Z,Kent State,South Carolina,Bovada,OPEN,-34.5,52.5,,,8,20260906T121248Z,20260923T233913Z
401856665,1,2026-09-05T16:45:00.000Z,Kent State,South Carolina,DraftKings,CLOSE_PROXY,-35.5,53.5,-50000.0,4000.0,8,20260906T121248Z,20260923T233913Z
401856665,1,2026-09-05T16:45:00.000Z,Kent State,South Carolina,DraftKings,OPEN,-33.5,,,,8,20260906T121248Z,20260923T233913Z
401856665,1,2026-09-05T16:45:00.000Z,Kent State,South Carolina,DraftKings_Alt,CLOSE_PROXY,-35.5,52.5,,,8,20260906T121248Z,20260923T233913Z
401856659,1,2026-09-05T17:00:00.000Z,Youngstown State,Kentucky,Bovada,CLOSE_PROXY,-22.0,62.5,-2200.0,1000.0,8,20260906T121248Z,20260923T233913Z
401856659,1,2026-09-05T17:00:00.000Z,Youngstown State,Kentucky,Bovada,OPEN,-23.0,62.5,,,8,20260906T121248Z,20260923T233913Z
401856659,1,2026-09-05T17:00:00.000Z,Youngstown State,Kentucky,DraftKings,CLOSE_PROXY,-22.5,61.5,-1600.0,900.0,8,20260906T121248Z,20260923T233913Z
401856659,1,2026-09-05T17:00:00.000Z,Youngstown State,Kentucky,DraftKings,OPEN,-23.5,62.5,,,8,20260906T121248Z,20260923T233913Z
401856659,1,2026-09-05T17:00:00.000Z,Youngstown State,Kentucky,DraftKings_Alt,CLOSE_PROXY,-22.5,61.5,,,8,20260906T121248Z,20260923T233913Z
401856779,1,2026-09-05T17:00:00.000Z,Southeast Missouri State,Iowa State,DraftKings,CLOSE_PROXY,-29.5,52.5,-9000.0,2500.0,8,20260906T121248Z,20260923T233913Z
401856779,1,2026-09-05T17:00:00.000Z,Southeast Missouri State,Iowa State,DraftKings,OPEN,-29.5,53.5,,,8,20260906T121248Z,20260923T233913Z
401856779,1,2026-09-05T17:00:00.000Z,Southeast Missouri State,Iowa State,DraftKings_Alt,CLOSE_PROXY,-29.5,52.5,,,8,20260906T121248Z,20260923T233913Z
401864496,1,2026-09-05T17:00:00.000Z,Duquesne,Air Force,Bovada,CLOSE_PROXY,-28.5,57.5,,,8,20260906T121248Z,20260923T233913Z
401864496,1,2026-09-05T17:00:00.000Z,Duquesne,Air Force,Bovada,OPEN,-28.5,57.5,,,8,20260906T121248Z,20260923T233913Z
401864496,1,2026-09-05T17:00:00.000Z,Duquesne,Air Force,DraftKings,CLOSE_PROXY,-31.5,55.5,-6500.0,2000.0,8,20260906T121248Z,20260923T233913Z
401864496,1,2026-09-05T17:00:00.000Z,Duquesne,Air Force,DraftKings,OPEN,-30.5,58.5,,,8,20260906T121248Z,20260923T233913Z
401864496,1,2026-09-05T17:00:00.000Z,Duquesne,Air Force,DraftKings_Alt,CLOSE_PROXY,-31.5,55.5,,,8,20260906T121248Z,20260923T233913Z
401862698,1,2026-09-05T18:00:00.000Z,Rhode Island,Temple,Bovada,CLOSE_PROXY,-14.5,51.0,-700.0,475.0,8,20260906T121248Z,20260923T233913Z
401862698,1,2026-09-05T18:00:00.000Z,Rhode Island,Temple,Bovada,OPEN,-14.5,51.0,,,8,20260906T121248Z,20260923T233913Z
401862698,1,2026-09-05T18:00:00.000Z,Rhode Island,Temple,DraftKings,CLOSE_PROXY,-14.5,51.5,-700.0,500.0,8,20260906T121248Z,20260923T233913Z
401862698,1,2026-09-05T18:00:00.000Z,Rhode Island,Temple,DraftKings,OPEN,-10.0,51.5,,,8,20260906T121248Z,20260923T233913Z
401862698,1,2026-09-05T18:00:00.000Z,Rhode Island,Temple,DraftKings_Alt,CLOSE_PROXY,-14.5,51.5,,,8,20260906T121248Z,20260923T233913Z
401856658,1,2026-09-05T19:00:00.000Z,Tennessee State,Georgia,Bovada,CLOSE_PROXY,-49.0,55.0,,,8,20260906T121248Z,20260923T233913Z
401856658,1,2026-09-05T19:00:00.000Z,Tennessee State,Georgia,Bovada,OPEN,-48.0,54.5,,,8,20260906T121248Z,20260923T233913Z
401856658,1,2026-09-05T19:00:00.000Z,Tennessee State,Georgia,DraftKings,CLOSE_PROXY,-49.5,55.5,,,8,20260906T121248Z,20260923T233913Z
401856658,1,2026-09-05T19:00:00.000Z,Tennessee State,Georgia,DraftKings,OPEN,-46.5,56.5,,,8,20260906T121248Z,20260923T233913Z
401856658,1,2026-09-05T19:00:00.000Z,Tennessee State,Georgia,DraftKings_Alt,CLOSE_PROXY,-49.5,55.5,,,8,20260906T121248Z,20260923T233913Z
401856636,1,2026-09-05T19:30:00.000Z,Baylor,Auburn,Bovada,CLOSE_PROXY,-6.5,58.5,-270.0,220.0,8,20260906T121248Z,20260923T233913Z
401856636,1,2026-09-05T19:30:00.000Z,Baylor,Auburn,Bovada,OPEN,-7.5,58.5,,,8,20260906T121248Z,20260923T233913Z
401856636,1,2026-09-05T19:30:00.000Z,Baylor,Auburn,DraftKings,CLOSE_PROXY,-6.5,58.5,-270.0,220.0,8,20260906T121248Z,20260923T233913Z
401856636,1,2026-09-05T19:30:00.000Z,Baylor,Auburn,DraftKings,OPEN,-6.5,,,,8,20260906T121248Z,20260923T233913Z
401856636,1,2026-09-05T19:30:00.000Z,Baylor,Auburn,DraftKings_Alt,CLOSE_PROXY,-6.5,58.5,,,8,20260906T121248Z,20260923T233913Z
401856666,1,2026-09-05T19:30:00.000Z,Furman,Tennessee,Bovada,CLOSE_PROXY,-49.0,66.5,,,8,20260906T121248Z,20260923T233913Z
401856666,1,2026-09-05T19:30:00.000Z,Furman,Tennessee,Bovada,OPEN,-48.0,66.5,,,8,20260906T121248Z,20260923T233913Z
401856666,1,2026-09-05T19:30:00.000Z,Furman,Tennessee,DraftKings,CLOSE_PROXY,-49.5,66.5,,,8,20260906T121248Z,20260923T233913Z
401856666,1,2026-09-05T19:30:00.000Z,Furman,Tennessee,DraftKings,OPEN,-46.5,66.5,,,8,20260906T121248Z,20260923T233913Z
401856666,1,2026-09-05T19:30:00.000Z,Furman,Tennessee,DraftKings_Alt,CLOSE_PROXY,-49.5,66.5,,,8,20260906T121248Z,20260923T233913Z
401856667,1,2026-09-05T19:30:00.000Z,Texas State,Texas,Bovada,CLOSE_PROXY,-29.5,60.0,-10000.0,2500.0,8,20260906T121248Z,20260923T233913Z
401856667,1,2026-09-05T19:30:00.000Z,Texas State,Texas,Bovada,OPEN,-30.5,59.5,,,8,20260906T121248Z,20260923T233913Z
401856667,1,2026-09-05T19:30:00.000Z,Texas State,Texas,DraftKings,CLOSE_PROXY,-29.5,60.5,-9000.0,2500.0,8,20260906T121248Z,20260923T233913Z
401856667,1,2026-09-05T19:30:00.000Z,Texas State,Texas,DraftKings,OPEN,-30.5,,,,8,20260906T121248Z,20260923T233913Z
401856667,1,2026-09-05T19:30:00.000Z,Texas State,Texas,DraftKings_Alt,CLOSE_PROXY,-29.5,61.5,,,8,20260906T121248Z,20260923T233913Z
401856777,1,2026-09-05T19:30:00.000Z,Boston College,Cincinnati,Bovada,CLOSE_PROXY,-7.0,51.0,-270.0,220.0,8,20260906T121248Z,20260923T233913Z
401856777,1,2026-09-05T19:30:00.000Z,Boston College,Cincinnati,Bovada,OPEN,-9.5,54.5,,,8,20260906T121248Z,20260923T233913Z
401856777,1,2026-09-05T19:30:00.000Z,Boston College,Cincinnati,DraftKings,CLOSE_PROXY,-7.0,51.5,-278.0,225.0,8,20260906T121248Z,20260923T233913Z
401856777,1,2026-09-05T19:30:00.000Z,Boston College,Cincinnati,DraftKings,OPEN,-9.5,,,,8,20260906T121248Z,20260923T233913Z
401856777,1,2026-09-05T19:30:00.000Z,Boston College,Cincinnati,DraftKings_Alt,CLOSE_PROXY,-7.0,51.5,,,8,20260906T121248Z,20260923T233913Z
401858209,1,2026-09-05T19:30:00.000Z,Tulane,Duke,Bovada,CLOSE_PROXY,-8.0,50.5,-480.0,350.0,8,20260906T121248Z,20260923T233913Z
401858209,1,2026-09-05T19:30:00.000Z,Tulane,Duke,Bovada,OPEN,-8.5,53.5,,,8,20260906T121248Z,20260923T233913Z
401858209,1,2026-09-05T19:30:00.000Z,Tulane,Duke,DraftKings,CLOSE_PROXY,-9.5,51.5,-380.0,300.0,8,20260906T121248Z,20260923T233913Z
401858209,1,2026-09-05T19:30:00.000Z,Tulane,Duke,DraftKings,OPEN,-8.5,,,,8,20260906T121248Z,20260923T233913Z
401858209,1,2026-09-05T19:30:00.000Z,Tulane,Duke,DraftKings_Alt,CLOSE_PROXY,-9.5,51.5,,,8,20260906T121248Z,20260923T233913Z
401858433,1,2026-09-05T19:30:00.000Z,Boise State,Oregon,Bovada,CLOSE_PROXY,-25.0,51.5,-3300.0,1100.0,8,20260906T121248Z,20260923T233913Z
401858433,1,2026-09-05T19:30:00.000Z,Boise State,Oregon,Bovada,OPEN,-24.5,53.5,,,8,20260906T121248Z,20260923T233913Z
401858433,1,2026-09-05T19:30:00.000Z,Boise State,Oregon,DraftKings,CLOSE_PROXY,-24.5,52.5,-2800.0,1300.0,8,20260906T121248Z,20260923T233913Z
401858433,1,2026-09-05T19:30:00.000Z,Boise State,Oregon,DraftKings,OPEN,-24.5,,,,8,20260906T121248Z,20260923T233913Z
401858433,1,2026-09-05T19:30:00.000Z,Boise State,Oregon,DraftKings_Alt,CLOSE_PROXY,-24.5,53.5,,,8,20260906T121248Z,20260923T233913Z
401858434,1,2026-09-05T19:30:00.000Z,Marshall,Penn State,Bovada,CLOSE_PROXY,-23.0,52.0,-3500.0,1100.0,8,20260906T121248Z,20260923T233913Z
401858434,1,2026-09-05T19:30:00.000Z,Marshall,Penn State,Bovada,OPEN,-23.5,54.5,,,8,20260906T121248Z,20260923T233913Z
401858434,1,2026-09-05T19:30:00.000Z,Marshall,Penn State,DraftKings,CLOSE_PROXY,-23.5,53.5,-1800.0,1000.0,8,20260906T121248Z,20260923T233913Z
401858434,1,2026-09-05T19:30:00.000Z,Marshall,Penn State,DraftKings,OPEN,-23.5,,,,8,20260906T121248Z,20260923T233913Z
401858434,1,2026-09-05T19:30:00.000Z,Marshall,Penn State,DraftKings_Alt,CLOSE_PROXY,-23.5,53.5,,,8,20260906T121248Z,20260923T233913Z
401862694,1,2026-09-05T19:30:00.000Z,The Citadel,Charlotte,Bovada,CLOSE_PROXY,-20.5,49.0,-1400.0,750.0,8,20260906T121248Z,20260923T233913Z
401862694,1,2026-09-05T19:30:00.000Z,The Citadel,Charlotte,Bovada,OPEN,-20.0,46.5,,,8,20260906T121248Z,20260923T233913Z
401862694,1,2026-09-05T19:30:00.000Z,The Citadel,Charlotte,DraftKings,CLOSE_PROXY,-20.5,49.5,-1650.0,950.0,8,20260906T121248Z,20260923T233913Z
401862694,1,2026-09-05T19:30:00.000Z,The Citadel,Charlotte,DraftKings,OPEN,-15.5,46.5,,,8,20260906T121248Z,20260923T233913Z
401862694,1,2026-09-05T19:30:00.000Z,The Citadel,Charlotte,DraftKings_Alt,CLOSE_PROXY,-20.5,49.5,,,8,20260906T121248Z,20260923T233913Z
401862696,1,2026-09-05T19:30:00.000Z,Towson,Navy,Bovada,CLOSE_PROXY,-30.5,50.5,,,8,20260906T121248Z,20260923T233913Z
401862696,1,2026-09-05T19:30:00.000Z,Towson,Navy,Bovada,OPEN,-30.5,50.5,,,8,20260906T121248Z,20260923T233913Z
401862696,1,2026-09-05T19:30:00.000Z,Towson,Navy,DraftKings,CLOSE_PROXY,-31.5,50.5,-100000.0,5000.0,8,20260906T121248Z,20260923T233913Z
401862696,1,2026-09-05T19:30:00.000Z,Towson,Navy,DraftKings,OPEN,-30.5,53.5,,,8,20260906T121248Z,20260923T233913Z
401862696,1,2026-09-05T19:30:00.000Z,Towson,Navy,DraftKings_Alt,CLOSE_PROXY,-31.5,50.5,,,8,20260906T121248Z,20260923T233913Z
401862700,1,2026-09-05T19:30:00.000Z,UT Rio Grande Valley,UTSA,Bovada,CLOSE_PROXY,-28.5,59.5,-10000.0,1600.0,8,20260906T121248Z,20260923T233913Z
401862700,1,2026-09-05T19:30:00.000Z,UT Rio Grande Valley,UTSA,Bovada,OPEN,-28.5,59.5,,,8,20260906T121248Z,20260923T233913Z
401862700,1,2026-09-05T19:30:00.000Z,UT Rio Grande Valley,UTSA,DraftKings,CLOSE_PROXY,-28.5,59.5,-6500.0,2000.0,8,20260906T121248Z,20260923T233913Z
401862700,1,2026-09-05T19:30:00.000Z,UT Rio Grande Valley,UTSA,DraftKings,OPEN,-28.5,59.5,,,8,20260906T121248Z,20260923T233913Z
401862700,1,2026-09-05T19:30:00.000Z,UT Rio Grande Valley,UTSA,DraftKings_Alt,CLOSE_PROXY,-28.5,59.5,,,8,20260906T121248Z,20260923T233913Z
401864499,1,2026-09-05T19:30:00.000Z,Fordham,North Dakota State,Bovada,CLOSE_PROXY,-41.5,54.0,,,8,20260906T121248Z,20260923T233913Z
401864499,1,2026-09-05T19:30:00.000Z,Fordham,North Dakota State,Bovada,OPEN,-41.5,56.0,,,8,20260906T121248Z,20260923T233913Z
401864499,1,2026-09-05T19:30:00.000Z,Fordham,North Dakota State,DraftKings,CLOSE_PROXY,-41.5,54.5,,,8,20260906T121248Z,20260923T233913Z
401864499,1,2026-09-05T19:30:00.000Z,Fordham,North Dakota State,DraftKings,OPEN,-39.5,57.5,,,8,20260906T121248Z,20260923T233913Z
401864499,1,2026-09-05T19:30:00.000Z,Fordham,North Dakota State,DraftKings_Alt,CLOSE_PROXY,-41.5,54.5,,,8,20260906T121248Z,20260923T233913Z
401866627,1,2026-09-05T19:30:00.000Z,Maine,App State,Bovada,CLOSE_PROXY,-21.0,54.0,-1300.0,725.0,8,20260906T121248Z,20260923T233913Z
401866627,1,2026-09-05T19:30:00.000Z,Maine,App State,Bovada,OPEN,-19.5,53.5,,,8,20260906T121248Z,20260923T233913Z
401866627,1,2026-09-05T19:30:00.000Z,Maine,App State,DraftKings,CLOSE_PROXY,-20.5,53.5,-1450.0,850.0,8,20260906T121248Z,20260923T233913Z
401866627,1,2026-09-05T19:30:00.000Z,Maine,App State,DraftKings,OPEN,-17.5,53.5,,,8,20260906T121248Z,20260923T233913Z
401866627,1,2026-09-05T19:30:00.000Z,Maine,App State,DraftKings_Alt,CLOSE_PROXY,-21.0,53.5,,,8,20260906T121248Z,20260923T233913Z
401856772,1,2026-09-05T19:45:00.000Z,Oklahoma State,Tulsa,Bovada,CLOSE_PROXY,13.0,57.5,390.0,-550.0,8,20260906T121248Z,20260923T233913Z
401856772,1,2026-09-05T19:45:00.000Z,Oklahoma State,Tulsa,Bovada,OPEN,11.5,61.5,,,8,20260906T121248Z,20260923T233913Z
401856772,1,2026-09-05T19:45:00.000Z,Oklahoma State,Tulsa,DraftKings,CLOSE_PROXY,13.5,57.5,410.0,-550.0,8,20260906T121248Z,20260923T233913Z
401856772,1,2026-09-05T19:45:00.000Z,Oklahoma State,Tulsa,DraftKings,OPEN,11.5,,,,8,20260906T121248Z,20260923T233913Z
401856772,1,2026-09-05T19:45:00.000Z,Oklahoma State,Tulsa,DraftKings_Alt,CLOSE_PROXY,13.5,57.5,,,8,20260906T121248Z,20260923T233913Z
401856635,1,2026-09-05T20:15:00.000Z,North Alabama,Arkansas,Bovada,CLOSE_PROXY,-40.5,63.0,,,8,20260906T121248Z,20260923T233913Z
401856635,1,2026-09-05T20:15:00.000Z,North Alabama,Arkansas,Bovada,OPEN,-40.5,63.0,,,8,20260906T121248Z,20260923T233913Z
401856635,1,2026-09-05T20:15:00.000Z,North Alabama,Arkansas,DraftKings,CLOSE_PROXY,-40.5,63.5,,,8,20260906T121248Z,20260923T233913Z
401856635,1,2026-09-05T20:15:00.000Z,North Alabama,Arkansas,DraftKings,OPEN,-40.5,63.5,,,8,20260906T121248Z,20260923T233913Z
401856635,1,2026-09-05T20:15:00.000Z,North Alabama,Arkansas,DraftKings_Alt,CLOSE_PROXY,-40.5,63.5,,,8,20260906T121248Z,20260923T233913Z
401858426,1,2026-09-05T20:15:00.000Z,Northern Illinois,Iowa,Bovada,CLOSE_PROXY,-32.0,44.5,-100000.0,4500.0,8,20260906T121248Z,20260923T233913Z
401858426,1,2026-09-05T20:15:00.000Z,Northern Illinois,Iowa,Bovada,OPEN,-29.5,43.5,,,8,20260906T121248Z,20260923T233913Z
401858426,1,2026-09-05T20:15:00.000Z,Northern Illinois,Iowa,DraftKings,CLOSE_PROXY,-31.5,44.5,-10000.0,3000.0,8,20260906T121248Z,20260923T233913Z
401858426,1,2026-09-05T20:15:00.000Z,Northern Illinois,Iowa,DraftKings,OPEN,-29.5,,,,8,20260906T121248Z,20260923T233913Z
401858426,1,2026-09-05T20:15:00.000Z,Northern Illinois,Iowa,DraftKings_Alt,CLOSE_PROXY,-31.5,44.5,,,8,20260906T121248Z,20260923T233913Z
401868356,1,2026-09-05T21:00:00.000Z,Alcorn State,Southern Miss,Bovada,CLOSE_PROXY,-19.5,51.0,-1400.0,750.0,8,20260906T121248Z,20260923T233913Z
401868356,1,2026-09-05T21:00:00.000Z,Alcorn State,Southern Miss,Bovada,OPEN,-20.0,50.5,,,8,20260906T121248Z,20260923T233913Z
401868356,1,2026-09-05T21:00:00.000Z,Alcorn State,Southern Miss,DraftKings,CLOSE_PROXY,-19.5,51.5,-1600.0,900.0,8,20260906T121248Z,20260923T233913Z
401868356,1,2026-09-05T21:00:00.000Z,Alcorn State,Southern Miss,DraftKings,OPEN,-21.0,50.5,,,8,20260906T121248Z,20260923T233913Z
401868356,1,2026-09-05T21:00:00.000Z,Alcorn State,Southern Miss,DraftKings_Alt,CLOSE_PROXY,-20.5,51.5,,,8,20260906T121248Z,20260923T233913Z
401860878,1,2026-09-05T22:00:00.000Z,Wyoming,Colorado State,Bovada,CLOSE_PROXY,-3.0,46.5,-180.0,155.0,8,20260906T121248Z,20260923T233913Z
401860878,1,2026-09-05T22:00:00.000Z,Wyoming,Colorado State,Bovada,OPEN,-4.0,47.5,,,8,20260906T121248Z,20260923T233913Z
401860878,1,2026-09-05T22:00:00.000Z,Wyoming,Colorado State,DraftKings,CLOSE_PROXY,-2.5,46.5,-142.0,120.0,8,20260906T121248Z,20260923T233913Z
401860878,1,2026-09-05T22:00:00.000Z,Wyoming,Colorado State,DraftKings,OPEN,-4.0,,,,8,20260906T121248Z,20260923T233913Z
401860878,1,2026-09-05T22:00:00.000Z,Wyoming,Colorado State,DraftKings_Alt,CLOSE_PROXY,-2.5,45.5,,,8,20260906T121248Z,20260923T233913Z
401867973,1,2026-09-05T22:00:00.000Z,Norfolk State,Old Dominion,Bovada,CLOSE_PROXY,-41.0,52.0,,,8,20260906T121248Z,20260923T233913Z
401867973,1,2026-09-05T22:00:00.000Z,Norfolk State,Old Dominion,Bovada,OPEN,-41.0,52.5,,,8,20260906T121248Z,20260923T233913Z
401867973,1,2026-09-05T22:00:00.000Z,Norfolk State,Old Dominion,DraftKings,CLOSE_PROXY,-41.5,52.5,,,8,20260906T121248Z,20260923T233913Z
401867973,1,2026-09-05T22:00:00.000Z,Norfolk State,Old Dominion,DraftKings,OPEN,-41.5,55.5,,,8,20260906T121248Z,20260923T233913Z
401867973,1,2026-09-05T22:00:00.000Z,Norfolk State,Old Dominion,DraftKings_Alt,CLOSE_PROXY,-41.5,52.5,,,8,20260906T121248Z,20260923T233913Z
401856668,1,2026-09-05T23:00:00.000Z,Missouri State,Texas A&M,Bovada,CLOSE_PROXY,-40.5,53.5,,,8,20260906T121248Z,20260923T233913Z
401856668,1,2026-09-05T23:00:00.000Z,Missouri State,Texas A&M,Bovada,OPEN,-38.5,52.5,,,8,20260906T121248Z,20260923T233913Z
401856668,1,2026-09-05T23:00:00.000Z,Missouri State,Texas A&M,DraftKings,CLOSE_PROXY,-38.5,53.5,,,8,20260906T121248Z,20260923T233913Z
401856668,1,2026-09-05T23:00:00.000Z,Missouri State,Texas A&M,DraftKings,OPEN,-38.5,,,,8,20260906T121248Z,20260923T233913Z
401856668,1,2026-09-05T23:00:00.000Z,Missouri State,Texas A&M,DraftKings_Alt,CLOSE_PROXY,-38.5,53.5,,,8,20260906T121248Z,20260923T233913Z
401856669,1,2026-09-05T23:00:00.000Z,Austin Peay,Vanderbilt,Bovada,CLOSE_PROXY,-29.0,59.0,-6000.0,1325.0,8,20260906T121248Z,20260923T233913Z
401856669,1,2026-09-05T23:00:00.000Z,Austin Peay,Vanderbilt,Bovada,OPEN,-29.0,60.5,,,8,20260906T121248Z,20260923T233913Z
401856669,1,2026-09-05T23:00:00.000Z,Austin Peay,Vanderbilt,DraftKings,CLOSE_PROXY,-28.5,57.5,-6500.0,2000.0,8,20260906T121248Z,20260923T233913Z
401856669,1,2026-09-05T23:00:00.000Z,Austin Peay,Vanderbilt,DraftKings,OPEN,-30.5,61.5,,,8,20260906T121248Z,20260923T233913Z
401856669,1,2026-09-05T23:00:00.000Z,Austin Peay,Vanderbilt,DraftKings_Alt,CLOSE_PROXY,-29.5,57.5,,,8,20260906T121248Z,20260923T233913Z
401856770,1,2026-09-05T23:00:00.000Z,Abilene Christian,Texas Tech,Bovada,CLOSE_PROXY,-44.5,60.5,,,8,20260906T121248Z,20260923T233913Z
401856770,1,2026-09-05T23:00:00.000Z,Abilene Christian,Texas Tech,Bovada,OPEN,-42.5,59.5,,,8,20260906T121248Z,20260923T233913Z
401856770,1,2026-09-05T23:00:00.000Z,Abilene Christian,Texas Tech,DraftKings,CLOSE_PROXY,-45.5,60.5,,,8,20260906T121248Z,20260923T233913Z
401856770,1,2026-09-05T23:00:00.000Z,Abilene Christian,Texas Tech,DraftKings,OPEN,-42.5,59.5,,,8,20260906T121248Z,20260923T233913Z
401856770,1,2026-09-05T23:00:00.000Z,Abilene Christian,Texas Tech,DraftKings_Alt,CLOSE_PROXY,-45.5,61.5,,,8,20260906T121248Z,20260923T233913Z
401856771,1,2026-09-05T23:00:00.000Z,Nicholls,Kansas State,Bovada,CLOSE_PROXY,-41.0,55.0,,,8,20260906T121248Z,20260923T233913Z
401856771,1,2026-09-05T23:00:00.000Z,Nicholls,Kansas State,Bovada,OPEN,-40.5,54.5,,,8,20260906T121248Z,20260923T233913Z
401856771,1,2026-09-05T23:00:00.000Z,Nicholls,Kansas State,DraftKings,CLOSE_PROXY,-41.5,55.5,,,8,20260906T121248Z,20260923T233913Z
401856771,1,2026-09-05T23:00:00.000Z,Nicholls,Kansas State,DraftKings,OPEN,-40.5,55.5,,,8,20260906T121248Z,20260923T233913Z
401856771,1,2026-09-05T23:00:00.000Z,Nicholls,Kansas State,DraftKings_Alt,CLOSE_PROXY,-41.5,55.5,,,8,20260906T121248Z,20260923T233913Z
401860880,1,2026-09-05T23:00:00.000Z,Idaho State,Utah State,Bovada,CLOSE_PROXY,-14.5,60.0,-600.0,425.0,8,20260906T121248Z,20260923T233913Z
401860880,1,2026-09-05T23:00:00.000Z,Idaho State,Utah State,Bovada,OPEN,-14.0,62.0,,,8,20260906T121248Z,20260923T233913Z
401860880,1,2026-09-05T23:00:00.000Z,Idaho State,Utah State,DraftKings,CLOSE_PROXY,-15.5,59.5,-650.0,470.0,8,20260906T121248Z,20260923T233913Z
401860880,1,2026-09-05T23:00:00.000Z,Idaho State,Utah State,DraftKings,OPEN,-11.5,64.5,,,8,20260906T121248Z,20260923T233913Z
401860880,1,2026-09-05T23:00:00.000Z,Idaho State,Utah State,DraftKings_Alt,CLOSE_PROXY,-15.5,59.5,,,8,20260906T121248Z,20260923T233913Z
401862695,1,2026-09-05T23:00:00.000Z,Arkansas State,Memphis,Bovada,CLOSE_PROXY,-10.5,52.0,-340.0,270.0,8,20260906T121248Z,20260923T233913Z
401862695,1,2026-09-05T23:00:00.000Z,Arkansas State,Memphis,Bovada,OPEN,-10.5,55.5,,,8,20260906T121248Z,20260923T233913Z
401862695,1,2026-09-05T23:00:00.000Z,Arkansas State,Memphis,DraftKings,CLOSE_PROXY,-10.5,52.5,-395.0,310.0,8,20260906T121248Z,20260923T233913Z
401862695,1,2026-09-05T23:00:00.000Z,Arkansas State,Memphis,DraftKings,OPEN,-10.5,,,,8,20260906T121248Z,20260923T233913Z
401862695,1,2026-09-05T23:00:00.000Z,Arkansas State,Memphis,DraftKings_Alt,CLOSE_PROXY,-10.5,52.5,,,8,20260906T121248Z,20260923T233913Z
401862697,1,2026-09-05T23:00:00.000Z,Houston Christian,Rice,Bovada,CLOSE_PROXY,-23.0,47.5,-2000.0,950.0,8,20260906T121248Z,20260923T233913Z
401862697,1,2026-09-05T23:00:00.000Z,Houston Christian,Rice,Bovada,OPEN,-22.5,47.5,,,8,20260906T121248Z,20260923T233913Z
401862697,1,2026-09-05T23:00:00.000Z,Houston Christian,Rice,DraftKings,CLOSE_PROXY,-22.5,47.5,-2400.0,1200.0,8,20260906T121248Z,20260923T233913Z
401862697,1,2026-09-05T23:00:00.000Z,Houston Christian,Rice,DraftKings,OPEN,-24.5,47.5,,,8,20260906T121248Z,20260923T233913Z
401862697,1,2026-09-05T23:00:00.000Z,Houston Christian,Rice,DraftKings_Alt,CLOSE_PROXY,-22.5,47.5,,,8,20260906T121248Z,20260923T233913Z
401862699,1,2026-09-05T23:00:00.000Z,Florida International,South Florida,Bovada,CLOSE_PROXY,-14.5,53.0,-460.0,340.0,8,20260906T121248Z,20260923T233913Z
401862699,1,2026-09-05T23:00:00.000Z,Florida International,South Florida,Bovada,OPEN,-12.5,54.5,,,8,20260906T121248Z,20260923T233913Z
401862699,1,2026-09-05T23:00:00.000Z,Florida International,South Florida,DraftKings,CLOSE_PROXY,-14.5,53.5,-650.0,470.0,8,20260906T121248Z,20260923T233913Z
401862699,1,2026-09-05T23:00:00.000Z,Florida International,South Florida,DraftKings,OPEN,-12.5,,,,8,20260906T121248Z,20260923T233913Z
401862699,1,2026-09-05T23:00:00.000Z,Florida International,South Florida,DraftKings_Alt,CLOSE_PROXY,-14.5,53.5,,,8,20260906T121248Z,20260923T233913Z
401867866,1,2026-09-05T23:00:00.000Z,Murray State,Middle Tennessee,Bovada,CLOSE_PROXY,-22.5,56.0,-1800.0,850.0,8,20260906T121248Z,20260923T233913Z
401867866,1,2026-09-05T23:00:00.000Z,Murray State,Middle Tennessee,Bovada,OPEN,-21.0,57.5,,,8,20260906T121248Z,20260923T233913Z
401867866,1,2026-09-05T23:00:00.000Z,Murray State,Middle Tennessee,DraftKings,CLOSE_PROXY,-22.5,55.5,-1800.0,1000.0,8,20260906T121248Z,20260923T233913Z
401867866,1,2026-09-05T23:00:00.000Z,Murray State,Middle Tennessee,DraftKings,OPEN,-20.5,59.5,,,8,20260906T121248Z,20260923T233913Z
401867866,1,2026-09-05T23:00:00.000Z,Murray State,Middle Tennessee,DraftKings_Alt,CLOSE_PROXY,-22.5,55.5,,,8,20260906T121248Z,20260923T233913Z
401868140,1,2026-09-05T23:00:00.000Z,Eastern Kentucky,Jacksonville State,Bovada,CLOSE_PROXY,-22.0,53.0,-1600.0,800.0,8,20260906T121248Z,20260923T233913Z
401868140,1,2026-09-05T23:00:00.000Z,Eastern Kentucky,Jacksonville State,Bovada,OPEN,-21.0,53.5,,,8,20260906T121248Z,20260923T233913Z
401868140,1,2026-09-05T23:00:00.000Z,Eastern Kentucky,Jacksonville State,DraftKings,CLOSE_PROXY,-22.5,51.5,-2100.0,1100.0,8,20260906T121248Z,20260923T233913Z
401868140,1,2026-09-05T23:00:00.000Z,Eastern Kentucky,Jacksonville State,DraftKings,OPEN,-19.5,52.5,,,8,20260906T121248Z,20260923T233913Z
401868140,1,2026-09-05T23:00:00.000Z,Eastern Kentucky,Jacksonville State,DraftKings_Alt,CLOSE_PROXY,-22.5,51.5,,,8,20260906T121248Z,20260923T233913Z
401868170,1,2026-09-05T23:00:00.000Z,Charleston Southern,Georgia Southern,Bovada,CLOSE_PROXY,-28.0,52.5,-4000.0,1200.0,8,20260906T121248Z,20260923T233913Z
401868170,1,2026-09-05T23:00:00.000Z,Charleston Southern,Georgia Southern,Bovada,OPEN,-25.5,51.5,,,8,20260906T121248Z,20260923T233913Z
401868170,1,2026-09-05T23:00:00.000Z,Charleston Southern,Georgia Southern,DraftKings,CLOSE_PROXY,-28.5,51.5,-5000.0,1800.0,8,20260906T121248Z,20260923T233913Z
401868170,1,2026-09-05T23:00:00.000Z,Charleston Southern,Georgia Southern,DraftKings,OPEN,-25.5,51.5,,,8,20260906T121248Z,20260923T233913Z
401868170,1,2026-09-05T23:00:00.000Z,Charleston Southern,Georgia Southern,DraftKings_Alt,CLOSE_PROXY,-28.5,51.5,,,8,20260906T121248Z,20260923T233913Z
401868316,1,2026-09-05T23:00:00.000Z,SE Louisiana,South Alabama,Bovada,CLOSE_PROXY,-14.0,53.5,-510.0,370.0,8,20260906T121248Z,20260923T233913Z
401868316,1,2026-09-05T23:00:00.000Z,SE Louisiana,South Alabama,Bovada,OPEN,-12.5,52.5,,,8,20260906T121248Z,20260923T233913Z
401868316,1,2026-09-05T23:00:00.000Z,SE Louisiana,South Alabama,DraftKings,CLOSE_PROXY,-13.5,53.5,-575.0,425.0,8,20260906T121248Z,20260923T233913Z
401868316,1,2026-09-05T23:00:00.000Z,SE Louisiana,South Alabama,DraftKings,OPEN,-12.5,52.5,,,8,20260906T121248Z,20260923T233913Z
401868316,1,2026-09-05T23:00:00.000Z,SE Louisiana,South Alabama,DraftKings_Alt,CLOSE_PROXY,-13.5,53.5,,,8,20260906T121248Z,20260923T233913Z
401870763,1,2026-09-05T23:00:00.000Z,Sam Houston,Troy,Bovada,CLOSE_PROXY,-16.5,53.0,-1300.0,725.0,8,20260906T121248Z,20260923T233913Z
401870763,1,2026-09-05T23:00:00.000Z,Sam Houston,Troy,Bovada,OPEN,-17.0,50.5,,,8,20260906T121248Z,20260923T233913Z
401870763,1,2026-09-05T23:00:00.000Z,Sam Houston,Troy,DraftKings,CLOSE_PROXY,-16.5,52.5,-850.0,575.0,8,20260906T121248Z,20260923T233913Z
401870763,1,2026-09-05T23:00:00.000Z,Sam Houston,Troy,DraftKings,OPEN,-17.5,,,,8,20260906T121248Z,20260923T233913Z
401870763,1,2026-09-05T23:00:00.000Z,Sam Houston,Troy,DraftKings_Alt,CLOSE_PROXY,-15.5,52.5,,,8,20260906T121248Z,20260923T233913Z
401856660,1,2026-09-05T23:30:00.000Z,Clemson,LSU,Bovada,CLOSE_PROXY,-10.0,50.0,-480.0,350.0,8,20260906T121248Z,20260923T233913Z
401856660,1,2026-09-05T23:30:00.000Z,Clemson,LSU,Bovada,OPEN,-11.5,51.5,,,8,20260906T121248Z,20260923T233913Z
401856660,1,2026-09-05T23:30:00.000Z,Clemson,LSU,DraftKings,CLOSE_PROXY,-10.0,48.5,-410.0,320.0,8,20260906T121248Z,20260923T233913Z
401856660,1,2026-09-05T23:30:00.000Z,Clemson,LSU,DraftKings_Alt,CLOSE_PROXY,-10.0,48.5,,,8,20260906T121248Z,20260923T233913Z
401856662,1,2026-09-05T23:30:00.000Z,UL Monroe,Mississippi State,Bovada,CLOSE_PROXY,-28.5,55.0,-100000.0,2500.0,8,20260906T121248Z,20260923T233913Z
401856662,1,2026-09-05T23:30:00.000Z,UL Monroe,Mississippi State,Bovada,OPEN,-28.5,55.5,,,8,20260906T121248Z,20260923T233913Z
401856662,1,2026-09-05T23:30:00.000Z,UL Monroe,Mississippi State,DraftKings,CLOSE_PROXY,-28.5,54.5,-4000.0,1600.0,8,20260906T121248Z,20260923T233913Z
401856662,1,2026-09-05T23:30:00.000Z,UL Monroe,Mississippi State,DraftKings,OPEN,-28.5,,,,8,20260906T121248Z,20260923T233913Z
401856662,1,2026-09-05T23:30:00.000Z,UL Monroe,Mississippi State,DraftKings_Alt,CLOSE_PROXY,-28.5,54.5,,,8,20260906T121248Z,20260923T233913Z
401858211,1,2026-09-05T23:30:00.000Z,VMI,Virginia Tech,Bovada,CLOSE_PROXY,-54.5,62.0,,,8,20260906T121248Z,20260923T233913Z
401858211,1,2026-09-05T23:30:00.000Z,VMI,Virginia Tech,Bovada,OPEN,-55.5,62.0,,,8,20260906T121248Z,20260923T233913Z
401858211,1,2026-09-05T23:30:00.000Z,VMI,Virginia Tech,DraftKings,CLOSE_PROXY,-54.5,60.5,,,8,20260906T121248Z,20260923T233913Z
401858211,1,2026-09-05T23:30:00.000Z,VMI,Virginia Tech,DraftKings,OPEN,-50.5,57.5,,,8,20260906T121248Z,20260923T233913Z
401858211,1,2026-09-05T23:30:00.000Z,VMI,Virginia Tech,DraftKings_Alt,CLOSE_PROXY,-54.5,60.5,,,8,20260906T121248Z,20260923T233913Z
401858428,1,2026-09-05T23:30:00.000Z,Western Michigan,Michigan,Bovada,CLOSE_PROXY,-27.5,49.5,-7000.0,1300.0,8,20260906T121248Z,20260923T233913Z
401858428,1,2026-09-05T23:30:00.000Z,Western Michigan,Michigan,Bovada,OPEN,-26.5,47.5,,,8,20260906T121248Z,20260923T233913Z
401858428,1,2026-09-05T23:30:00.000Z,Western Michigan,Michigan,DraftKings,CLOSE_PROXY,-27.5,49.5,-6500.0,2000.0,8,20260906T121248Z,20260923T233913Z
401858428,1,2026-09-05T23:30:00.000Z,Western Michigan,Michigan,DraftKings,OPEN,-26.5,,,,8,20260906T121248Z,20260923T233913Z
401858428,1,2026-09-05T23:30:00.000Z,Western Michigan,Michigan,DraftKings_Alt,CLOSE_PROXY,-27.5,50.5,,,8,20260906T121248Z,20260923T233913Z
401869129,1,2026-09-05T23:30:00.000Z,Northwestern State,Louisiana Tech,Bovada,CLOSE_PROXY,-44.5,56.5,,,8,20260906T121248Z,20260923T233913Z
401869129,1,2026-09-05T23:30:00.000Z,Northwestern State,Louisiana Tech,Bovada,OPEN,-44.5,55.5,,,8,20260906T121248Z,20260923T233913Z
401869129,1,2026-09-05T23:30:00.000Z,Northwestern State,Louisiana Tech,DraftKings,CLOSE_PROXY,-44.5,56.5,,,8,20260906T121248Z,20260923T233913Z
401869129,1,2026-09-05T23:30:00.000Z,Northwestern State,Louisiana Tech,DraftKings,OPEN,-41.5,52.5,,,8,20260906T121248Z,20260923T233913Z
401869129,1,2026-09-05T23:30:00.000Z,Northwestern State,Louisiana Tech,DraftKings_Alt,CLOSE_PROXY,-44.5,56.5,,,8,20260906T121248Z,20260923T233913Z
401856637,1,2026-09-05T23:45:00.000Z,Florida Atlantic,Florida,Bovada,CLOSE_PROXY,-26.5,59.5,-6500.0,1300.0,8,20260906T121248Z,20260923T233913Z
401856637,1,2026-09-05T23:45:00.000Z,Florida Atlantic,Florida,Bovada,OPEN,-25.5,56.5,,,8,20260906T121248Z,20260923T233913Z
401856637,1,2026-09-05T23:45:00.000Z,Florida Atlantic,Florida,DraftKings,CLOSE_PROXY,-25.5,59.5,-2400.0,1200.0,8,20260906T121248Z,20260923T233913Z
401856637,1,2026-09-05T23:45:00.000Z,Florida Atlantic,Florida,DraftKings,OPEN,-25.5,,,,8,20260906T121248Z,20260923T233913Z
401856637,1,2026-09-05T23:45:00.000Z,Florida Atlantic,Florida,DraftKings_Alt,CLOSE_PROXY,-26.5,59.5,,,8,20260906T121248Z,20260923T233913Z
401856775,1,2026-09-06T00:00:00.000Z,Utah Tech,BYU,Bovada,CLOSE_PROXY,-49.5,61.0,,,8,20260906T121248Z,20260923T233913Z
401856775,1,2026-09-06T00:00:00.000Z,Utah Tech,BYU,Bovada,OPEN,-51.5,61.0,,,8,20260906T121248Z,20260923T233913Z
401856775,1,2026-09-06T00:00:00.000Z,Utah Tech,BYU,DraftKings,CLOSE_PROXY,-50.5,61.5,,,8,20260906T121248Z,20260923T233913Z
401856775,1,2026-09-06T00:00:00.000Z,Utah Tech,BYU,DraftKings,OPEN,-47.5,54.5,,,8,20260906T121248Z,20260923T233913Z
401856775,1,2026-09-06T00:00:00.000Z,Utah Tech,BYU,DraftKings_Alt,CLOSE_PROXY,-50.5,61.5,,,8,20260906T121248Z,20260923T233913Z
401858427,1,2026-09-06T00:00:00.000Z,Hampton,Maryland,Bovada,CLOSE_PROXY,-45.5,56.0,,,8,20260906T121248Z,20260923T233913Z
401858427,1,2026-09-06T00:00:00.000Z,Hampton,Maryland,Bovada,OPEN,-45.5,55.5,,,8,20260906T121248Z,20260923T233913Z
401858427,1,2026-09-06T00:00:00.000Z,Hampton,Maryland,DraftKings,CLOSE_PROXY,-45.5,56.5,,,8,20260906T121248Z,20260923T233913Z
401858427,1,2026-09-06T00:00:00.000Z,Hampton,Maryland,DraftKings,OPEN,-45.5,56.5,,,8,20260906T121248Z,20260923T233913Z
401858427,1,2026-09-06T00:00:00.000Z,Hampton,Maryland,DraftKings_Alt,CLOSE_PROXY,-45.5,56.5,,,8,20260906T121248Z,20260923T233913Z
401858431,1,2026-09-06T00:00:00.000Z,South Dakota State,Northwestern,Bovada,CLOSE_PROXY,-12.5,48.5,-525.0,375.0,8,20260906T121248Z,20260923T233913Z
401858431,1,2026-09-06T00:00:00.000Z,South Dakota State,Northwestern,Bovada,OPEN,-12.5,46.0,,,8,20260906T121248Z,20260923T233913Z
401858431,1,2026-09-06T00:00:00.000Z,South Dakota State,Northwestern,DraftKings,CLOSE_PROXY,-14.0,49.5,-600.0,440.0,8,20260906T121248Z,20260923T233913Z
401858431,1,2026-09-06T00:00:00.000Z,South Dakota State,Northwestern,DraftKings,OPEN,-12.5,46.5,,,8,20260906T121248Z,20260923T233913Z
401858431,1,2026-09-06T00:00:00.000Z,South Dakota State,Northwestern,DraftKings_Alt,CLOSE_PROXY,-14.0,49.5,,,8,20260906T121248Z,20260923T233913Z
401869142,1,2026-09-06T00:00:00.000Z,Lamar,Louisiana,Bovada,CLOSE_PROXY,-20.0,48.5,-1400.0,750.0,8,20260906T121248Z,20260923T233913Z
401869142,1,2026-09-06T00:00:00.000Z,Lamar,Louisiana,Bovada,OPEN,-20.0,48.5,,,8,20260906T121248Z,20260923T233913Z
401869142,1,2026-09-06T00:00:00.000Z,Lamar,Louisiana,DraftKings,CLOSE_PROXY,-20.5,48.5,-1200.0,750.0,8,20260906T121248Z,20260923T233913Z
401869142,1,2026-09-06T00:00:00.000Z,Lamar,Louisiana,DraftKings,OPEN,-18.5,48.5,,,8,20260906T121248Z,20260923T233913Z
401869142,1,2026-09-06T00:00:00.000Z,Lamar,Louisiana,DraftKings_Alt,CLOSE_PROXY,-20.5,48.5,,,8,20260906T121248Z,20260923T233913Z
401870790,1,2026-09-06T01:00:00.000Z,Mercyhurst,New Mexico State,Bovada,CLOSE_PROXY,-28.5,52.0,,,8,20260906T121248Z,20260923T233913Z
401870790,1,2026-09-06T01:00:00.000Z,Mercyhurst,New Mexico State,Bovada,OPEN,-28.5,52.0,,,8,20260906T121248Z,20260923T233913Z
401870790,1,2026-09-06T01:00:00.000Z,Mercyhurst,New Mexico State,DraftKings,CLOSE_PROXY,-29.5,52.5,-8000.0,2200.0,8,20260906T121248Z,20260923T233913Z
401870790,1,2026-09-06T01:00:00.000Z,Mercyhurst,New Mexico State,DraftKings,OPEN,-24.5,50.5,,,8,20260906T121248Z,20260923T233913Z
401870790,1,2026-09-06T01:00:00.000Z,Mercyhurst,New Mexico State,DraftKings_Alt,CLOSE_PROXY,-29.5,52.5,,,8,20260906T121248Z,20260923T233913Z
401856773,1,2026-09-06T01:30:00.000Z,Northern Arizona,Arizona,Bovada,CLOSE_PROXY,-31.5,58.5,-10000.0,1600.0,8,20260906T121248Z,20260923T233913Z
401856773,1,2026-09-06T01:30:00.000Z,Northern Arizona,Arizona,Bovada,OPEN,-31.5,58.5,,,8,20260906T121248Z,20260923T233913Z
401856773,1,2026-09-06T01:30:00.000Z,Northern Arizona,Arizona,DraftKings,CLOSE_PROXY,-32.5,59.5,-6500.0,2000.0,8,20260906T121248Z,20260923T233913Z
401856773,1,2026-09-06T01:30:00.000Z,Northern Arizona,Arizona,DraftKings,OPEN,-31.5,56.5,,,8,20260906T121248Z,20260923T233913Z
401856773,1,2026-09-06T01:30:00.000Z,Northern Arizona,Arizona,DraftKings_Alt,CLOSE_PROXY,-33.5,59.5,,,8,20260906T121248Z,20260923T233913Z
401860879,1,2026-09-06T01:30:00.000Z,Portland State,San Diego State,Bovada,CLOSE_PROXY,-40.5,62.0,,,8,20260906T121248Z,20260923T233913Z
401860879,1,2026-09-06T01:30:00.000Z,Portland State,San Diego State,Bovada,OPEN,-40.5,62.0,,,8,20260906T121248Z,20260923T233913Z
401860879,1,2026-09-06T01:30:00.000Z,Portland State,San Diego State,DraftKings,CLOSE_PROXY,-38.5,62.5,,,8,20260906T121248Z,20260923T233913Z
401860879,1,2026-09-06T01:30:00.000Z,Portland State,San Diego State,DraftKings,OPEN,-38.5,57.5,,,8,20260906T121248Z,20260923T233913Z
401860879,1,2026-09-06T01:30:00.000Z,Portland State,San Diego State,DraftKings_Alt,CLOSE_PROXY,-38.5,61.5,,,8,20260906T121248Z,20260923T233913Z
401856774,1,2026-09-06T02:00:00.000Z,Morgan State,Arizona State,Bovada,CLOSE_PROXY,-45.0,52.5,,,8,20260906T121248Z,20260923T233913Z
401856774,1,2026-09-06T02:00:00.000Z,Morgan State,Arizona State,Bovada,OPEN,-45.0,52.5,,,8,20260906T121248Z,20260923T233913Z
401856774,1,2026-09-06T02:00:00.000Z,Morgan State,Arizona State,DraftKings,CLOSE_PROXY,-43.5,52.5,,,8,20260906T121248Z,20260923T233913Z
401856774,1,2026-09-06T02:00:00.000Z,Morgan State,Arizona State,DraftKings,OPEN,-41.5,52.5,,,8,20260906T121248Z,20260923T233913Z
401856774,1,2026-09-06T02:00:00.000Z,Morgan State,Arizona State,DraftKings_Alt,CLOSE_PROXY,-43.5,52.5,,,8,20260906T121248Z,20260923T233913Z
401864497,1,2026-09-06T02:00:00.000Z,UNLV,Hawai'i,Bovada,CLOSE_PROXY,3.0,55.5,130.0,-150.0,8,20260906T121248Z,20260923T233913Z
401864497,1,2026-09-06T02:00:00.000Z,UNLV,Hawai'i,Bovada,OPEN,1.5,58.5,,,8,20260906T121248Z,20260923T233913Z
401864497,1,2026-09-06T02:00:00.000Z,UNLV,Hawai'i,DraftKings,CLOSE_PROXY,3.0,55.5,120.0,-142.0,8,20260906T121248Z,20260923T233913Z
401864497,1,2026-09-06T02:00:00.000Z,UNLV,Hawai'i,DraftKings,OPEN,1.5,,,,8,20260906T121248Z,20260923T233913Z
401864497,1,2026-09-06T02:00:00.000Z,UNLV,Hawai'i,DraftKings_Alt,CLOSE_PROXY,2.5,55.5,,,8,20260906T121248Z,20260923T233913Z
401864498,1,2026-09-06T02:00:00.000Z,Central Michigan,New Mexico,Bovada,CLOSE_PROXY,-11.0,47.0,-575.0,400.0,8,20260906T121248Z,20260923T233913Z
401864498,1,2026-09-06T02:00:00.000Z,Central Michigan,New Mexico,Bovada,OPEN,-12.5,49.0,,,8,20260906T121248Z,20260923T233913Z
401864498,1,2026-09-06T02:00:00.000Z,Central Michigan,New Mexico,DraftKings,CLOSE_PROXY,-10.5,47.5,-440.0,340.0,8,20260906T121248Z,20260923T233913Z
401864498,1,2026-09-06T02:00:00.000Z,Central Michigan,New Mexico,DraftKings,OPEN,-12.5,,,,8,20260906T121248Z,20260923T233913Z
401864498,1,2026-09-06T02:00:00.000Z,Central Michigan,New Mexico,DraftKings_Alt,CLOSE_PROXY,-11.5,47.5,,,8,20260906T121248Z,20260923T233913Z
401866411,1,2026-09-06T02:00:00.000Z,Mississippi Valley State,Sacramento State,DraftKings,CLOSE_PROXY,-37.5,56.5,,,8,20260906T121248Z,20260923T233913Z
401866411,1,2026-09-06T02:00:00.000Z,Mississippi Valley State,Sacramento State,DraftKings,OPEN,-35.5,56.5,,,8,20260906T121248Z,20260923T233913Z
401866411,1,2026-09-06T02:00:00.000Z,Mississippi Valley State,Sacramento State,DraftKings_Alt,CLOSE_PROXY,-38.5,56.5,,,8,20260906T121248Z,20260923T233913Z
401858210,1,2026-09-06T02:30:00.000Z,UCLA,California,Bovada,CLOSE_PROXY,2.5,53.5,110.0,-130.0,8,20260906T121248Z,20260923T233913Z
401858210,1,2026-09-06T02:30:00.000Z,UCLA,California,Bovada,OPEN,-3.5,53.5,,,8,20260906T121248Z,20260923T233913Z
401858210,1,2026-09-06T02:30:00.000Z,UCLA,California,DraftKings,CLOSE_PROXY,2.5,53.5,120.0,-142.0,8,20260906T121248Z,20260923T233913Z
401858210,1,2026-09-06T02:30:00.000Z,UCLA,California,DraftKings,OPEN,-1.5,,,,8,20260906T121248Z,20260923T233913Z
401858210,1,2026-09-06T02:30:00.000Z,UCLA,California,DraftKings_Alt,CLOSE_PROXY,2.5,53.5,,,8,20260906T121248Z,20260923T233913Z
401864432,1,2026-09-06T02:30:00.000Z,Western Kentucky,Nevada,Bovada,CLOSE_PROXY,-1.0,51.5,120.0,-140.0,8,20260906T121248Z,20260923T233913Z
401864432,1,2026-09-06T02:30:00.000Z,Western Kentucky,Nevada,Bovada,OPEN,4.0,53.5,,,8,20260906T121248Z,20260923T233913Z
401864432,1,2026-09-06T02:30:00.000Z,Western Kentucky,Nevada,DraftKings,CLOSE_PROXY,1.5,51.5,-108.0,-112.0,8,20260906T121248Z,20260923T233913Z
401864432,1,2026-09-06T02:30:00.000Z,Western Kentucky,Nevada,DraftKings,OPEN,4.5,,,,8,20260906T121248Z,20260923T233913Z
401864432,1,2026-09-06T02:30:00.000Z,Western Kentucky,Nevada,DraftKings_Alt,CLOSE_PROXY,1.5,51.5,,,8,20260906T121248Z,20260923T233913Z
401858437,1,2026-09-06T20:00:00.000Z,Washington State,Washington,Bovada,CLOSE_PROXY,-23.0,51.0,-2200.0,1000.0,7,20260907T015055Z,20260923T233913Z
401858437,1,2026-09-06T20:00:00.000Z,Washington State,Washington,Bovada,CURRENT,-23.0,51.0,-2200.0,1000.0,1,20260906T121248Z,20260906T121248Z
401858437,1,2026-09-06T20:00:00.000Z,Washington State,Washington,Bovada,OPEN,-21.5,50.5,,,8,20260906T121248Z,20260923T233913Z
401858437,1,2026-09-06T20:00:00.000Z,Washington State,Washington,DraftKings,CLOSE_PROXY,-23.5,51.5,-2800.0,1300.0,7,20260907T015055Z,20260923T233913Z
401858437,1,2026-09-06T20:00:00.000Z,Washington State,Washington,DraftKings,CURRENT,-23.5,51.5,-2800.0,1300.0,1,20260906T121248Z,20260906T121248Z
401858437,1,2026-09-06T20:00:00.000Z,Washington State,Washington,DraftKings,OPEN,-21.5,,,,8,20260906T121248Z,20260923T233913Z
401858437,1,2026-09-06T20:00:00.000Z,Washington State,Washington,DraftKings_Alt,CLOSE_PROXY,-23.5,51.5,,,7,20260907T015055Z,20260923T233913Z
401856661,1,2026-09-06T23:30:00.000Z,Louisville,Ole Miss,Bovada,CLOSE_PROXY,-6.5,55.0,-270.0,220.0,6,20260907T201130Z,20260923T233913Z
401856661,1,2026-09-06T23:30:00.000Z,Louisville,Ole Miss,Bovada,CURRENT,-6.5,55.0,-270.0,220.0,2,20260906T121248Z,20260907T015055Z
401856661,1,2026-09-06T23:30:00.000Z,Louisville,Ole Miss,Bovada,OPEN,-8.5,52.5,,,8,20260906T121248Z,20260923T233913Z
401856661,1,2026-09-06T23:30:00.000Z,Louisville,Ole Miss,DraftKings,CLOSE_PROXY,-6.5,55.5,-258.0,210.0,6,20260907T201130Z,20260923T233913Z
401856661,1,2026-09-06T23:30:00.000Z,Louisville,Ole Miss,DraftKings,CURRENT,-6.5,55.5,-258.0,210.0,2,20260906T121248Z,20260907T015055Z
401856661,1,2026-09-06T23:30:00.000Z,Louisville,Ole Miss,DraftKings_Alt,CLOSE_PROXY,-6.5,54.5,,,6,20260907T201130Z,20260923T233913Z
401858438,1,2026-09-06T23:30:00.000Z,Wisconsin,Notre Dame,Bovada,CLOSE_PROXY,-20.5,46.5,-2500.0,1000.0,6,20260907T201130Z,20260923T233913Z
401858438,1,2026-09-06T23:30:00.000Z,Wisconsin,Notre Dame,Bovada,CURRENT,-20.5,46.5,-2500.0,1000.0,2,20260906T121248Z,20260907T015055Z
401858438,1,2026-09-06T23:30:00.000Z,Wisconsin,Notre Dame,Bovada,OPEN,-16.5,46.5,,,8,20260906T121248Z,20260923T233913Z
401858438,1,2026-09-06T23:30:00.000Z,Wisconsin,Notre Dame,DraftKings,CLOSE_PROXY,-21.0,46.5,-1800.0,1000.0,6,20260907T201130Z,20260923T233913Z
401858438,1,2026-09-06T23:30:00.000Z,Wisconsin,Notre Dame,DraftKings,CURRENT,-21.0,46.5,-1800.0,1000.0,2,20260906T121248Z,20260907T015055Z
401858438,1,2026-09-06T23:30:00.000Z,Wisconsin,Notre Dame,DraftKings,OPEN,,47.5,,,8,20260906T121248Z,20260923T233913Z
401858438,1,2026-09-06T23:30:00.000Z,Wisconsin,Notre Dame,DraftKings_Alt,CLOSE_PROXY,-21.0,45.5,,,6,20260907T201130Z,20260923T233913Z
401858212,1,2026-09-07T23:30:00.000Z,SMU,Florida State,Bovada,CLOSE_PROXY,3.0,54.5,145.0,-170.0,5,20260911T133017Z,20260923T233913Z
401858212,1,2026-09-07T23:30:00.000Z,SMU,Florida State,Bovada,CURRENT,2.5,54.5,145.0,-170.0,3,20260906T121248Z,20260907T201130Z
401858212,1,2026-09-07T23:30:00.000Z,SMU,Florida State,Bovada,OPEN,2.5,52.5,,,8,20260906T121248Z,20260923T233913Z
401858212,1,2026-09-07T23:30:00.000Z,SMU,Florida State,DraftKings,CLOSE_PROXY,3.0,54.5,130.0,-155.0,5,20260911T133017Z,20260923T233913Z
401858212,1,2026-09-07T23:30:00.000Z,SMU,Florida State,DraftKings,CURRENT,2.5,54.5,124.0,-148.0,2,20260906T121248Z,20260907T201130Z
401858212,1,2026-09-07T23:30:00.000Z,SMU,Florida State,DraftKings_Alt,CLOSE_PROXY,3.0,52.5,,,5,20260911T133017Z,20260923T233913Z
401858213,2,2026-09-11T00:00:00.000Z,Florida A&M,Miami,Bovada,CLOSE_PROXY,-59.5,65.0,,,5,20260911T133017Z,20260923T233913Z
401858213,2,2026-09-11T00:00:00.000Z,Florida A&M,Miami,Bovada,OPEN,-56.5,62.5,,,5,20260911T133017Z,20260923T233913Z
401858213,2,2026-09-11T00:00:00.000Z,Florida A&M,Miami,DraftKings,CLOSE_PROXY,-59.5,66.5,,,5,20260911T133017Z,20260923T233913Z
401858213,2,2026-09-11T00:00:00.000Z,Florida A&M,Miami,DraftKings,OPEN,-55.5,62.5,,,5,20260911T133017Z,20260923T233913Z
401858213,2,2026-09-11T00:00:00.000Z,Florida A&M,Miami,DraftKings_Alt,CLOSE_PROXY,-59.5,66.5,,,5,20260911T133017Z,20260923T233913Z
401858215,2,2026-09-11T23:00:00.000Z,Villanova,Louisville,Bovada,CLOSE_PROXY,-38.5,57.0,,,4,20260919T191803Z,20260923T233913Z
401858215,2,2026-09-11T23:00:00.000Z,Villanova,Louisville,Bovada,CURRENT,-36.5,56.5,,,1,20260911T133017Z,20260911T133017Z
401858215,2,2026-09-11T23:00:00.000Z,Villanova,Louisville,Bovada,OPEN,-36.5,56.0,,,5,20260911T133017Z,20260923T233913Z
401858215,2,2026-09-11T23:00:00.000Z,Villanova,Louisville,DraftKings,CLOSE_PROXY,-38.5,56.5,,,4,20260919T191803Z,20260923T233913Z
401858215,2,2026-09-11T23:00:00.000Z,Villanova,Louisville,DraftKings,CURRENT,-36.5,56.5,,,1,20260911T133017Z,20260911T133017Z
401858215,2,2026-09-11T23:00:00.000Z,Villanova,Louisville,DraftKings,OPEN,-36.5,55.5,,,5,20260911T133017Z,20260923T233913Z
401858215,2,2026-09-11T23:00:00.000Z,Villanova,Louisville,DraftKings_Alt,CLOSE_PROXY,-39.5,56.5,,,4,20260919T191803Z,20260923T233913Z
401858220,2,2026-09-11T23:00:00.000Z,Norfolk State,Virginia,Bovada,CLOSE_PROXY,-47.0,56.5,,,4,20260919T191803Z,20260923T233913Z
401858220,2,2026-09-11T23:00:00.000Z,Norfolk State,Virginia,Bovada,CURRENT,-45.0,55.0,,,1,20260911T133017Z,20260911T133017Z
401858220,2,2026-09-11T23:00:00.000Z,Norfolk State,Virginia,Bovada,OPEN,-45.0,55.0,,,5,20260911T133017Z,20260923T233913Z
401858220,2,2026-09-11T23:00:00.000Z,Norfolk State,Virginia,DraftKings,CLOSE_PROXY,-47.5,56.5,,,4,20260919T191803Z,20260923T233913Z
401858220,2,2026-09-11T23:00:00.000Z,Norfolk State,Virginia,DraftKings,CURRENT,-45.5,54.5,,,1,20260911T133017Z,20260911T133017Z
401858220,2,2026-09-11T23:00:00.000Z,Norfolk State,Virginia,DraftKings,OPEN,-44.5,54.5,,,5,20260911T133017Z,20260923T233913Z
401858220,2,2026-09-11T23:00:00.000Z,Norfolk State,Virginia,DraftKings_Alt,CLOSE_PROXY,-47.5,56.5,,,4,20260919T191803Z,20260923T233913Z
401858222,2,2026-09-11T23:00:00.000Z,Richmond,NC State,Bovada,CLOSE_PROXY,-33.0,50.5,,,4,20260919T191803Z,20260923T233913Z
401858222,2,2026-09-11T23:00:00.000Z,Richmond,NC State,Bovada,CURRENT,-31.5,50.5,,,1,20260911T133017Z,20260911T133017Z
401858222,2,2026-09-11T23:00:00.000Z,Richmond,NC State,Bovada,OPEN,-31.0,49.5,,,5,20260911T133017Z,20260923T233913Z
401858222,2,2026-09-11T23:00:00.000Z,Richmond,NC State,DraftKings,CLOSE_PROXY,-33.5,50.5,-6500.0,2000.0,4,20260919T191803Z,20260923T233913Z
401858222,2,2026-09-11T23:00:00.000Z,Richmond,NC State,DraftKings,CURRENT,-32.5,50.5,-6500.0,2000.0,1,20260911T133017Z,20260911T133017Z
401858222,2,2026-09-11T23:00:00.000Z,Richmond,NC State,DraftKings,OPEN,-30.5,48.5,,,5,20260911T133017Z,20260923T233913Z
401858222,2,2026-09-11T23:00:00.000Z,Richmond,NC State,DraftKings_Alt,CLOSE_PROXY,-33.5,50.5,,,4,20260919T191803Z,20260923T233913Z
401858214,2,2026-09-11T23:30:00.000Z,Rutgers,Boston College,Bovada,CLOSE_PROXY,-3.0,53.5,-170.0,145.0,4,20260919T191803Z,20260923T233913Z
401858214,2,2026-09-11T23:30:00.000Z,Rutgers,Boston College,Bovada,CURRENT,-3.0,53.5,-170.0,145.0,1,20260907T201130Z,20260911T133017Z
401858214,2,2026-09-11T23:30:00.000Z,Rutgers,Boston College,Bovada,OPEN,-3.5,54.5,,,6,20260907T201130Z,20260923T233913Z
401858214,2,2026-09-11T23:30:00.000Z,Rutgers,Boston College,DraftKings,CLOSE_PROXY,-3.0,53.5,-148.0,124.0,4,20260919T191803Z,20260923T233913Z
401858214,2,2026-09-11T23:30:00.000Z,Rutgers,Boston College,DraftKings,CURRENT,-3.0,53.5,-162.0,136.0,3,20260906T121248Z,20260911T133017Z
401858214,2,2026-09-11T23:30:00.000Z,Rutgers,Boston College,DraftKings,OPEN,-3.5,,,,8,20260906T121248Z,20260923T233913Z
401858214,2,2026-09-11T23:30:00.000Z,Rutgers,Boston College,DraftKings_Alt,CLOSE_PROXY,-3.0,53.5,,,4,20260919T191803Z,20260923T233913Z
401856678,2,2026-09-12T00:00:00.000Z,Missouri,Kansas,Bovada,CLOSE_PROXY,4.0,52.0,175.0,-210.0,4,20260919T191803Z,20260923T233913Z
401856678,2,2026-09-12T00:00:00.000Z,Missouri,Kansas,Bovada,CURRENT,5.5,51.5,175.0,-210.0,2,20260907T201130Z,20260911T133017Z
401856678,2,2026-09-12T00:00:00.000Z,Missouri,Kansas,Bovada,OPEN,6.5,50.0,,,6,20260907T201130Z,20260923T233913Z
401856678,2,2026-09-12T00:00:00.000Z,Missouri,Kansas,DraftKings,CLOSE_PROXY,4.0,51.5,160.0,-192.0,4,20260919T191803Z,20260923T233913Z
401856678,2,2026-09-12T00:00:00.000Z,Missouri,Kansas,DraftKings,CURRENT,5.5,50.5,180.0,-218.0,2,20260906T121248Z,20260911T133017Z
401856678,2,2026-09-12T00:00:00.000Z,Missouri,Kansas,DraftKings,OPEN,7.0,52.5,,,8,20260906T121248Z,20260923T233913Z
401856678,2,2026-09-12T00:00:00.000Z,Missouri,Kansas,DraftKings_Alt,CLOSE_PROXY,4.0,51.5,,,4,20260919T191803Z,20260923T233913Z
401856679,2,2026-09-12T16:00:00.000Z,Oklahoma,Michigan,Bovada,CLOSE_PROXY,4.5,43.5,175.0,-210.0,4,20260919T191803Z,20260923T233913Z
401856679,2,2026-09-12T16:00:00.000Z,Oklahoma,Michigan,Bovada,CURRENT,5.0,43.5,175.0,-210.0,2,20260906T121248Z,20260911T133017Z
401856679,2,2026-09-12T16:00:00.000Z,Oklahoma,Michigan,Bovada,OPEN,-1.5,45.5,,,8,20260906T121248Z,20260923T233913Z
401856679,2,2026-09-12T16:00:00.000Z,Oklahoma,Michigan,DraftKings,CLOSE_PROXY,5.5,43.5,170.0,-205.0,4,20260919T191803Z,20260923T233913Z
401856679,2,2026-09-12T16:00:00.000Z,Oklahoma,Michigan,DraftKings,CURRENT,5.5,43.5,180.0,-218.0,3,20260906T121248Z,20260911T133017Z
401856679,2,2026-09-12T16:00:00.000Z,Oklahoma,Michigan,DraftKings,OPEN,-1.5,46.5,,,8,20260906T121248Z,20260923T233913Z
401856679,2,2026-09-12T16:00:00.000Z,Oklahoma,Michigan,DraftKings_Alt,CLOSE_PROXY,5.5,43.5,,,4,20260919T191803Z,20260923T233913Z
401856683,2,2026-09-12T16:00:00.000Z,Arizona State,Texas A&M,Bovada,CLOSE_PROXY,-15.0,51.5,-650.0,450.0,4,20260919T191803Z,20260923T233913Z
401856683,2,2026-09-12T16:00:00.000Z,Arizona State,Texas A&M,Bovada,CURRENT,-15.0,50.5,-650.0,450.0,2,20260907T201130Z,20260911T133017Z
401856683,2,2026-09-12T16:00:00.000Z,Arizona State,Texas A&M,Bovada,OPEN,-14.0,51.5,,,6,20260907T201130Z,20260923T233913Z
401856683,2,2026-09-12T16:00:00.000Z,Arizona State,Texas A&M,DraftKings,CLOSE_PROXY,-14.5,51.5,-750.0,525.0,4,20260919T191803Z,20260923T233913Z
401856683,2,2026-09-12T16:00:00.000Z,Arizona State,Texas A&M,DraftKings,CURRENT,-15.5,51.5,-800.0,550.0,2,20260906T121248Z,20260911T133017Z
401856683,2,2026-09-12T16:00:00.000Z,Arizona State,Texas A&M,DraftKings,OPEN,-14.5,51.5,,,8,20260906T121248Z,20260923T233913Z
401856683,2,2026-09-12T16:00:00.000Z,Arizona State,Texas A&M,DraftKings_Alt,CLOSE_PROXY,-15.5,51.5,,,4,20260919T191803Z,20260923T233913Z
401856781,2,2026-09-12T16:00:00.000Z,Washington State,Kansas State,Bovada,CLOSE_PROXY,-18.0,48.0,-1100.0,650.0,4,20260919T191803Z,20260923T233913Z
401856781,2,2026-09-12T16:00:00.000Z,Washington State,Kansas State,Bovada,CURRENT,-17.5,49.0,-1100.0,650.0,1,20260911T133017Z,20260911T133017Z
401856781,2,2026-09-12T16:00:00.000Z,Washington State,Kansas State,Bovada,OPEN,-18.5,49.0,,,5,20260911T133017Z,20260923T233913Z
401856781,2,2026-09-12T16:00:00.000Z,Washington State,Kansas State,DraftKings,CLOSE_PROXY,-17.5,48.5,-1050.0,675.0,4,20260919T191803Z,20260923T233913Z
401856781,2,2026-09-12T16:00:00.000Z,Washington State,Kansas State,DraftKings,CURRENT,-17.5,49.5,-950.0,625.0,3,20260906T121248Z,20260911T133017Z
401856781,2,2026-09-12T16:00:00.000Z,Washington State,Kansas State,DraftKings,OPEN,-16.5,51.5,,,8,20260906T121248Z,20260923T233913Z
401856781,2,2026-09-12T16:00:00.000Z,Washington State,Kansas State,DraftKings_Alt,CLOSE_PROXY,-17.5,48.5,,,4,20260919T191803Z,20260923T233913Z
401856782,2,2026-09-12T16:00:00.000Z,Oregon,Oklahoma State,Bovada,CLOSE_PROXY,24.0,55.5,1000.0,-2200.0,4,20260919T191803Z,20260923T233913Z
401856782,2,2026-09-12T16:00:00.000Z,Oregon,Oklahoma State,Bovada,CURRENT,23.0,55.5,1000.0,-2200.0,2,20260907T201130Z,20260911T133017Z
401856782,2,2026-09-12T16:00:00.000Z,Oregon,Oklahoma State,Bovada,OPEN,22.5,57.5,,,6,20260907T201130Z,20260923T233913Z
401856782,2,2026-09-12T16:00:00.000Z,Oregon,Oklahoma State,DraftKings,CLOSE_PROXY,23.5,54.5,1100.0,-2100.0,4,20260919T191803Z,20260923T233913Z
401856782,2,2026-09-12T16:00:00.000Z,Oregon,Oklahoma State,DraftKings,CURRENT,23.5,55.5,1100.0,-2100.0,4,20260906T121248Z,20260911T133017Z
401856782,2,2026-09-12T16:00:00.000Z,Oregon,Oklahoma State,DraftKings,OPEN,18.5,60.5,,,8,20260906T121248Z,20260923T233913Z
401856782,2,2026-09-12T16:00:00.000Z,Oregon,Oklahoma State,DraftKings_Alt,CLOSE_PROXY,24.5,55.5,,,4,20260919T191803Z,20260923T233913Z
401858218,2,2026-09-12T16:00:00.000Z,East Tennessee State,North Carolina,Bovada,CLOSE_PROXY,-35.5,55.0,,,4,20260919T191803Z,20260923T233913Z
401858218,2,2026-09-12T16:00:00.000Z,East Tennessee State,North Carolina,Bovada,OPEN,-35.5,54.0,,,4,20260919T191803Z,20260923T233913Z
401858218,2,2026-09-12T16:00:00.000Z,East Tennessee State,North Carolina,DraftKings,CLOSE_PROXY,-35.5,54.5,-100000.0,5000.0,4,20260919T191803Z,20260923T233913Z
401858218,2,2026-09-12T16:00:00.000Z,East Tennessee State,North Carolina,DraftKings,CURRENT,-35.5,54.5,-100000.0,5000.0,1,20260911T133017Z,20260911T133017Z
401858218,2,2026-09-12T16:00:00.000Z,East Tennessee State,North Carolina,DraftKings,OPEN,-34.5,54.5,,,5,20260911T133017Z,20260923T233913Z
401858218,2,2026-09-12T16:00:00.000Z,East Tennessee State,North Carolina,DraftKings_Alt,CLOSE_PROXY,-36.5,55.5,,,4,20260919T191803Z,20260923T233913Z
401858221,2,2026-09-12T16:00:00.000Z,Old Dominion,Virginia Tech,Bovada,CLOSE_PROXY,-18.0,47.5,-1200.0,700.0,4,20260919T191803Z,20260923T233913Z
401858221,2,2026-09-12T16:00:00.000Z,Old Dominion,Virginia Tech,Bovada,CURRENT,-19.0,48.0,-1200.0,700.0,2,20260907T201130Z,20260911T133017Z
401858221,2,2026-09-12T16:00:00.000Z,Old Dominion,Virginia Tech,Bovada,OPEN,-18.5,51.0,,,6,20260907T201130Z,20260923T233913Z
401858221,2,2026-09-12T16:00:00.000Z,Old Dominion,Virginia Tech,DraftKings,CLOSE_PROXY,-17.5,47.5,-1000.0,650.0,4,20260919T191803Z,20260923T233913Z
401858221,2,2026-09-12T16:00:00.000Z,Old Dominion,Virginia Tech,DraftKings,CURRENT,-18.5,48.5,-1100.0,700.0,3,20260906T121248Z,20260911T133017Z
401858221,2,2026-09-12T16:00:00.000Z,Old Dominion,Virginia Tech,DraftKings,OPEN,-14.0,,,,8,20260906T121248Z,20260923T233913Z
401858221,2,2026-09-12T16:00:00.000Z,Old Dominion,Virginia Tech,DraftKings_Alt,CLOSE_PROXY,-17.5,47.5,,,4,20260919T191803Z,20260923T233913Z
401858224,2,2026-09-12T16:00:00.000Z,Wake Forest,Purdue,Bovada,CLOSE_PROXY,2.5,51.0,160.0,-185.0,4,20260919T191803Z,20260923T233913Z
401858224,2,2026-09-12T16:00:00.000Z,Wake Forest,Purdue,Bovada,CURRENT,3.0,50.0,160.0,-185.0,2,20260907T201130Z,20260911T133017Z
401858224,2,2026-09-12T16:00:00.000Z,Wake Forest,Purdue,Bovada,OPEN,4.5,50.0,,,6,20260907T201130Z,20260923T233913Z
401858224,2,2026-09-12T16:00:00.000Z,Wake Forest,Purdue,DraftKings,CLOSE_PROXY,3.0,51.5,124.0,-148.0,4,20260919T191803Z,20260923T233913Z
401858224,2,2026-09-12T16:00:00.000Z,Wake Forest,Purdue,DraftKings,CURRENT,3.0,50.5,154.0,-185.0,3,20260906T121248Z,20260911T133017Z
401858224,2,2026-09-12T16:00:00.000Z,Wake Forest,Purdue,DraftKings,OPEN,3.5,49.5,,,8,20260906T121248Z,20260923T233913Z
401858224,2,2026-09-12T16:00:00.000Z,Wake Forest,Purdue,DraftKings_Alt,CLOSE_PROXY,2.5,51.5,,,4,20260919T191803Z,20260923T233913Z
401858439,2,2026-09-12T16:00:00.000Z,Howard,Indiana,Bovada,CLOSE_PROXY,-57.5,67.5,,,4,20260919T191803Z,20260923T233913Z
401858439,2,2026-09-12T16:00:00.000Z,Howard,Indiana,Bovada,OPEN,-57.5,66.0,,,4,20260919T191803Z,20260923T233913Z
401858439,2,2026-09-12T16:00:00.000Z,Howard,Indiana,DraftKings,CLOSE_PROXY,-57.5,66.5,,,4,20260919T191803Z,20260923T233913Z
401858439,2,2026-09-12T16:00:00.000Z,Howard,Indiana,DraftKings,CURRENT,-56.5,64.5,,,1,20260911T133017Z,20260911T133017Z
401858439,2,2026-09-12T16:00:00.000Z,Howard,Indiana,DraftKings,OPEN,-56.5,64.5,,,5,20260911T133017Z,20260923T233913Z
401858439,2,2026-09-12T16:00:00.000Z,Howard,Indiana,DraftKings_Alt,CLOSE_PROXY,-57.5,67.5,,,4,20260919T191803Z,20260923T233913Z
401858442,2,2026-09-12T16:00:00.000Z,Penn State,Temple,Bovada,CLOSE_PROXY,24.0,50.0,1100.0,-3300.0,4,20260919T191803Z,20260923T233913Z
401858442,2,2026-09-12T16:00:00.000Z,Penn State,Temple,Bovada,CURRENT,24.0,51.0,1100.0,-3300.0,2,20260907T201130Z,20260911T133017Z
401858442,2,2026-09-12T16:00:00.000Z,Penn State,Temple,Bovada,OPEN,23.5,49.5,,,6,20260907T201130Z,20260923T233913Z
401858442,2,2026-09-12T16:00:00.000Z,Penn State,Temple,DraftKings,CLOSE_PROXY,24.5,50.5,1300.0,-2800.0,4,20260919T191803Z,20260923T233913Z
401858442,2,2026-09-12T16:00:00.000Z,Penn State,Temple,DraftKings,CURRENT,23.5,50.5,1200.0,-2400.0,3,20260906T121248Z,20260911T133017Z
401858442,2,2026-09-12T16:00:00.000Z,Penn State,Temple,DraftKings,OPEN,21.5,51.5,,,8,20260906T121248Z,20260923T233913Z
401858442,2,2026-09-12T16:00:00.000Z,Penn State,Temple,DraftKings_Alt,CLOSE_PROXY,24.5,49.5,,,4,20260919T191803Z,20260923T233913Z
401862702,2,2026-09-12T16:00:00.000Z,South Florida,Army,Bovada,CLOSE_PROXY,-3.0,45.5,-175.0,150.0,4,20260919T191803Z,20260923T233913Z
401862702,2,2026-09-12T16:00:00.000Z,South Florida,Army,Bovada,CURRENT,-3.5,46.0,-175.0,150.0,2,20260907T201130Z,20260911T133017Z
401862702,2,2026-09-12T16:00:00.000Z,South Florida,Army,Bovada,OPEN,-3.5,49.5,,,6,20260907T201130Z,20260923T233913Z
401862702,2,2026-09-12T16:00:00.000Z,South Florida,Army,DraftKings,CLOSE_PROXY,-3.0,45.5,-166.0,140.0,4,20260919T191803Z,20260923T233913Z
401862702,2,2026-09-12T16:00:00.000Z,South Florida,Army,DraftKings,CURRENT,-3.5,46.5,-162.0,136.0,3,20260906T121248Z,20260911T133017Z
401862702,2,2026-09-12T16:00:00.000Z,South Florida,Army,DraftKings,OPEN,-1.5,52.5,,,8,20260906T121248Z,20260923T233913Z
401862702,2,2026-09-12T16:00:00.000Z,South Florida,Army,DraftKings_Alt,CLOSE_PROXY,-3.0,45.5,,,4,20260919T191803Z,20260923T233913Z
401864571,2,2026-09-12T16:00:00.000Z,App State,East Carolina,Bovada,CLOSE_PROXY,-6.5,56.0,-350.0,275.0,4,20260919T191803Z,20260923T233913Z
401864571,2,2026-09-12T16:00:00.000Z,App State,East Carolina,Bovada,CURRENT,-6.5,56.5,-350.0,275.0,2,20260907T201130Z,20260911T133017Z
401864571,2,2026-09-12T16:00:00.000Z,App State,East Carolina,Bovada,OPEN,-8.0,56.5,,,6,20260907T201130Z,20260923T233913Z
401864571,2,2026-09-12T16:00:00.000Z,App State,East Carolina,DraftKings,CLOSE_PROXY,-6.5,55.5,-250.0,205.0,4,20260919T191803Z,20260923T233913Z
401864571,2,2026-09-12T16:00:00.000Z,App State,East Carolina,DraftKings,CURRENT,-6.5,56.5,-265.0,215.0,4,20260906T121248Z,20260911T133017Z
401864571,2,2026-09-12T16:00:00.000Z,App State,East Carolina,DraftKings,OPEN,-11.5,56.5,,,8,20260906T121248Z,20260923T233913Z
401864571,2,2026-09-12T16:00:00.000Z,App State,East Carolina,DraftKings_Alt,CLOSE_PROXY,-6.5,55.5,,,4,20260919T191803Z,20260923T233913Z
401866416,2,2026-09-12T16:00:00.000Z,Wofford,Kent State,Bovada,CLOSE_PROXY,-11.0,47.0,,,4,20260919T191803Z,20260923T233913Z
401866416,2,2026-09-12T16:00:00.000Z,Wofford,Kent State,Bovada,OPEN,-11.0,47.0,,,4,20260919T191803Z,20260923T233913Z
401866416,2,2026-09-12T16:00:00.000Z,Wofford,Kent State,DraftKings,CLOSE_PROXY,-10.0,45.5,-455.0,350.0,4,20260919T191803Z,20260923T233913Z
401866416,2,2026-09-12T16:00:00.000Z,Wofford,Kent State,DraftKings,CURRENT,-11.5,47.5,-520.0,390.0,1,20260911T133017Z,20260911T133017Z
401866416,2,2026-09-12T16:00:00.000Z,Wofford,Kent State,DraftKings,OPEN,-11.5,47.5,,,5,20260911T133017Z,20260923T233913Z
401866416,2,2026-09-12T16:00:00.000Z,Wofford,Kent State,DraftKings_Alt,CLOSE_PROXY,-10.0,45.5,,,4,20260919T191803Z,20260923T233913Z
401867929,2,2026-09-12T16:00:00.000Z,Wagner,James Madison,Bovada,CLOSE_PROXY,-46.5,57.0,,,4,20260919T191803Z,20260923T233913Z
401867929,2,2026-09-12T16:00:00.000Z,Wagner,James Madison,Bovada,OPEN,-45.5,55.0,,,4,20260919T191803Z,20260923T233913Z
401867929,2,2026-09-12T16:00:00.000Z,Wagner,James Madison,DraftKings,CLOSE_PROXY,-46.5,56.5,,,4,20260919T191803Z,20260923T233913Z
401867929,2,2026-09-12T16:00:00.000Z,Wagner,James Madison,DraftKings_Alt,CLOSE_PROXY,-46.5,56.5,,,4,20260919T191803Z,20260923T233913Z
401868187,2,2026-09-12T16:00:00.000Z,Gardner-Webb,Liberty,Bovada,CLOSE_PROXY,-28.5,55.5,,,4,20260919T191803Z,20260923T233913Z
401868187,2,2026-09-12T16:00:00.000Z,Gardner-Webb,Liberty,Bovada,OPEN,-27.5,55.0,,,4,20260919T191803Z,20260923T233913Z
401868187,2,2026-09-12T16:00:00.000Z,Gardner-Webb,Liberty,DraftKings,CLOSE_PROXY,-29.5,55.5,-4500.0,1700.0,4,20260919T191803Z,20260923T233913Z
401868187,2,2026-09-12T16:00:00.000Z,Gardner-Webb,Liberty,DraftKings_Alt,CLOSE_PROXY,-28.5,55.5,,,4,20260919T191803Z,20260923T233913Z
401856673,2,2026-09-12T16:45:00.000Z,Western Kentucky,Georgia,Bovada,CLOSE_PROXY,-40.0,56.0,,,4,20260919T191803Z,20260923T233913Z
401856673,2,2026-09-12T16:45:00.000Z,Western Kentucky,Georgia,Bovada,CURRENT,-40.0,55.0,,,1,20260907T201130Z,20260911T133017Z
401856673,2,2026-09-12T16:45:00.000Z,Western Kentucky,Georgia,Bovada,OPEN,-39.5,54.0,,,6,20260907T201130Z,20260923T233913Z
401856673,2,2026-09-12T16:45:00.000Z,Western Kentucky,Georgia,DraftKings,CLOSE_PROXY,-40.5,55.5,,,4,20260919T191803Z,20260923T233913Z
401856673,2,2026-09-12T16:45:00.000Z,Western Kentucky,Georgia,DraftKings,CURRENT,-40.5,55.5,,,3,20260906T121248Z,20260911T133017Z
401856673,2,2026-09-12T16:45:00.000Z,Western Kentucky,Georgia,DraftKings,OPEN,-35.5,52.5,,,8,20260906T121248Z,20260923T233913Z
401856673,2,2026-09-12T16:45:00.000Z,Western Kentucky,Georgia,DraftKings_Alt,CLOSE_PROXY,-40.5,55.5,,,4,20260919T191803Z,20260923T233913Z
401856791,2,2026-09-12T17:00:00.000Z,UT Martin,West Virginia,Bovada,CLOSE_PROXY,-41.5,57.5,,,4,20260919T191803Z,20260923T233913Z
401856791,2,2026-09-12T17:00:00.000Z,UT Martin,West Virginia,Bovada,OPEN,-42.0,55.5,,,4,20260919T191803Z,20260923T233913Z
401856791,2,2026-09-12T17:00:00.000Z,UT Martin,West Virginia,DraftKings,CLOSE_PROXY,-41.5,56.5,,,4,20260919T191803Z,20260923T233913Z
401856791,2,2026-09-12T17:00:00.000Z,UT Martin,West Virginia,DraftKings,CURRENT,-41.5,55.5,,,1,20260911T133017Z,20260911T133017Z
401856791,2,2026-09-12T17:00:00.000Z,UT Martin,West Virginia,DraftKings,OPEN,-40.5,55.5,,,5,20260911T133017Z,20260923T233913Z
401856791,2,2026-09-12T17:00:00.000Z,UT Martin,West Virginia,DraftKings_Alt,CLOSE_PROXY,-41.5,57.5,,,4,20260919T191803Z,20260923T233913Z
401866415,2,2026-09-12T17:00:00.000Z,Colgate,Central Michigan,Bovada,CLOSE_PROXY,-18.5,49.0,-1600.0,850.0,4,20260919T191803Z,20260923T233913Z
401866415,2,2026-09-12T17:00:00.000Z,Colgate,Central Michigan,Bovada,OPEN,-22.0,49.5,,,4,20260919T191803Z,20260923T233913Z
401866415,2,2026-09-12T17:00:00.000Z,Colgate,Central Michigan,DraftKings,CLOSE_PROXY,-18.5,49.5,-1600.0,900.0,4,20260919T191803Z,20260923T233913Z
401866415,2,2026-09-12T17:00:00.000Z,Colgate,Central Michigan,DraftKings,CURRENT,-24.5,48.5,-2400.0,1200.0,1,20260911T133017Z,20260911T133017Z
401866415,2,2026-09-12T17:00:00.000Z,Colgate,Central Michigan,DraftKings,OPEN,-23.5,49.5,,,5,20260911T133017Z,20260923T233913Z
401866415,2,2026-09-12T17:00:00.000Z,Colgate,Central Michigan,DraftKings_Alt,CLOSE_PROXY,-18.5,48.5,,,4,20260919T191803Z,20260923T233913Z
401866417,2,2026-09-12T17:00:00.000Z,Holy Cross,Miami (OH),Bovada,CLOSE_PROXY,-30.5,47.0,,,4,20260919T191803Z,20260923T233913Z
401866417,2,2026-09-12T17:00:00.000Z,Holy Cross,Miami (OH),Bovada,OPEN,-30.5,50.0,,,4,20260919T191803Z,20260923T233913Z
401866417,2,2026-09-12T17:00:00.000Z,Holy Cross,Miami (OH),DraftKings,CLOSE_PROXY,-30.5,47.5,-6500.0,2000.0,4,20260919T191803Z,20260923T233913Z
401866417,2,2026-09-12T17:00:00.000Z,Holy Cross,Miami (OH),DraftKings,CURRENT,-30.5,49.5,-9000.0,2500.0,1,20260911T133017Z,20260911T133017Z
401866417,2,2026-09-12T17:00:00.000Z,Holy Cross,Miami (OH),DraftKings,OPEN,-30.5,49.5,,,5,20260911T133017Z,20260923T233913Z
401866417,2,2026-09-12T17:00:00.000Z,Holy Cross,Miami (OH),DraftKings_Alt,CLOSE_PROXY,-30.5,46.5,,,4,20260919T191803Z,20260923T233913Z
401866413,2,2026-09-12T18:00:00.000Z,Stony Brook,Ball State,Bovada,CLOSE_PROXY,-13.5,53.0,-625.0,430.0,4,20260919T191803Z,20260923T233913Z
401866413,2,2026-09-12T18:00:00.000Z,Stony Brook,Ball State,Bovada,OPEN,-14.0,54.5,,,4,20260919T191803Z,20260923T233913Z
401866413,2,2026-09-12T18:00:00.000Z,Stony Brook,Ball State,DraftKings,CLOSE_PROXY,-13.5,52.5,-575.0,425.0,4,20260919T191803Z,20260923T233913Z
401866413,2,2026-09-12T18:00:00.000Z,Stony Brook,Ball State,DraftKings,CURRENT,-15.5,56.5,-850.0,575.0,1,20260911T133017Z,20260911T133017Z
401866413,2,2026-09-12T18:00:00.000Z,Stony Brook,Ball State,DraftKings,OPEN,-14.5,57.5,,,5,20260911T133017Z,20260923T233913Z
401866413,2,2026-09-12T18:00:00.000Z,Stony Brook,Ball State,DraftKings_Alt,CLOSE_PROXY,-13.5,52.5,,,4,20260919T191803Z,20260923T233913Z
401856674,2,2026-09-12T19:30:00.000Z,Alabama,Kentucky,Bovada,CLOSE_PROXY,8.0,47.0,320.0,-430.0,4,20260919T191803Z,20260923T233913Z
401856674,2,2026-09-12T19:30:00.000Z,Alabama,Kentucky,Bovada,CURRENT,10.0,48.0,320.0,-430.0,2,20260907T201130Z,20260911T133017Z
401856674,2,2026-09-12T19:30:00.000Z,Alabama,Kentucky,Bovada,OPEN,10.5,49.0,,,6,20260907T201130Z,20260923T233913Z
401856674,2,2026-09-12T19:30:00.000Z,Alabama,Kentucky,DraftKings,CLOSE_PROXY,8.5,46.5,285.0,-360.0,4,20260919T191803Z,20260923T233913Z
401856674,2,2026-09-12T19:30:00.000Z,Alabama,Kentucky,DraftKings,CURRENT,10.0,49.5,300.0,-380.0,3,20260906T121248Z,20260911T133017Z
401856674,2,2026-09-12T19:30:00.000Z,Alabama,Kentucky,DraftKings,OPEN,10.5,,,,8,20260906T121248Z,20260923T233913Z
401856674,2,2026-09-12T19:30:00.000Z,Alabama,Kentucky,DraftKings_Alt,CLOSE_PROXY,9.5,47.5,,,4,20260919T191803Z,20260923T233913Z
401856677,2,2026-09-12T19:30:00.000Z,Mississippi State,Minnesota,Bovada,CLOSE_PROXY,-1.0,53.5,-115.0,-105.0,4,20260919T191803Z,20260923T233913Z
401856677,2,2026-09-12T19:30:00.000Z,Mississippi State,Minnesota,Bovada,CURRENT,1.0,55.0,-115.0,-105.0,2,20260907T201130Z,20260911T133017Z
401856677,2,2026-09-12T19:30:00.000Z,Mississippi State,Minnesota,Bovada,OPEN,1.0,55.5,,,6,20260907T201130Z,20260923T233913Z
401856677,2,2026-09-12T19:30:00.000Z,Mississippi State,Minnesota,DraftKings,CLOSE_PROXY,-1.5,54.5,-110.0,-110.0,4,20260919T191803Z,20260923T233913Z
401856677,2,2026-09-12T19:30:00.000Z,Mississippi State,Minnesota,DraftKings,CURRENT,1.5,54.5,-112.0,-108.0,4,20260906T121248Z,20260911T133017Z
401856677,2,2026-09-12T19:30:00.000Z,Mississippi State,Minnesota,DraftKings,OPEN,-2.5,,,,8,20260906T121248Z,20260923T233913Z
401856677,2,2026-09-12T19:30:00.000Z,Mississippi State,Minnesota,DraftKings_Alt,CLOSE_PROXY,1.5,53.5,,,4,20260919T191803Z,20260923T233913Z
401856785,2,2026-09-12T19:30:00.000Z,Weber State,Colorado,Bovada,CLOSE_PROXY,-38.5,57.5,,,4,20260919T191803Z,20260923T233913Z
401856785,2,2026-09-12T19:30:00.000Z,Weber State,Colorado,Bovada,OPEN,-34.5,55.5,,,4,20260919T191803Z,20260923T233913Z
401856785,2,2026-09-12T19:30:00.000Z,Weber State,Colorado,DraftKings,CLOSE_PROXY,-38.5,57.5,-6500.0,2000.0,4,20260919T191803Z,20260923T233913Z
401856785,2,2026-09-12T19:30:00.000Z,Weber State,Colorado,DraftKings,CURRENT,-33.5,54.5,-20000.0,3500.0,1,20260911T133017Z,20260911T133017Z
401856785,2,2026-09-12T19:30:00.000Z,Weber State,Colorado,DraftKings,OPEN,-33.5,53.5,,,5,20260911T133017Z,20260923T233913Z
401856785,2,2026-09-12T19:30:00.000Z,Weber State,Colorado,DraftKings_Alt,CLOSE_PROXY,-38.5,57.5,,,4,20260919T191803Z,20260923T233913Z
401856790,2,2026-09-12T19:30:00.000Z,UCF,Pittsburgh,Bovada,CLOSE_PROXY,-7.0,55.0,-300.0,250.0,4,20260919T191803Z,20260923T233913Z
401856790,2,2026-09-12T19:30:00.000Z,UCF,Pittsburgh,Bovada,CURRENT,-7.5,56.5,-300.0,250.0,2,20260907T201130Z,20260911T133017Z
401856790,2,2026-09-12T19:30:00.000Z,UCF,Pittsburgh,Bovada,OPEN,-7.5,57.0,,,6,20260907T201130Z,20260923T233913Z
401856790,2,2026-09-12T19:30:00.000Z,UCF,Pittsburgh,DraftKings,CLOSE_PROXY,-7.0,55.5,-298.0,240.0,4,20260919T191803Z,20260923T233913Z
401856790,2,2026-09-12T19:30:00.000Z,UCF,Pittsburgh,DraftKings,CURRENT,-7.0,57.5,-285.0,230.0,2,20260906T121248Z,20260911T133017Z
401856790,2,2026-09-12T19:30:00.000Z,UCF,Pittsburgh,DraftKings,OPEN,-8.5,51.5,,,8,20260906T121248Z,20260923T233913Z
401856790,2,2026-09-12T19:30:00.000Z,UCF,Pittsburgh,DraftKings_Alt,CLOSE_PROXY,-7.5,55.5,,,4,20260919T191803Z,20260923T233913Z
401856810,2,2026-09-12T19:30:00.000Z,Arizona,BYU,Bovada,CLOSE_PROXY,-7.0,49.0,-310.0,255.0,4,20260919T191803Z,20260923T233913Z
401856810,2,2026-09-12T19:30:00.000Z,Arizona,BYU,Bovada,CURRENT,-7.5,48.0,-310.0,255.0,2,20260907T201130Z,20260911T133017Z
401856810,2,2026-09-12T19:30:00.000Z,Arizona,BYU,Bovada,OPEN,-7.5,50.5,,,6,20260907T201130Z,20260923T233913Z
401856810,2,2026-09-12T19:30:00.000Z,Arizona,BYU,DraftKings,CLOSE_PROXY,-7.0,48.5,-270.0,220.0,4,20260919T191803Z,20260923T233913Z
401856810,2,2026-09-12T19:30:00.000Z,Arizona,BYU,DraftKings,CURRENT,-7.5,48.5,-290.0,235.0,3,20260906T121248Z,20260911T133017Z
401856810,2,2026-09-12T19:30:00.000Z,Arizona,BYU,DraftKings,OPEN,-6.5,,,,8,20260906T121248Z,20260923T233913Z
401856810,2,2026-09-12T19:30:00.000Z,Arizona,BYU,DraftKings_Alt,CLOSE_PROXY,-6.5,49.5,,,4,20260919T191803Z,20260923T233913Z
401858216,2,2026-09-12T19:30:00.000Z,California,Syracuse,Bovada,CLOSE_PROXY,-4.0,57.0,-165.0,140.0,4,20260919T191803Z,20260923T233913Z
401858216,2,2026-09-12T19:30:00.000Z,California,Syracuse,Bovada,CURRENT,-4.0,56.5,-165.0,140.0,2,20260907T201130Z,20260911T133017Z
401858216,2,2026-09-12T19:30:00.000Z,California,Syracuse,Bovada,OPEN,-3.0,56.0,,,6,20260907T201130Z,20260923T233913Z
401858216,2,2026-09-12T19:30:00.000Z,California,Syracuse,DraftKings,CLOSE_PROXY,-3.5,56.5,-198.0,164.0,4,20260919T191803Z,20260923T233913Z
401858216,2,2026-09-12T19:30:00.000Z,California,Syracuse,DraftKings,CURRENT,-3.5,56.5,-185.0,154.0,3,20260906T121248Z,20260911T133017Z
401858216,2,2026-09-12T19:30:00.000Z,California,Syracuse,DraftKings,OPEN,1.5,52.5,,,8,20260906T121248Z,20260923T233913Z
401858216,2,2026-09-12T19:30:00.000Z,California,Syracuse,DraftKings_Alt,CLOSE_PROXY,-4.0,56.5,,,4,20260919T191803Z,20260923T233913Z
401858217,2,2026-09-12T19:30:00.000Z,Duke,Illinois,Bovada,CLOSE_PROXY,-6.5,51.5,-235.0,195.0,4,20260919T191803Z,20260923T233913Z
401858217,2,2026-09-12T19:30:00.000Z,Duke,Illinois,Bovada,CURRENT,-5.5,51.5,-235.0,195.0,2,20260907T201130Z,20260911T133017Z
401858217,2,2026-09-12T19:30:00.000Z,Duke,Illinois,Bovada,OPEN,-6.0,53.5,,,6,20260907T201130Z,20260923T233913Z
401858217,2,2026-09-12T19:30:00.000Z,Duke,Illinois,DraftKings,CLOSE_PROXY,-6.5,51.5,-250.0,205.0,4,20260919T191803Z,20260923T233913Z
401858217,2,2026-09-12T19:30:00.000Z,Duke,Illinois,DraftKings,CURRENT,-5.5,51.5,-218.0,180.0,2,20260906T121248Z,20260911T133017Z
401858217,2,2026-09-12T19:30:00.000Z,Duke,Illinois,DraftKings,OPEN,-8.5,,,,8,20260906T121248Z,20260923T233913Z
401858217,2,2026-09-12T19:30:00.000Z,Duke,Illinois,DraftKings_Alt,CLOSE_PROXY,-6.0,51.5,,,4,20260919T191803Z,20260923T233913Z
401858440,2,2026-09-12T19:30:00.000Z,Eastern Michigan,Michigan State,Bovada,CLOSE_PROXY,-17.5,50.0,-1000.0,625.0,4,20260919T191803Z,20260923T233913Z
401858440,2,2026-09-12T19:30:00.000Z,Eastern Michigan,Michigan State,Bovada,CURRENT,-17.5,50.0,-1000.0,625.0,2,20260907T201130Z,20260911T133017Z
401858440,2,2026-09-12T19:30:00.000Z,Eastern Michigan,Michigan State,Bovada,OPEN,-17.0,51.0,,,6,20260907T201130Z,20260923T233913Z
401858440,2,2026-09-12T19:30:00.000Z,Eastern Michigan,Michigan State,DraftKings,CLOSE_PROXY,-17.5,49.5,-900.0,600.0,4,20260919T191803Z,20260923T233913Z
401858440,2,2026-09-12T19:30:00.000Z,Eastern Michigan,Michigan State,DraftKings,CURRENT,-17.5,49.5,-1050.0,675.0,3,20260906T121248Z,20260911T133017Z
401858440,2,2026-09-12T19:30:00.000Z,Eastern Michigan,Michigan State,DraftKings,OPEN,-15.5,51.5,,,8,20260906T121248Z,20260923T233913Z
401858440,2,2026-09-12T19:30:00.000Z,Eastern Michigan,Michigan State,DraftKings_Alt,CLOSE_PROXY,-17.5,49.5,,,4,20260919T191803Z,20260923T233913Z
401858444,2,2026-09-12T19:30:00.000Z,Maryland,UConn,Bovada,CLOSE_PROXY,11.5,52.5,360.0,-500.0,4,20260919T191803Z,20260923T233913Z
401858444,2,2026-09-12T19:30:00.000Z,Maryland,UConn,Bovada,CURRENT,11.5,52.0,360.0,-500.0,2,20260907T201130Z,20260911T133017Z
401858444,2,2026-09-12T19:30:00.000Z,Maryland,UConn,Bovada,OPEN,12.5,53.5,,,6,20260907T201130Z,20260923T233913Z
401858444,2,2026-09-12T19:30:00.000Z,Maryland,UConn,DraftKings,CLOSE_PROXY,11.5,52.5,350.0,-455.0,4,20260919T191803Z,20260923T233913Z
401858444,2,2026-09-12T19:30:00.000Z,Maryland,UConn,DraftKings,CURRENT,11.5,52.5,350.0,-455.0,3,20260906T121248Z,20260911T133017Z
401858444,2,2026-09-12T19:30:00.000Z,Maryland,UConn,DraftKings,OPEN,12.5,53.5,,,8,20260906T121248Z,20260923T233913Z
401858444,2,2026-09-12T19:30:00.000Z,Maryland,UConn,DraftKings_Alt,CLOSE_PROXY,11.5,52.5,,,4,20260919T191803Z,20260923T233913Z
401858446,2,2026-09-12T19:30:00.000Z,Utah State,Washington,Bovada,CLOSE_PROXY,-28.5,55.5,-5000.0,1300.0,4,20260919T191803Z,20260923T233913Z
401858446,2,2026-09-12T19:30:00.000Z,Utah State,Washington,Bovada,CURRENT,-27.5,55.5,-5000.0,1300.0,1,20260911T133017Z,20260911T133017Z
401858446,2,2026-09-12T19:30:00.000Z,Utah State,Washington,Bovada,OPEN,-26.5,55.5,,,5,20260911T133017Z,20260923T233913Z
401858446,2,2026-09-12T19:30:00.000Z,Utah State,Washington,DraftKings,CLOSE_PROXY,-28.5,55.5,-6500.0,2000.0,4,20260919T191803Z,20260923T233913Z
401858446,2,2026-09-12T19:30:00.000Z,Utah State,Washington,DraftKings,CURRENT,-27.5,55.5,-4000.0,1600.0,3,20260906T121248Z,20260911T133017Z
401858446,2,2026-09-12T19:30:00.000Z,Utah State,Washington,DraftKings,OPEN,-24.5,56.5,,,8,20260906T121248Z,20260923T233913Z
401858446,2,2026-09-12T19:30:00.000Z,Utah State,Washington,DraftKings_Alt,CLOSE_PROXY,-28.5,55.5,,,4,20260919T191803Z,20260923T233913Z
401859184,2,2026-09-12T19:30:00.000Z,Rice,Notre Dame,Bovada,CLOSE_PROXY,-45.0,54.5,,,4,20260919T191803Z,20260923T233913Z
401859184,2,2026-09-12T19:30:00.000Z,Rice,Notre Dame,Bovada,CURRENT,-44.5,55.0,,,1,20260911T133017Z,20260911T133017Z
401859184,2,2026-09-12T19:30:00.000Z,Rice,Notre Dame,Bovada,OPEN,-44.5,54.5,,,5,20260911T133017Z,20260923T233913Z
401859184,2,2026-09-12T19:30:00.000Z,Rice,Notre Dame,DraftKings,CLOSE_PROXY,-44.5,54.5,,,4,20260919T191803Z,20260923T233913Z
401859184,2,2026-09-12T19:30:00.000Z,Rice,Notre Dame,DraftKings,CURRENT,-44.5,54.5,,,4,20260906T121248Z,20260911T133017Z
401859184,2,2026-09-12T19:30:00.000Z,Rice,Notre Dame,DraftKings,OPEN,-44.5,52.5,,,8,20260906T121248Z,20260923T233913Z
401859184,2,2026-09-12T19:30:00.000Z,Rice,Notre Dame,DraftKings_Alt,CLOSE_PROXY,-44.5,54.5,,,4,20260919T191803Z,20260923T233913Z
401860884,2,2026-09-12T19:30:00.000Z,UTSA,Texas State,Bovada,CLOSE_PROXY,-1.5,65.5,-110.0,-110.0,4,20260919T191803Z,20260923T233913Z
401860884,2,2026-09-12T19:30:00.000Z,UTSA,Texas State,Bovada,CURRENT,-2.0,66.0,-110.0,-110.0,2,20260907T201130Z,20260911T133017Z
401860884,2,2026-09-12T19:30:00.000Z,UTSA,Texas State,Bovada,OPEN,1.0,64.5,,,6,20260907T201130Z,20260923T233913Z
401860884,2,2026-09-12T19:30:00.000Z,UTSA,Texas State,DraftKings,CLOSE_PROXY,-2.5,65.5,-135.0,114.0,4,20260919T191803Z,20260923T233913Z
401860884,2,2026-09-12T19:30:00.000Z,UTSA,Texas State,DraftKings,CURRENT,1.5,66.5,-122.0,102.0,3,20260906T121248Z,20260911T133017Z
401860884,2,2026-09-12T19:30:00.000Z,UTSA,Texas State,DraftKings,OPEN,-1.5,,,,8,20260906T121248Z,20260923T233913Z
401860884,2,2026-09-12T19:30:00.000Z,UTSA,Texas State,DraftKings_Alt,CLOSE_PROXY,-1.5,65.5,,,4,20260919T191803Z,20260923T233913Z
401862708,2,2026-09-12T19:30:00.000Z,UL Monroe,UAB,Bovada,CLOSE_PROXY,-9.0,53.5,-435.0,325.0,4,20260919T191803Z,20260923T233913Z
401862708,2,2026-09-12T19:30:00.000Z,UL Monroe,UAB,Bovada,CURRENT,-9.5,54.0,-435.0,325.0,2,20260907T201130Z,20260911T133017Z
401862708,2,2026-09-12T19:30:00.000Z,UL Monroe,UAB,Bovada,OPEN,-10.5,56.0,,,6,20260907T201130Z,20260923T233913Z
401862708,2,2026-09-12T19:30:00.000Z,UL Monroe,UAB,DraftKings,CLOSE_PROXY,-9.5,53.5,-360.0,285.0,4,20260919T191803Z,20260923T233913Z
401862708,2,2026-09-12T19:30:00.000Z,UL Monroe,UAB,DraftKings,CURRENT,-10.0,55.5,-360.0,285.0,2,20260906T121248Z,20260911T133017Z
401862708,2,2026-09-12T19:30:00.000Z,UL Monroe,UAB,DraftKings,OPEN,-7.5,54.5,,,8,20260906T121248Z,20260923T233913Z
401862708,2,2026-09-12T19:30:00.000Z,UL Monroe,UAB,DraftKings_Alt,CLOSE_PROXY,-9.5,53.5,,,4,20260919T191803Z,20260923T233913Z
401866412,2,2026-09-12T19:30:00.000Z,Robert Morris,Akron,Bovada,CLOSE_PROXY,-26.5,45.5,-6500.0,1300.0,4,20260919T191803Z,20260923T233913Z
401866412,2,2026-09-12T19:30:00.000Z,Robert Morris,Akron,Bovada,OPEN,-27.5,44.0,,,4,20260919T191803Z,20260923T233913Z
401866412,2,2026-09-12T19:30:00.000Z,Robert Morris,Akron,DraftKings,CLOSE_PROXY,-26.5,45.5,-3200.0,1400.0,4,20260919T191803Z,20260923T233913Z
401866412,2,2026-09-12T19:30:00.000Z,Robert Morris,Akron,DraftKings,CURRENT,-27.5,42.5,-6500.0,2000.0,1,20260911T133017Z,20260911T133017Z
401866412,2,2026-09-12T19:30:00.000Z,Robert Morris,Akron,DraftKings,OPEN,-27.5,41.5,,,5,20260911T133017Z,20260923T233913Z
401866412,2,2026-09-12T19:30:00.000Z,Robert Morris,Akron,DraftKings_Alt,CLOSE_PROXY,-26.5,45.5,,,4,20260919T191803Z,20260923T233913Z
401866419,2,2026-09-12T19:30:00.000Z,Central Connecticut,Toledo,Bovada,CLOSE_PROXY,-36.5,52.5,,,4,20260919T191803Z,20260923T233913Z
401866419,2,2026-09-12T19:30:00.000Z,Central Connecticut,Toledo,Bovada,OPEN,-36.0,54.5,,,4,20260919T191803Z,20260923T233913Z
401866419,2,2026-09-12T19:30:00.000Z,Central Connecticut,Toledo,DraftKings,CLOSE_PROXY,-36.5,52.5,-20000.0,3500.0,4,20260919T191803Z,20260923T233913Z
401866419,2,2026-09-12T19:30:00.000Z,Central Connecticut,Toledo,DraftKings,CURRENT,-35.5,55.5,-20000.0,3500.0,1,20260911T133017Z,20260911T133017Z
401866419,2,2026-09-12T19:30:00.000Z,Central Connecticut,Toledo,DraftKings,OPEN,-33.5,55.5,,,5,20260911T133017Z,20260923T233913Z
401866419,2,2026-09-12T19:30:00.000Z,Central Connecticut,Toledo,DraftKings_Alt,CLOSE_PROXY,-36.5,52.5,,,4,20260919T191803Z,20260923T233913Z
401866420,2,2026-09-12T19:30:00.000Z,Sacred Heart,Massachusetts,Bovada,CLOSE_PROXY,-23.5,53.5,-2500.0,1000.0,4,20260919T191803Z,20260923T233913Z
401866420,2,2026-09-12T19:30:00.000Z,Sacred Heart,Massachusetts,Bovada,OPEN,-23.5,53.5,,,4,20260919T191803Z,20260923T233913Z
401866420,2,2026-09-12T19:30:00.000Z,Sacred Heart,Massachusetts,DraftKings,CLOSE_PROXY,-23.5,53.5,-2400.0,1200.0,4,20260919T191803Z,20260923T233913Z
401866420,2,2026-09-12T19:30:00.000Z,Sacred Heart,Massachusetts,DraftKings,CURRENT,-23.5,53.5,-2400.0,1200.0,1,20260911T133017Z,20260911T133017Z
401866420,2,2026-09-12T19:30:00.000Z,Sacred Heart,Massachusetts,DraftKings,OPEN,-23.5,53.5,,,5,20260911T133017Z,20260923T233913Z
401866420,2,2026-09-12T19:30:00.000Z,Sacred Heart,Massachusetts,DraftKings_Alt,CLOSE_PROXY,-23.5,53.5,,,4,20260919T191803Z,20260923T233913Z
401867929,2,2026-09-12T19:30:00.000Z,Wagner,James Madison,DraftKings,CURRENT,-45.5,54.5,,,1,20260911T133017Z,20260911T133017Z
401867929,2,2026-09-12T19:30:00.000Z,Wagner,James Madison,DraftKings,OPEN,-45.5,54.5,,,5,20260911T133017Z,20260923T233913Z
401862705,2,2026-09-12T19:45:00.000Z,UNLV,North Texas,Bovada,CLOSE_PROXY,2.5,58.0,160.0,-185.0,4,20260919T191803Z,20260923T233913Z
401862705,2,2026-09-12T19:45:00.000Z,UNLV,North Texas,Bovada,CURRENT,3.0,58.0,160.0,-185.0,2,20260907T201130Z,20260911T133017Z
401862705,2,2026-09-12T19:45:00.000Z,UNLV,North Texas,Bovada,OPEN,4.5,57.0,,,6,20260907T201130Z,20260923T233913Z
401862705,2,2026-09-12T19:45:00.000Z,UNLV,North Texas,DraftKings,CLOSE_PROXY,3.0,57.5,124.0,-148.0,4,20260919T191803Z,20260923T233913Z
401862705,2,2026-09-12T19:45:00.000Z,UNLV,North Texas,DraftKings,CURRENT,3.0,57.5,136.0,-162.0,3,20260906T121248Z,20260911T133017Z
401862705,2,2026-09-12T19:45:00.000Z,UNLV,North Texas,DraftKings,OPEN,6.5,61.5,,,8,20260906T121248Z,20260923T233913Z
401862705,2,2026-09-12T19:45:00.000Z,UNLV,North Texas,DraftKings_Alt,CLOSE_PROXY,3.0,58.5,,,4,20260919T191803Z,20260923T233913Z
401858223,2,2026-09-12T20:00:00.000Z,UC Davis,SMU,Bovada,CLOSE_PROXY,-32.5,59.0,,,4,20260919T191803Z,20260923T233913Z
401858223,2,2026-09-12T20:00:00.000Z,UC Davis,SMU,Bovada,OPEN,-29.5,58.5,,,4,20260919T191803Z,20260923T233913Z
401858223,2,2026-09-12T20:00:00.000Z,UC Davis,SMU,DraftKings,CLOSE_PROXY,-32.5,58.5,-4000.0,1600.0,4,20260919T191803Z,20260923T233913Z
401858223,2,2026-09-12T20:00:00.000Z,UC Davis,SMU,DraftKings,CURRENT,-25.5,58.5,-2800.0,1300.0,1,20260911T133017Z,20260911T133017Z
401858223,2,2026-09-12T20:00:00.000Z,UC Davis,SMU,DraftKings,OPEN,-24.5,58.5,,,5,20260911T133017Z,20260923T233913Z
401858223,2,2026-09-12T20:00:00.000Z,UC Davis,SMU,DraftKings_Alt,CLOSE_PROXY,-32.5,59.5,,,4,20260919T191803Z,20260923T233913Z
401864506,2,2026-09-12T20:00:00.000Z,Northern Colorado,Wyoming,Bovada,CLOSE_PROXY,-23.5,44.0,-2000.0,950.0,4,20260919T191803Z,20260923T233913Z
401864506,2,2026-09-12T20:00:00.000Z,Northern Colorado,Wyoming,Bovada,OPEN,-22.5,47.5,,,4,20260919T191803Z,20260923T233913Z
401864506,2,2026-09-12T20:00:00.000Z,Northern Colorado,Wyoming,DraftKings,CLOSE_PROXY,-23.5,44.5,-1800.0,1000.0,4,20260919T191803Z,20260923T233913Z
401864506,2,2026-09-12T20:00:00.000Z,Northern Colorado,Wyoming,DraftKings,CURRENT,-22.5,47.5,-3200.0,1400.0,1,20260911T133017Z,20260911T133017Z
401864506,2,2026-09-12T20:00:00.000Z,Northern Colorado,Wyoming,DraftKings,OPEN,-22.5,47.5,,,5,20260911T133017Z,20260923T233913Z
401864506,2,2026-09-12T20:00:00.000Z,Northern Colorado,Wyoming,DraftKings_Alt,CLOSE_PROXY,-23.5,44.5,,,4,20260919T191803Z,20260923T233913Z
401865252,2,2026-09-12T20:00:00.000Z,Mercyhurst,New Mexico,Bovada,CLOSE_PROXY,-42.0,54.5,,,4,20260919T191803Z,20260923T233913Z
401865252,2,2026-09-12T20:00:00.000Z,Mercyhurst,New Mexico,Bovada,OPEN,-41.5,52.5,,,4,20260919T191803Z,20260923T233913Z
401865252,2,2026-09-12T20:00:00.000Z,Mercyhurst,New Mexico,DraftKings,CLOSE_PROXY,-42.5,54.5,,,4,20260919T191803Z,20260923T233913Z
401865252,2,2026-09-12T20:00:00.000Z,Mercyhurst,New Mexico,DraftKings,CURRENT,-41.5,52.5,,,1,20260911T133017Z,20260911T133017Z
401865252,2,2026-09-12T20:00:00.000Z,Mercyhurst,New Mexico,DraftKings,OPEN,-40.5,51.5,,,5,20260911T133017Z,20260923T233913Z
401865252,2,2026-09-12T20:00:00.000Z,Mercyhurst,New Mexico,DraftKings_Alt,CLOSE_PROXY,-42.5,54.5,,,4,20260919T191803Z,20260923T233913Z
401868326,2,2026-09-12T20:00:00.000Z,Alabama State,Troy,Bovada,CLOSE_PROXY,-24.0,52.5,-2000.0,950.0,4,20260919T191803Z,20260923T233913Z
401868326,2,2026-09-12T20:00:00.000Z,Alabama State,Troy,Bovada,OPEN,-22.5,51.5,,,4,20260919T191803Z,20260923T233913Z
401868326,2,2026-09-12T20:00:00.000Z,Alabama State,Troy,DraftKings,CLOSE_PROXY,-23.5,52.5,-2100.0,1100.0,4,20260919T191803Z,20260923T233913Z
401868326,2,2026-09-12T20:00:00.000Z,Alabama State,Troy,DraftKings,CURRENT,,51.5,-1650.0,950.0,1,20260911T133017Z,20260911T133017Z
401868326,2,2026-09-12T20:00:00.000Z,Alabama State,Troy,DraftKings,OPEN,,51.5,,,5,20260911T133017Z,20260923T233913Z
401868326,2,2026-09-12T20:00:00.000Z,Alabama State,Troy,DraftKings_Alt,CLOSE_PROXY,-23.5,52.5,,,4,20260919T191803Z,20260923T233913Z
401856684,2,2026-09-12T20:15:00.000Z,Delaware,Vanderbilt,Bovada,CLOSE_PROXY,-21.0,54.5,-1800.0,850.0,4,20260919T191803Z,20260923T233913Z
401856684,2,2026-09-12T20:15:00.000Z,Delaware,Vanderbilt,Bovada,CURRENT,-21.0,54.5,-1800.0,850.0,2,20260907T201130Z,20260911T133017Z
401856684,2,2026-09-12T20:15:00.000Z,Delaware,Vanderbilt,Bovada,OPEN,-21.0,53.5,,,6,20260907T201130Z,20260923T233913Z
401856684,2,2026-09-12T20:15:00.000Z,Delaware,Vanderbilt,DraftKings,CLOSE_PROXY,-20.5,54.5,-1350.0,800.0,4,20260919T191803Z,20260923T233913Z
401856684,2,2026-09-12T20:15:00.000Z,Delaware,Vanderbilt,DraftKings,CURRENT,-21.0,54.5,-1350.0,800.0,2,20260906T121248Z,20260911T133017Z
401856684,2,2026-09-12T20:15:00.000Z,Delaware,Vanderbilt,DraftKings,OPEN,-21.5,55.5,,,8,20260906T121248Z,20260923T233913Z
401856684,2,2026-09-12T20:15:00.000Z,Delaware,Vanderbilt,DraftKings_Alt,CLOSE_PROXY,-20.5,54.5,,,4,20260919T191803Z,20260923T233913Z
401856672,2,2026-09-12T21:30:00.000Z,Campbell,Florida,Bovada,CLOSE_PROXY,-51.5,67.0,,,4,20260919T191803Z,20260923T233913Z
401856672,2,2026-09-12T21:30:00.000Z,Campbell,Florida,Bovada,OPEN,-50.5,66.0,,,4,20260919T191803Z,20260923T233913Z
401856672,2,2026-09-12T21:30:00.000Z,Campbell,Florida,DraftKings,CLOSE_PROXY,-51.5,66.5,,,4,20260919T191803Z,20260923T233913Z
401856672,2,2026-09-12T21:30:00.000Z,Campbell,Florida,DraftKings,CURRENT,-49.5,65.5,,,1,20260911T133017Z,20260911T133017Z
401856672,2,2026-09-12T21:30:00.000Z,Campbell,Florida,DraftKings,OPEN,-49.5,65.5,,,5,20260911T133017Z,20260923T233913Z
401856672,2,2026-09-12T21:30:00.000Z,Campbell,Florida,DraftKings_Alt,CLOSE_PROXY,-51.5,66.5,,,4,20260919T191803Z,20260923T233913Z
401860881,2,2026-09-12T22:00:00.000Z,Memphis,Boise State,Bovada,CLOSE_PROXY,-9.0,54.5,-330.0,265.0,4,20260919T191803Z,20260923T233913Z
401860881,2,2026-09-12T22:00:00.000Z,Memphis,Boise State,Bovada,CURRENT,-8.0,56.0,-330.0,265.0,2,20260907T201130Z,20260911T133017Z
401860881,2,2026-09-12T22:00:00.000Z,Memphis,Boise State,Bovada,OPEN,-7.5,55.5,,,6,20260907T201130Z,20260923T233913Z
401860881,2,2026-09-12T22:00:00.000Z,Memphis,Boise State,DraftKings,CLOSE_PROXY,-9.5,54.5,-360.0,285.0,4,20260919T191803Z,20260923T233913Z
401860881,2,2026-09-12T22:00:00.000Z,Memphis,Boise State,DraftKings,CURRENT,-8.5,56.5,-340.0,270.0,3,20260906T121248Z,20260911T133017Z
401860881,2,2026-09-12T22:00:00.000Z,Memphis,Boise State,DraftKings,OPEN,-6.5,,,,8,20260906T121248Z,20260923T233913Z
401860881,2,2026-09-12T22:00:00.000Z,Memphis,Boise State,DraftKings_Alt,CLOSE_PROXY,-9.5,54.5,,,4,20260919T191803Z,20260923T233913Z
401866414,2,2026-09-12T22:00:00.000Z,Buffalo,Florida International,Bovada,CLOSE_PROXY,-9.0,47.5,-415.0,310.0,4,20260919T191803Z,20260923T233913Z
401866414,2,2026-09-12T22:00:00.000Z,Buffalo,Florida International,Bovada,CURRENT,-10.0,47.5,-415.0,310.0,2,20260907T201130Z,20260911T133017Z
401866414,2,2026-09-12T22:00:00.000Z,Buffalo,Florida International,Bovada,OPEN,-10.0,48.5,,,6,20260907T201130Z,20260923T233913Z
401866414,2,2026-09-12T22:00:00.000Z,Buffalo,Florida International,DraftKings,CLOSE_PROXY,-8.5,47.5,-345.0,275.0,4,20260919T191803Z,20260923T233913Z
401866414,2,2026-09-12T22:00:00.000Z,Buffalo,Florida International,DraftKings,CURRENT,-10.0,47.5,-440.0,340.0,2,20260907T015055Z,20260911T133017Z
401866414,2,2026-09-12T22:00:00.000Z,Buffalo,Florida International,DraftKings,OPEN,-10.5,51.5,,,7,20260907T015055Z,20260923T233913Z
401866414,2,2026-09-12T22:00:00.000Z,Buffalo,Florida International,DraftKings_Alt,CLOSE_PROXY,-8.5,47.5,,,4,20260919T191803Z,20260923T233913Z
401866418,2,2026-09-12T22:00:00.000Z,Jacksonville State,Ohio,Bovada,CLOSE_PROXY,-2.0,50.0,-125.0,105.0,4,20260919T191803Z,20260923T233913Z
401866418,2,2026-09-12T22:00:00.000Z,Jacksonville State,Ohio,Bovada,CURRENT,-2.5,51.0,-125.0,105.0,2,20260907T201130Z,20260911T133017Z
401866418,2,2026-09-12T22:00:00.000Z,Jacksonville State,Ohio,Bovada,OPEN,-2.0,51.5,,,6,20260907T201130Z,20260923T233913Z
401866418,2,2026-09-12T22:00:00.000Z,Jacksonville State,Ohio,DraftKings,CLOSE_PROXY,-1.5,49.5,-125.0,105.0,4,20260919T191803Z,20260923T233913Z
401866418,2,2026-09-12T22:00:00.000Z,Jacksonville State,Ohio,DraftKings,CURRENT,-2.5,50.5,-135.0,114.0,4,20260906T121248Z,20260911T133017Z
401866418,2,2026-09-12T22:00:00.000Z,Jacksonville State,Ohio,DraftKings,OPEN,-2.5,48.5,,,8,20260906T121248Z,20260923T233913Z
401866418,2,2026-09-12T22:00:00.000Z,Jacksonville State,Ohio,DraftKings_Alt,CLOSE_PROXY,-1.5,48.5,,,4,20260919T191803Z,20260923T233913Z
401868187,2,2026-09-12T22:00:00.000Z,Gardner-Webb,Liberty,DraftKings,CURRENT,-27.5,55.5,-5000.0,1800.0,1,20260911T133017Z,20260911T133017Z
401868187,2,2026-09-12T22:00:00.000Z,Gardner-Webb,Liberty,DraftKings,OPEN,-25.5,55.5,,,5,20260911T133017Z,20260923T233913Z
401866421,2,2026-09-12T22:30:00.000Z,Monmouth,Western Michigan,Bovada,CLOSE_PROXY,-28.5,54.5,,,4,20260919T191803Z,20260923T233913Z
401866421,2,2026-09-12T22:30:00.000Z,Monmouth,Western Michigan,Bovada,OPEN,-27.5,52.5,,,4,20260919T191803Z,20260923T233913Z
401866421,2,2026-09-12T22:30:00.000Z,Monmouth,Western Michigan,DraftKings,CLOSE_PROXY,-29.5,54.5,-5000.0,1800.0,4,20260919T191803Z,20260923T233913Z
401866421,2,2026-09-12T22:30:00.000Z,Monmouth,Western Michigan,DraftKings,CURRENT,-25.5,52.5,-3600.0,1500.0,1,20260911T133017Z,20260911T133017Z
401866421,2,2026-09-12T22:30:00.000Z,Monmouth,Western Michigan,DraftKings,OPEN,-25.5,52.5,,,5,20260911T133017Z,20260923T233913Z
401866421,2,2026-09-12T22:30:00.000Z,Monmouth,Western Michigan,DraftKings_Alt,CLOSE_PROXY,-29.5,54.5,,,4,20260919T191803Z,20260923T233913Z
401856680,2,2026-09-12T23:00:00.000Z,Towson,South Carolina,Bovada,CLOSE_PROXY,-44.5,57.5,,,4,20260919T191803Z,20260923T233913Z
401856680,2,2026-09-12T23:00:00.000Z,Towson,South Carolina,Bovada,OPEN,-43.5,56.0,,,4,20260919T191803Z,20260923T233913Z
401856680,2,2026-09-12T23:00:00.000Z,Towson,South Carolina,DraftKings,CLOSE_PROXY,-44.5,57.5,,,4,20260919T191803Z,20260923T233913Z
401856680,2,2026-09-12T23:00:00.000Z,Towson,South Carolina,DraftKings,CURRENT,-43.5,54.5,,,1,20260911T133017Z,20260911T133017Z
401856680,2,2026-09-12T23:00:00.000Z,Towson,South Carolina,DraftKings,OPEN,-43.5,54.5,,,5,20260911T133017Z,20260923T233913Z
401856680,2,2026-09-12T23:00:00.000Z,Towson,South Carolina,DraftKings_Alt,CLOSE_PROXY,-44.5,57.5,,,4,20260919T191803Z,20260923T233913Z
401856681,2,2026-09-12T23:00:00.000Z,Tennessee,Georgia Tech,Bovada,CLOSE_PROXY,12.5,55.5,390.0,-550.0,4,20260919T191803Z,20260923T233913Z
401856681,2,2026-09-12T23:00:00.000Z,Tennessee,Georgia Tech,Bovada,CURRENT,12.0,56.0,390.0,-550.0,2,20260907T201130Z,20260911T133017Z
401856681,2,2026-09-12T23:00:00.000Z,Tennessee,Georgia Tech,Bovada,OPEN,13.5,55.0,,,6,20260907T201130Z,20260923T233913Z
401856681,2,2026-09-12T23:00:00.000Z,Tennessee,Georgia Tech,DraftKings,CLOSE_PROXY,12.5,55.5,370.0,-485.0,4,20260919T191803Z,20260923T233913Z
401856681,2,2026-09-12T23:00:00.000Z,Tennessee,Georgia Tech,DraftKings,CURRENT,11.5,55.5,360.0,-470.0,4,20260906T121248Z,20260911T133017Z
401856681,2,2026-09-12T23:00:00.000Z,Tennessee,Georgia Tech,DraftKings,OPEN,8.5,,,,8,20260906T121248Z,20260923T233913Z
401856681,2,2026-09-12T23:00:00.000Z,Tennessee,Georgia Tech,DraftKings_Alt,CLOSE_PROXY,12.5,55.5,,,4,20260919T191803Z,20260923T233913Z
401856786,2,2026-09-12T23:00:00.000Z,Western Carolina,Cincinnati,Bovada,CLOSE_PROXY,-36.5,61.5,,,4,20260919T191803Z,20260923T233913Z
401856786,2,2026-09-12T23:00:00.000Z,Western Carolina,Cincinnati,Bovada,OPEN,-36.5,60.5,,,4,20260919T191803Z,20260923T233913Z
401856786,2,2026-09-12T23:00:00.000Z,Western Carolina,Cincinnati,DraftKings,CLOSE_PROXY,-36.5,61.5,,,4,20260919T191803Z,20260923T233913Z
401856786,2,2026-09-12T23:00:00.000Z,Western Carolina,Cincinnati,DraftKings,CURRENT,-36.5,60.5,,,1,20260911T133017Z,20260911T133017Z
401856786,2,2026-09-12T23:00:00.000Z,Western Carolina,Cincinnati,DraftKings,OPEN,-36.5,60.5,,,5,20260911T133017Z,20260923T233913Z
401856786,2,2026-09-12T23:00:00.000Z,Western Carolina,Cincinnati,DraftKings_Alt,CLOSE_PROXY,-36.5,61.5,,,4,20260919T191803Z,20260923T233913Z
401856787,2,2026-09-12T23:00:00.000Z,Southern,Houston,Bovada,CLOSE_PROXY,-52.0,62.0,,,4,20260919T191803Z,20260923T233913Z
401856787,2,2026-09-12T23:00:00.000Z,Southern,Houston,Bovada,OPEN,-51.5,60.5,,,4,20260919T191803Z,20260923T233913Z
401856787,2,2026-09-12T23:00:00.000Z,Southern,Houston,DraftKings,CLOSE_PROXY,-51.5,61.5,,,4,20260919T191803Z,20260923T233913Z
401856787,2,2026-09-12T23:00:00.000Z,Southern,Houston,DraftKings,CURRENT,-51.5,60.5,,,1,20260911T133017Z,20260911T133017Z
401856787,2,2026-09-12T23:00:00.000Z,Southern,Houston,DraftKings,OPEN,-51.5,60.5,,,5,20260911T133017Z,20260923T233913Z
401856787,2,2026-09-12T23:00:00.000Z,Southern,Houston,DraftKings_Alt,CLOSE_PROXY,-51.5,61.5,,,4,20260919T191803Z,20260923T233913Z
401858441,2,2026-09-12T23:00:00.000Z,Bowling Green,Nebraska,Bovada,CLOSE_PROXY,-30.5,49.0,-10000.0,1600.0,4,20260919T191803Z,20260923T233913Z
401858441,2,2026-09-12T23:00:00.000Z,Bowling Green,Nebraska,Bovada,CURRENT,-30.0,50.0,,,1,20260907T201130Z,20260911T133017Z
401858441,2,2026-09-12T23:00:00.000Z,Bowling Green,Nebraska,Bovada,OPEN,-29.0,52.0,,,6,20260907T201130Z,20260923T233913Z
401858441,2,2026-09-12T23:00:00.000Z,Bowling Green,Nebraska,DraftKings,CLOSE_PROXY,-30.5,48.5,-9000.0,2500.0,4,20260919T191803Z,20260923T233913Z
401858441,2,2026-09-12T23:00:00.000Z,Bowling Green,Nebraska,DraftKings,CURRENT,-30.5,50.5,-5000.0,1800.0,2,20260906T121248Z,20260911T133017Z
401858441,2,2026-09-12T23:00:00.000Z,Bowling Green,Nebraska,DraftKings,OPEN,-25.5,48.5,,,8,20260906T121248Z,20260923T233913Z
401858441,2,2026-09-12T23:00:00.000Z,Bowling Green,Nebraska,DraftKings_Alt,CLOSE_PROXY,-30.5,48.5,,,4,20260919T191803Z,20260923T233913Z
401860882,2,2026-09-12T23:00:00.000Z,Southern Utah,Colorado State,Bovada,CLOSE_PROXY,-20.0,57.0,-1400.0,750.0,4,20260919T191803Z,20260923T233913Z
401860882,2,2026-09-12T23:00:00.000Z,Southern Utah,Colorado State,Bovada,OPEN,-20.0,56.5,,,4,20260919T191803Z,20260923T233913Z
401860882,2,2026-09-12T23:00:00.000Z,Southern Utah,Colorado State,DraftKings,CLOSE_PROXY,-19.5,57.5,-1350.0,800.0,4,20260919T191803Z,20260923T233913Z
401860882,2,2026-09-12T23:00:00.000Z,Southern Utah,Colorado State,DraftKings,CURRENT,-20.5,56.5,-2100.0,1100.0,1,20260911T133017Z,20260911T133017Z
401860882,2,2026-09-12T23:00:00.000Z,Southern Utah,Colorado State,DraftKings,OPEN,-20.5,56.5,,,5,20260911T133017Z,20260923T233913Z
401860882,2,2026-09-12T23:00:00.000Z,Southern Utah,Colorado State,DraftKings_Alt,CLOSE_PROXY,-19.5,57.5,,,4,20260919T191803Z,20260923T233913Z
401862707,2,2026-09-12T23:00:00.000Z,Tulsa,Sam Houston,Bovada,CLOSE_PROXY,11.5,52.0,425.0,-600.0,4,20260919T191803Z,20260923T233913Z
401862707,2,2026-09-12T23:00:00.000Z,Tulsa,Sam Houston,Bovada,CURRENT,13.5,51.5,425.0,-600.0,2,20260907T201130Z,20260911T133017Z
401862707,2,2026-09-12T23:00:00.000Z,Tulsa,Sam Houston,Bovada,OPEN,13.5,52.0,,,6,20260907T201130Z,20260923T233913Z
401862707,2,2026-09-12T23:00:00.000Z,Tulsa,Sam Houston,DraftKings,CLOSE_PROXY,12.5,51.5,380.0,-500.0,4,20260919T191803Z,20260923T233913Z
401862707,2,2026-09-12T23:00:00.000Z,Tulsa,Sam Houston,DraftKings,CURRENT,13.5,51.5,400.0,-535.0,3,20260906T121248Z,20260911T133017Z
401862707,2,2026-09-12T23:00:00.000Z,Tulsa,Sam Houston,DraftKings,OPEN,10.5,53.5,,,8,20260906T121248Z,20260923T233913Z
401862707,2,2026-09-12T23:00:00.000Z,Tulsa,Sam Houston,DraftKings_Alt,CLOSE_PROXY,12.5,51.5,,,4,20260919T191803Z,20260923T233913Z
401864503,2,2026-09-12T23:00:00.000Z,Illinois State,Northern Illinois,Bovada,CLOSE_PROXY,2.5,48.0,175.0,-210.0,4,20260919T191803Z,20260923T233913Z
401864503,2,2026-09-12T23:00:00.000Z,Illinois State,Northern Illinois,Bovada,OPEN,5.0,48.0,,,4,20260919T191803Z,20260923T233913Z
401864503,2,2026-09-12T23:00:00.000Z,Illinois State,Northern Illinois,DraftKings,CLOSE_PROXY,2.5,47.5,124.0,-148.0,4,20260919T191803Z,20260923T233913Z
401864503,2,2026-09-12T23:00:00.000Z,Illinois State,Northern Illinois,DraftKings,CURRENT,4.5,48.5,145.0,-175.0,1,20260911T133017Z,20260911T133017Z
401864503,2,2026-09-12T23:00:00.000Z,Illinois State,Northern Illinois,DraftKings,OPEN,4.5,48.5,,,5,20260911T133017Z,20260923T233913Z
401864503,2,2026-09-12T23:00:00.000Z,Illinois State,Northern Illinois,DraftKings_Alt,CLOSE_PROXY,2.5,47.5,,,4,20260919T191803Z,20260923T233913Z
401864575,2,2026-09-12T23:00:00.000Z,South Alabama,Tulane,Bovada,CLOSE_PROXY,-9.5,47.5,-420.0,315.0,4,20260919T191803Z,20260923T233913Z
401864575,2,2026-09-12T23:00:00.000Z,South Alabama,Tulane,Bovada,CURRENT,-10.0,49.5,-420.0,315.0,2,20260907T201130Z,20260911T133017Z
401864575,2,2026-09-12T23:00:00.000Z,South Alabama,Tulane,Bovada,OPEN,-10.0,50.5,,,6,20260907T201130Z,20260923T233913Z
401864575,2,2026-09-12T23:00:00.000Z,South Alabama,Tulane,DraftKings,CLOSE_PROXY,-9.5,48.5,-360.0,285.0,4,20260919T191803Z,20260923T233913Z
401864575,2,2026-09-12T23:00:00.000Z,South Alabama,Tulane,DraftKings,CURRENT,-9.5,49.5,-395.0,310.0,2,20260906T121248Z,20260911T133017Z
401864575,2,2026-09-12T23:00:00.000Z,South Alabama,Tulane,DraftKings,OPEN,-10.0,55.5,,,8,20260906T121248Z,20260923T233913Z
401864575,2,2026-09-12T23:00:00.000Z,South Alabama,Tulane,DraftKings_Alt,CLOSE_PROXY,-9.5,48.5,,,4,20260919T191803Z,20260923T233913Z
401868241,2,2026-09-12T23:00:00.000Z,West Georgia,Arkansas State,Bovada,CLOSE_PROXY,-31.5,56.5,,,4,20260919T191803Z,20260923T233913Z
401868241,2,2026-09-12T23:00:00.000Z,West Georgia,Arkansas State,Bovada,OPEN,-31.5,56.5,,,4,20260919T191803Z,20260923T233913Z
401868241,2,2026-09-12T23:00:00.000Z,West Georgia,Arkansas State,DraftKings,CLOSE_PROXY,-31.5,56.5,-10000.0,3000.0,4,20260919T191803Z,20260923T233913Z
401868241,2,2026-09-12T23:00:00.000Z,West Georgia,Arkansas State,DraftKings,OPEN,-31.5,56.5,,,4,20260919T191803Z,20260923T233913Z
401868241,2,2026-09-12T23:00:00.000Z,West Georgia,Arkansas State,DraftKings_Alt,CLOSE_PROXY,-31.5,56.5,,,4,20260919T191803Z,20260923T233913Z
401869955,2,2026-09-12T23:00:00.000Z,Georgia State,Kennesaw State,Bovada,CLOSE_PROXY,-7.5,55.5,-360.0,280.0,4,20260919T191803Z,20260923T233913Z
401869955,2,2026-09-12T23:00:00.000Z,Georgia State,Kennesaw State,Bovada,CURRENT,-8.0,54.5,-360.0,280.0,2,20260907T201130Z,20260911T133017Z
401869955,2,2026-09-12T23:00:00.000Z,Georgia State,Kennesaw State,Bovada,OPEN,-9.0,51.0,,,6,20260907T201130Z,20260923T233913Z
401869955,2,2026-09-12T23:00:00.000Z,Georgia State,Kennesaw State,DraftKings,CLOSE_PROXY,-7.0,55.5,-298.0,240.0,4,20260919T191803Z,20260923T233913Z
401869955,2,2026-09-12T23:00:00.000Z,Georgia State,Kennesaw State,DraftKings,CURRENT,-7.5,54.5,-305.0,245.0,2,20260907T015055Z,20260911T133017Z
401869955,2,2026-09-12T23:00:00.000Z,Georgia State,Kennesaw State,DraftKings,OPEN,-9.5,50.5,,,7,20260907T015055Z,20260923T233913Z
401869955,2,2026-09-12T23:00:00.000Z,Georgia State,Kennesaw State,DraftKings_Alt,CLOSE_PROXY,-7.5,55.5,,,4,20260919T191803Z,20260923T233913Z
401871045,2,2026-09-12T23:00:00.000Z,Middle Tennessee,Marshall,Bovada,CLOSE_PROXY,-13.0,55.5,-750.0,500.0,4,20260919T191803Z,20260923T233913Z
401871045,2,2026-09-12T23:00:00.000Z,Middle Tennessee,Marshall,Bovada,CURRENT,-13.5,57.0,-750.0,500.0,2,20260907T201130Z,20260911T133017Z
401871045,2,2026-09-12T23:00:00.000Z,Middle Tennessee,Marshall,Bovada,OPEN,-14.0,57.5,,,6,20260907T201130Z,20260923T233913Z
401871045,2,2026-09-12T23:00:00.000Z,Middle Tennessee,Marshall,DraftKings,CLOSE_PROXY,-12.5,55.5,-535.0,400.0,4,20260919T191803Z,20260923T233913Z
401871045,2,2026-09-12T23:00:00.000Z,Middle Tennessee,Marshall,DraftKings,CURRENT,-13.5,56.5,-550.0,410.0,2,20260906T121248Z,20260911T133017Z
401871045,2,2026-09-12T23:00:00.000Z,Middle Tennessee,Marshall,DraftKings,OPEN,-17.5,57.5,,,8,20260906T121248Z,20260923T233913Z
401871045,2,2026-09-12T23:00:00.000Z,Middle Tennessee,Marshall,DraftKings_Alt,CLOSE_PROXY,-11.5,56.5,,,4,20260919T191803Z,20260923T233913Z
401871046,2,2026-09-12T23:00:00.000Z,Lindenwood,Missouri State,Bovada,CLOSE_PROXY,-17.0,53.0,-850.0,550.0,4,20260919T191803Z,20260923T233913Z
401871046,2,2026-09-12T23:00:00.000Z,Lindenwood,Missouri State,Bovada,OPEN,-17.0,52.5,,,4,20260919T191803Z,20260923T233913Z
401871046,2,2026-09-12T23:00:00.000Z,Lindenwood,Missouri State,DraftKings,CLOSE_PROXY,-16.5,53.5,-850.0,575.0,4,20260919T191803Z,20260923T233913Z
401871046,2,2026-09-12T23:00:00.000Z,Lindenwood,Missouri State,DraftKings,CURRENT,-19.5,52.5,-1650.0,950.0,1,20260911T133017Z,20260911T133017Z
401871046,2,2026-09-12T23:00:00.000Z,Lindenwood,Missouri State,DraftKings,OPEN,-19.5,52.5,,,5,20260911T133017Z,20260923T233913Z
401871046,2,2026-09-12T23:00:00.000Z,Lindenwood,Missouri State,DraftKings_Alt,CLOSE_PROXY,-16.5,53.5,,,4,20260919T191803Z,20260923T233913Z
401858443,2,2026-09-12T23:15:00.000Z,San Diego State,UCLA,Bovada,CLOSE_PROXY,-13.5,53.5,-490.0,355.0,4,20260919T191803Z,20260923T233913Z
401858443,2,2026-09-12T23:15:00.000Z,San Diego State,UCLA,Bovada,CURRENT,-12.5,55.0,-490.0,355.0,2,20260907T201130Z,20260911T133017Z
401858443,2,2026-09-12T23:15:00.000Z,San Diego State,UCLA,Bovada,OPEN,-11.5,53.0,,,6,20260907T201130Z,20260923T233913Z
401858443,2,2026-09-12T23:15:00.000Z,San Diego State,UCLA,DraftKings,CLOSE_PROXY,-13.5,53.5,-535.0,400.0,4,20260919T191803Z,20260923T233913Z
401858443,2,2026-09-12T23:15:00.000Z,San Diego State,UCLA,DraftKings,CURRENT,-12.5,55.5,-500.0,380.0,2,20260906T121248Z,20260911T133017Z
401858443,2,2026-09-12T23:15:00.000Z,San Diego State,UCLA,DraftKings,OPEN,-8.5,,,,8,20260906T121248Z,20260923T233913Z
401858443,2,2026-09-12T23:15:00.000Z,San Diego State,UCLA,DraftKings_Alt,CLOSE_PROXY,-13.5,53.5,,,4,20260919T191803Z,20260923T233913Z
401858447,2,2026-09-12T23:15:00.000Z,Western Illinois,Wisconsin,Bovada,CLOSE_PROXY,-43.0,53.0,,,4,20260919T191803Z,20260923T233913Z
401858447,2,2026-09-12T23:15:00.000Z,Western Illinois,Wisconsin,Bovada,OPEN,-40.0,49.5,,,4,20260919T191803Z,20260923T233913Z
401858447,2,2026-09-12T23:15:00.000Z,Western Illinois,Wisconsin,DraftKings,CLOSE_PROXY,-43.5,52.5,,,4,20260919T191803Z,20260923T233913Z
401858447,2,2026-09-12T23:15:00.000Z,Western Illinois,Wisconsin,DraftKings,CURRENT,-38.5,48.5,,,1,20260911T133017Z,20260911T133017Z
401858447,2,2026-09-12T23:15:00.000Z,Western Illinois,Wisconsin,DraftKings,OPEN,-38.5,48.5,,,5,20260911T133017Z,20260923T233913Z
401858447,2,2026-09-12T23:15:00.000Z,Western Illinois,Wisconsin,DraftKings_Alt,CLOSE_PROXY,-43.5,53.5,,,4,20260919T191803Z,20260923T233913Z
401856682,2,2026-09-12T23:30:00.000Z,Ohio State,Texas,Bovada,CLOSE_PROXY,-2.0,51.0,-110.0,-110.0,4,20260919T191803Z,20260923T233913Z
401856682,2,2026-09-12T23:30:00.000Z,Ohio State,Texas,Bovada,CURRENT,-2.0,49.5,-110.0,-110.0,3,20260906T121248Z,20260911T133017Z
401856682,2,2026-09-12T23:30:00.000Z,Ohio State,Texas,Bovada,OPEN,-2.5,47.5,,,8,20260906T121248Z,20260923T233913Z
401856682,2,2026-09-12T23:30:00.000Z,Ohio State,Texas,DraftKings,CLOSE_PROXY,-2.5,50.5,-142.0,120.0,4,20260919T191803Z,20260923T233913Z
401856682,2,2026-09-12T23:30:00.000Z,Ohio State,Texas,DraftKings,CURRENT,-1.5,49.5,-118.0,-102.0,4,20260906T121248Z,20260911T133017Z
401856682,2,2026-09-12T23:30:00.000Z,Ohio State,Texas,DraftKings,OPEN,-1.5,,,,8,20260906T121248Z,20260923T233913Z
401856682,2,2026-09-12T23:30:00.000Z,Ohio State,Texas,DraftKings_Alt,CLOSE_PROXY,-2.5,50.5,,,4,20260919T191803Z,20260923T233913Z
401856783,2,2026-09-12T23:30:00.000Z,Texas Tech,Oregon State,Bovada,CLOSE_PROXY,25.5,52.5,1300.0,-5000.0,4,20260919T191803Z,20260923T233913Z
401856783,2,2026-09-12T23:30:00.000Z,Texas Tech,Oregon State,Bovada,CURRENT,26.0,53.5,1300.0,-5000.0,2,20260907T201130Z,20260911T133017Z
401856783,2,2026-09-12T23:30:00.000Z,Texas Tech,Oregon State,Bovada,OPEN,26.5,51.5,,,6,20260907T201130Z,20260923T233913Z
401856783,2,2026-09-12T23:30:00.000Z,Texas Tech,Oregon State,DraftKings,CLOSE_PROXY,25.5,52.5,1400.0,-3200.0,4,20260919T191803Z,20260923T233913Z
401856783,2,2026-09-12T23:30:00.000Z,Texas Tech,Oregon State,DraftKings,CURRENT,26.5,53.5,1400.0,-3200.0,2,20260906T121248Z,20260911T133017Z
401856783,2,2026-09-12T23:30:00.000Z,Texas Tech,Oregon State,DraftKings,OPEN,27.5,49.5,,,8,20260906T121248Z,20260923T233913Z
401856783,2,2026-09-12T23:30:00.000Z,Texas Tech,Oregon State,DraftKings_Alt,CLOSE_PROXY,25.5,52.5,,,4,20260919T191803Z,20260923T233913Z
401856788,2,2026-09-12T23:30:00.000Z,Iowa State,Iowa,Bovada,CLOSE_PROXY,-14.0,42.5,-650.0,450.0,4,20260919T191803Z,20260923T233913Z
401856788,2,2026-09-12T23:30:00.000Z,Iowa State,Iowa,Bovada,CURRENT,-14.0,41.0,-650.0,450.0,2,20260907T201130Z,20260911T133017Z
401856788,2,2026-09-12T23:30:00.000Z,Iowa State,Iowa,Bovada,OPEN,-14.0,41.0,,,6,20260907T201130Z,20260923T233913Z
401856788,2,2026-09-12T23:30:00.000Z,Iowa State,Iowa,DraftKings,CLOSE_PROXY,-14.0,42.5,-625.0,455.0,4,20260919T191803Z,20260923T233913Z
401856788,2,2026-09-12T23:30:00.000Z,Iowa State,Iowa,DraftKings,CURRENT,-14.0,41.5,-575.0,425.0,4,20260906T121248Z,20260911T133017Z
401856788,2,2026-09-12T23:30:00.000Z,Iowa State,Iowa,DraftKings,OPEN,-11.5,41.5,,,8,20260906T121248Z,20260923T233913Z
401856788,2,2026-09-12T23:30:00.000Z,Iowa State,Iowa,DraftKings_Alt,CLOSE_PROXY,-14.0,42.5,,,4,20260919T191803Z,20260923T233913Z
401858219,2,2026-09-12T23:30:00.000Z,Georgia Southern,Clemson,Bovada,CLOSE_PROXY,-19.5,54.5,-1800.0,850.0,4,20260919T191803Z,20260923T233913Z
401858219,2,2026-09-12T23:30:00.000Z,Georgia Southern,Clemson,Bovada,CURRENT,-20.0,55.0,-1800.0,850.0,2,20260907T201130Z,20260911T133017Z
401858219,2,2026-09-12T23:30:00.000Z,Georgia Southern,Clemson,Bovada,OPEN,-21.0,55.5,,,6,20260907T201130Z,20260923T233913Z
401858219,2,2026-09-12T23:30:00.000Z,Georgia Southern,Clemson,DraftKings,CLOSE_PROXY,-19.5,54.5,-1350.0,800.0,4,20260919T191803Z,20260923T233913Z
401858219,2,2026-09-12T23:30:00.000Z,Georgia Southern,Clemson,DraftKings,CURRENT,-19.5,55.5,-1350.0,800.0,3,20260906T121248Z,20260911T133017Z
401858219,2,2026-09-12T23:30:00.000Z,Georgia Southern,Clemson,DraftKings,OPEN,-26.5,57.5,,,8,20260906T121248Z,20260923T233913Z
401858219,2,2026-09-12T23:30:00.000Z,Georgia Southern,Clemson,DraftKings_Alt,CLOSE_PROXY,-20.5,54.5,,,4,20260919T191803Z,20260923T233913Z
401862703,2,2026-09-12T23:30:00.000Z,Navy,Florida Atlantic,Bovada,CLOSE_PROXY,4.5,59.5,185.0,-225.0,4,20260919T191803Z,20260923T233913Z
401862703,2,2026-09-12T23:30:00.000Z,Navy,Florida Atlantic,Bovada,CURRENT,5.0,59.0,185.0,-225.0,2,20260907T201130Z,20260911T133017Z
401862703,2,2026-09-12T23:30:00.000Z,Navy,Florida Atlantic,Bovada,OPEN,5.5,59.0,,,6,20260907T201130Z,20260923T233913Z
401862703,2,2026-09-12T23:30:00.000Z,Navy,Florida Atlantic,DraftKings,CLOSE_PROXY,4.0,59.5,164.0,-198.0,4,20260919T191803Z,20260923T233913Z
401862703,2,2026-09-12T23:30:00.000Z,Navy,Florida Atlantic,DraftKings,CURRENT,4.5,59.5,170.0,-205.0,2,20260907T015055Z,20260911T133017Z
401862703,2,2026-09-12T23:30:00.000Z,Navy,Florida Atlantic,DraftKings,OPEN,6.5,57.5,,,7,20260907T015055Z,20260923T233913Z
401862703,2,2026-09-12T23:30:00.000Z,Navy,Florida Atlantic,DraftKings_Alt,CLOSE_PROXY,4.5,59.5,,,4,20260919T191803Z,20260923T233913Z
401867796,2,2026-09-12T23:30:00.000Z,Louisiana Tech,LSU,Bovada,CLOSE_PROXY,-35.0,55.0,,,4,20260919T191803Z,20260923T233913Z
401867796,2,2026-09-12T23:30:00.000Z,Louisiana Tech,LSU,Bovada,CURRENT,-35.0,56.0,,,2,20260907T201130Z,20260911T133017Z
401867796,2,2026-09-12T23:30:00.000Z,Louisiana Tech,LSU,Bovada,OPEN,-33.5,55.5,,,6,20260907T201130Z,20260923T233913Z
401867796,2,2026-09-12T23:30:00.000Z,Louisiana Tech,LSU,DraftKings,CLOSE_PROXY,-34.5,55.5,-20000.0,3500.0,4,20260919T191803Z,20260923T233913Z
401867796,2,2026-09-12T23:30:00.000Z,Louisiana Tech,LSU,DraftKings,CURRENT,-35.5,55.5,-50000.0,4000.0,3,20260907T015055Z,20260911T133017Z
401867796,2,2026-09-12T23:30:00.000Z,Louisiana Tech,LSU,DraftKings,OPEN,-31.5,55.5,,,7,20260907T015055Z,20260923T233913Z
401867796,2,2026-09-12T23:30:00.000Z,Louisiana Tech,LSU,DraftKings_Alt,CLOSE_PROXY,-34.5,54.5,,,4,20260919T191803Z,20260923T233913Z
401868008,2,2026-09-12T23:30:00.000Z,Fordham,Coastal Carolina,Bovada,CLOSE_PROXY,-37.5,54.5,,,4,20260919T191803Z,20260923T233913Z
401868008,2,2026-09-12T23:30:00.000Z,Fordham,Coastal Carolina,Bovada,OPEN,-34.5,53.0,,,4,20260919T191803Z,20260923T233913Z
401868008,2,2026-09-12T23:30:00.000Z,Fordham,Coastal Carolina,DraftKings,CLOSE_PROXY,-36.5,54.5,-100000.0,5000.0,4,20260919T191803Z,20260923T233913Z
401868008,2,2026-09-12T23:30:00.000Z,Fordham,Coastal Carolina,DraftKings,CURRENT,-34.5,52.5,-9000.0,2500.0,1,20260911T133017Z,20260911T133017Z
401868008,2,2026-09-12T23:30:00.000Z,Fordham,Coastal Carolina,DraftKings,OPEN,-31.5,52.5,,,5,20260911T133017Z,20260923T233913Z
401868008,2,2026-09-12T23:30:00.000Z,Fordham,Coastal Carolina,DraftKings_Alt,CLOSE_PROXY,-36.5,54.5,,,4,20260919T191803Z,20260923T233913Z
401856671,2,2026-09-12T23:45:00.000Z,Southern Miss,Auburn,Bovada,CLOSE_PROXY,-33.0,57.0,,,4,20260919T191803Z,20260923T233913Z
401856671,2,2026-09-12T23:45:00.000Z,Southern Miss,Auburn,Bovada,CURRENT,-33.0,56.5,,,1,20260907T201130Z,20260911T133017Z
401856671,2,2026-09-12T23:45:00.000Z,Southern Miss,Auburn,Bovada,OPEN,-30.0,53.0,,,6,20260907T201130Z,20260923T233913Z
401856671,2,2026-09-12T23:45:00.000Z,Southern Miss,Auburn,DraftKings,CLOSE_PROXY,-32.5,56.5,-10000.0,3000.0,4,20260919T191803Z,20260923T233913Z
401856671,2,2026-09-12T23:45:00.000Z,Southern Miss,Auburn,DraftKings,CURRENT,-32.5,56.5,-8000.0,2200.0,2,20260907T015055Z,20260911T133017Z
401856671,2,2026-09-12T23:45:00.000Z,Southern Miss,Auburn,DraftKings,OPEN,-29.5,52.5,,,7,20260907T015055Z,20260923T233913Z
401856671,2,2026-09-12T23:45:00.000Z,Southern Miss,Auburn,DraftKings_Alt,CLOSE_PROXY,-32.5,56.5,,,4,20260919T191803Z,20260923T233913Z
401856676,2,2026-09-12T23:45:00.000Z,Charlotte,Ole Miss,Bovada,CLOSE_PROXY,-44.5,59.5,,,4,20260919T191803Z,20260923T233913Z
401856676,2,2026-09-12T23:45:00.000Z,Charlotte,Ole Miss,Bovada,CURRENT,-45.5,60.5,,,1,20260911T133017Z,20260911T133017Z
401856676,2,2026-09-12T23:45:00.000Z,Charlotte,Ole Miss,Bovada,OPEN,-47.5,61.5,,,5,20260911T133017Z,20260923T233913Z
401856676,2,2026-09-12T23:45:00.000Z,Charlotte,Ole Miss,DraftKings,CLOSE_PROXY,-44.5,59.5,,,4,20260919T191803Z,20260923T233913Z
401856676,2,2026-09-12T23:45:00.000Z,Charlotte,Ole Miss,DraftKings,CURRENT,-45.5,60.5,,,2,20260907T015055Z,20260911T133017Z
401856676,2,2026-09-12T23:45:00.000Z,Charlotte,Ole Miss,DraftKings,OPEN,-46.5,61.5,,,7,20260907T015055Z,20260923T233913Z
401856676,2,2026-09-12T23:45:00.000Z,Charlotte,Ole Miss,DraftKings_Alt,CLOSE_PROXY,-44.5,59.5,,,4,20260919T191803Z,20260923T233913Z
401856789,2,2026-09-13T00:00:00.000Z,Grambling,TCU,Bovada,CLOSE_PROXY,-44.5,56.5,,,4,20260919T191803Z,20260923T233913Z
401856789,2,2026-09-13T00:00:00.000Z,Grambling,TCU,Bovada,OPEN,-44.0,54.5,,,4,20260919T191803Z,20260923T233913Z
401856789,2,2026-09-13T00:00:00.000Z,Grambling,TCU,DraftKings,CLOSE_PROXY,-44.5,56.5,,,4,20260919T191803Z,20260923T233913Z
401856789,2,2026-09-13T00:00:00.000Z,Grambling,TCU,DraftKings,CURRENT,-43.5,54.5,,,1,20260911T133017Z,20260911T133017Z
401856789,2,2026-09-13T00:00:00.000Z,Grambling,TCU,DraftKings,OPEN,-43.5,53.5,,,5,20260911T133017Z,20260923T233913Z
401856789,2,2026-09-13T00:00:00.000Z,Grambling,TCU,DraftKings_Alt,CLOSE_PROXY,-44.5,56.5,,,4,20260919T191803Z,20260923T233913Z
401856784,2,2026-09-13T00:08:00.000Z,Prairie View A&M,Baylor,Bovada,CLOSE_PROXY,-37.5,55.5,,,4,20260919T191803Z,20260923T233913Z
401856784,2,2026-09-13T00:08:00.000Z,Prairie View A&M,Baylor,Bovada,OPEN,-37.5,55.5,,,4,20260919T191803Z,20260923T233913Z
401856784,2,2026-09-13T00:08:00.000Z,Prairie View A&M,Baylor,DraftKings,CLOSE_PROXY,-37.5,55.5,,,4,20260919T191803Z,20260923T233913Z
401856784,2,2026-09-13T00:08:00.000Z,Prairie View A&M,Baylor,DraftKings,CURRENT,-39.5,56.5,,,1,20260911T133017Z,20260911T133017Z
401856784,2,2026-09-13T00:08:00.000Z,Prairie View A&M,Baylor,DraftKings,OPEN,-37.5,56.5,,,5,20260911T133017Z,20260923T233913Z
401856784,2,2026-09-13T00:08:00.000Z,Prairie View A&M,Baylor,DraftKings_Alt,CLOSE_PROXY,-37.5,55.5,,,4,20260919T191803Z,20260923T233913Z
401864504,2,2026-09-13T01:00:00.000Z,Cal Poly,San José State,Bovada,CLOSE_PROXY,-21.5,58.5,-1500.0,775.0,4,20260919T191803Z,20260923T233913Z
401864504,2,2026-09-13T01:00:00.000Z,Cal Poly,San José State,Bovada,OPEN,-20.5,56.5,,,4,20260919T191803Z,20260923T233913Z
401864504,2,2026-09-13T01:00:00.000Z,Cal Poly,San José State,DraftKings,CLOSE_PROXY,-21.5,58.5,-1800.0,1000.0,4,20260919T191803Z,20260923T233913Z
401864504,2,2026-09-13T01:00:00.000Z,Cal Poly,San José State,DraftKings,CURRENT,-20.5,56.5,-2100.0,1100.0,1,20260911T133017Z,20260911T133017Z
401864504,2,2026-09-13T01:00:00.000Z,Cal Poly,San José State,DraftKings,OPEN,-20.5,56.5,,,5,20260911T133017Z,20260923T233913Z
401864504,2,2026-09-13T01:00:00.000Z,Cal Poly,San José State,DraftKings_Alt,CLOSE_PROXY,-21.5,58.5,,,4,20260919T191803Z,20260923T233913Z
401864505,2,2026-09-13T01:00:00.000Z,Texas Southern,UTEP,Bovada,CLOSE_PROXY,-27.0,53.5,-4000.0,1200.0,4,20260919T191803Z,20260923T233913Z
401864505,2,2026-09-13T01:00:00.000Z,Texas Southern,UTEP,Bovada,OPEN,-25.5,53.0,,,4,20260919T191803Z,20260923T233913Z
401864505,2,2026-09-13T01:00:00.000Z,Texas Southern,UTEP,DraftKings,CLOSE_PROXY,-27.5,53.5,-4500.0,1700.0,4,20260919T191803Z,20260923T233913Z
401864505,2,2026-09-13T01:00:00.000Z,Texas Southern,UTEP,DraftKings,CURRENT,-25.5,52.5,-6500.0,2000.0,1,20260911T133017Z,20260911T133017Z
401864505,2,2026-09-13T01:00:00.000Z,Texas Southern,UTEP,DraftKings,OPEN,-25.5,52.5,,,5,20260911T133017Z,20260923T233913Z
401864505,2,2026-09-13T01:00:00.000Z,Texas Southern,UTEP,DraftKings_Alt,CLOSE_PROXY,-27.5,53.5,,,4,20260919T191803Z,20260923T233913Z
401864502,2,2026-09-13T02:00:00.000Z,North Dakota State,Air Force,Bovada,CLOSE_PROXY,2.0,48.5,140.0,-165.0,4,20260919T191803Z,20260923T233913Z
401864502,2,2026-09-13T02:00:00.000Z,North Dakota State,Air Force,Bovada,CURRENT,2.5,47.0,140.0,-165.0,2,20260907T201130Z,20260911T133017Z
401864502,2,2026-09-13T02:00:00.000Z,North Dakota State,Air Force,Bovada,OPEN,3.5,47.5,,,6,20260907T201130Z,20260923T233913Z
401864502,2,2026-09-13T02:00:00.000Z,North Dakota State,Air Force,DraftKings,CLOSE_PROXY,1.5,47.5,105.0,-125.0,4,20260919T191803Z,20260923T233913Z
401864502,2,2026-09-13T02:00:00.000Z,North Dakota State,Air Force,DraftKings,CURRENT,1.5,47.5,105.0,-125.0,3,20260907T015055Z,20260911T133017Z
401864502,2,2026-09-13T02:00:00.000Z,North Dakota State,Air Force,DraftKings,OPEN,6.5,49.5,,,7,20260907T015055Z,20260923T233913Z
401864502,2,2026-09-13T02:00:00.000Z,North Dakota State,Air Force,DraftKings_Alt,CLOSE_PROXY,1.5,48.5,,,4,20260919T191803Z,20260923T233913Z
401856670,2,2026-09-13T02:15:00.000Z,Arkansas,Utah,Bovada,CLOSE_PROXY,-12.5,55.5,-525.0,375.0,4,20260919T191803Z,20260923T233913Z
401856670,2,2026-09-13T02:15:00.000Z,Arkansas,Utah,Bovada,CURRENT,-12.5,55.0,-525.0,375.0,2,20260907T201130Z,20260911T133017Z
401856670,2,2026-09-13T02:15:00.000Z,Arkansas,Utah,Bovada,OPEN,-13.0,57.0,,,6,20260907T201130Z,20260923T233913Z
401856670,2,2026-09-13T02:15:00.000Z,Arkansas,Utah,DraftKings,CLOSE_PROXY,-12.5,55.5,-500.0,380.0,4,20260919T191803Z,20260923T233913Z
401856670,2,2026-09-13T02:15:00.000Z,Arkansas,Utah,DraftKings,CURRENT,-13.5,55.5,-520.0,390.0,2,20260906T121248Z,20260911T133017Z
401856670,2,2026-09-13T02:15:00.000Z,Arkansas,Utah,DraftKings,OPEN,-9.5,54.5,,,8,20260906T121248Z,20260923T233913Z
401856670,2,2026-09-13T02:15:00.000Z,Arkansas,Utah,DraftKings_Alt,CLOSE_PROXY,-13.5,55.5,,,4,20260919T191803Z,20260923T233913Z
401860883,2,2026-09-13T02:30:00.000Z,Sacramento State,Fresno State,Bovada,CLOSE_PROXY,-18.5,43.5,-1100.0,650.0,4,20260919T191803Z,20260923T233913Z
401860883,2,2026-09-13T02:30:00.000Z,Sacramento State,Fresno State,Bovada,CURRENT,-17.5,45.0,-1100.0,650.0,2,20260907T201130Z,20260911T133017Z
401860883,2,2026-09-13T02:30:00.000Z,Sacramento State,Fresno State,Bovada,OPEN,-18.0,46.0,,,6,20260907T201130Z,20260923T233913Z
401860883,2,2026-09-13T02:30:00.000Z,Sacramento State,Fresno State,DraftKings,CLOSE_PROXY,-17.5,44.5,-900.0,600.0,4,20260919T191803Z,20260923T233913Z
401860883,2,2026-09-13T02:30:00.000Z,Sacramento State,Fresno State,DraftKings,CURRENT,-18.5,45.5,-950.0,625.0,3,20260907T015055Z,20260911T133017Z
401860883,2,2026-09-13T02:30:00.000Z,Sacramento State,Fresno State,DraftKings,OPEN,-18.5,48.5,,,7,20260907T015055Z,20260923T233913Z
401860883,2,2026-09-13T02:30:00.000Z,Sacramento State,Fresno State,DraftKings_Alt,CLOSE_PROXY,-17.5,43.5,,,4,20260919T191803Z,20260923T233913Z
401864500,2,2026-09-13T02:30:00.000Z,Montana State,Nevada,Bovada,CLOSE_PROXY,5.5,51.5,155.0,-180.0,4,20260919T191803Z,20260923T233913Z
401864500,2,2026-09-13T02:30:00.000Z,Montana State,Nevada,Bovada,OPEN,3.5,49.5,,,4,20260919T191803Z,20260923T233913Z
401864500,2,2026-09-13T02:30:00.000Z,Montana State,Nevada,DraftKings,CLOSE_PROXY,4.5,51.5,170.0,-205.0,4,20260919T191803Z,20260923T233913Z
401864500,2,2026-09-13T02:30:00.000Z,Montana State,Nevada,DraftKings,CURRENT,3.5,49.5,140.0,-166.0,1,20260911T133017Z,20260911T133017Z
401864500,2,2026-09-13T02:30:00.000Z,Montana State,Nevada,DraftKings,OPEN,4.5,49.5,,,5,20260911T133017Z,20260923T233913Z
401864500,2,2026-09-13T02:30:00.000Z,Montana State,Nevada,DraftKings_Alt,CLOSE_PROXY,4.5,51.5,,,4,20260919T191803Z,20260923T233913Z
401858445,2,2026-09-13T03:00:00.000Z,Louisiana,USC,Bovada,CLOSE_PROXY,-31.0,58.5,-10000.0,1600.0,4,20260919T191803Z,20260923T233913Z
401858445,2,2026-09-13T03:00:00.000Z,Louisiana,USC,Bovada,CURRENT,-31.0,59.5,,,2,20260907T201130Z,20260911T133017Z
401858445,2,2026-09-13T03:00:00.000Z,Louisiana,USC,Bovada,OPEN,-31.0,60.0,,,6,20260907T201130Z,20260923T233913Z
401858445,2,2026-09-13T03:00:00.000Z,Louisiana,USC,DraftKings,CLOSE_PROXY,-30.5,58.5,-5000.0,1800.0,4,20260919T191803Z,20260923T233913Z
401858445,2,2026-09-13T03:00:00.000Z,Louisiana,USC,DraftKings,CURRENT,-31.5,60.5,-9000.0,2500.0,2,20260906T121248Z,20260911T133017Z
401858445,2,2026-09-13T03:00:00.000Z,Louisiana,USC,DraftKings,OPEN,-28.5,63.5,,,8,20260906T121248Z,20260923T233913Z
401858445,2,2026-09-13T03:00:00.000Z,Louisiana,USC,DraftKings_Alt,CLOSE_PROXY,-30.5,58.5,,,4,20260919T191803Z,20260923T233913Z
401864578,2,2026-09-13T03:59:00.000Z,New Mexico State,Hawai'i,Bovada,CLOSE_PROXY,-7.5,50.0,-410.0,305.0,4,20260919T191803Z,20260923T233913Z
401864578,2,2026-09-13T03:59:00.000Z,New Mexico State,Hawai'i,Bovada,CURRENT,-7.0,50.0,-410.0,305.0,2,20260907T201130Z,20260911T133017Z
401864578,2,2026-09-13T03:59:00.000Z,New Mexico State,Hawai'i,Bovada,OPEN,-10.0,50.5,,,6,20260907T201130Z,20260923T233913Z
401864578,2,2026-09-13T03:59:00.000Z,New Mexico State,Hawai'i,DraftKings,CLOSE_PROXY,-7.5,50.5,-298.0,240.0,4,20260919T191803Z,20260923T233913Z
401864578,2,2026-09-13T03:59:00.000Z,New Mexico State,Hawai'i,DraftKings,CURRENT,-7.0,50.5,-310.0,250.0,3,20260906T121248Z,20260911T133017Z
401864578,2,2026-09-13T03:59:00.000Z,New Mexico State,Hawai'i,DraftKings,OPEN,-11.5,51.5,,,8,20260906T121248Z,20260923T233913Z
401864578,2,2026-09-13T03:59:00.000Z,New Mexico State,Hawai'i,DraftKings_Alt,CLOSE_PROXY,-7.5,50.5,,,4,20260919T191803Z,20260923T233913Z
401858225,3,2026-09-17T23:30:00.000Z,Syracuse,Pittsburgh,Bovada,CLOSE_PROXY,-11.0,51.5,-450.0,335.0,4,20260919T191803Z,20260923T233913Z
401858225,3,2026-09-17T23:30:00.000Z,Syracuse,Pittsburgh,Bovada,OPEN,-11.0,51.0,,,4,20260919T191803Z,20260923T233913Z
401858225,3,2026-09-17T23:30:00.000Z,Syracuse,Pittsburgh,DraftKings,CLOSE_PROXY,-10.5,51.5,-425.0,330.0,4,20260919T191803Z,20260923T233913Z
401858225,3,2026-09-17T23:30:00.000Z,Syracuse,Pittsburgh,DraftKings,CURRENT,-10.5,59.5,-375.0,295.0,1,20260911T133017Z,20260911T133017Z
401858225,3,2026-09-17T23:30:00.000Z,Syracuse,Pittsburgh,DraftKings,OPEN,-10.5,59.5,,,5,20260911T133017Z,20260923T233913Z
401858225,3,2026-09-17T23:30:00.000Z,Syracuse,Pittsburgh,DraftKings_Alt,CLOSE_PROXY,-10.5,51.5,,,4,20260919T191803Z,20260923T233913Z
401858226,3,2026-09-18T23:30:00.000Z,Miami,Wake Forest,Bovada,CLOSE_PROXY,20.0,56.0,900.0,-1900.0,4,20260919T191803Z,20260923T233913Z
401858226,3,2026-09-18T23:30:00.000Z,Miami,Wake Forest,Bovada,OPEN,21.0,55.0,,,4,20260919T191803Z,20260923T233913Z
401858226,3,2026-09-18T23:30:00.000Z,Miami,Wake Forest,DraftKings,CLOSE_PROXY,20.5,55.5,900.0,-1600.0,4,20260919T191803Z,20260923T233913Z
401858226,3,2026-09-18T23:30:00.000Z,Miami,Wake Forest,DraftKings,CURRENT,19.5,52.5,750.0,-1200.0,1,20260911T133017Z,20260911T133017Z
401858226,3,2026-09-18T23:30:00.000Z,Miami,Wake Forest,DraftKings,OPEN,19.5,50.5,,,5,20260911T133017Z,20260923T233913Z
401858226,3,2026-09-18T23:30:00.000Z,Miami,Wake Forest,DraftKings_Alt,CLOSE_PROXY,20.5,55.5,,,4,20260919T191803Z,20260923T233913Z
401856811,3,2026-09-19T00:00:00.000Z,Houston,Texas Tech,Bovada,CLOSE_PROXY,-8.5,52.5,-300.0,270.0,4,20260919T191803Z,20260923T233913Z
401856811,3,2026-09-19T00:00:00.000Z,Houston,Texas Tech,Bovada,OPEN,-8.5,53.0,,,4,20260919T191803Z,20260923T233913Z
401856811,3,2026-09-19T00:00:00.000Z,Houston,Texas Tech,DraftKings,CLOSE_PROXY,-7.5,52.5,-310.0,250.0,4,20260919T191803Z,20260923T233913Z
401856811,3,2026-09-19T00:00:00.000Z,Houston,Texas Tech,DraftKings,CURRENT,-14.0,,,,3,20260906T121248Z,20260911T133017Z
401856811,3,2026-09-19T00:00:00.000Z,Houston,Texas Tech,DraftKings,OPEN,-13.5,,,,8,20260906T121248Z,20260923T233913Z
401856811,3,2026-09-19T00:00:00.000Z,Houston,Texas Tech,DraftKings_Alt,CLOSE_PROXY,-7.5,52.5,,,4,20260919T191803Z,20260923T233913Z
401858455,3,2026-09-19T02:30:00.000Z,Portland State,Oregon,Bovada,CLOSE_PROXY,-58.5,71.5,,,4,20260919T191803Z,20260923T233913Z
401858455,3,2026-09-19T02:30:00.000Z,Portland State,Oregon,Bovada,OPEN,-57.5,68.0,,,4,20260919T191803Z,20260923T233913Z
401858455,3,2026-09-19T02:30:00.000Z,Portland State,Oregon,DraftKings,CLOSE_PROXY,-58.5,71.5,,,4,20260919T191803Z,20260923T233913Z
401858455,3,2026-09-19T02:30:00.000Z,Portland State,Oregon,DraftKings,OPEN,-57.5,66.5,,,4,20260919T191803Z,20260923T233913Z
401858455,3,2026-09-19T02:30:00.000Z,Portland State,Oregon,DraftKings_Alt,CLOSE_PROXY,-58.5,71.5,,,4,20260919T191803Z,20260923T233913Z
401869940,3,2026-09-19T15:30:00.000Z,Coastal Carolina,Delaware,Bovada,CLOSE_PROXY,-5.5,56.5,-210.0,175.0,4,20260919T191803Z,20260923T233913Z
401869940,3,2026-09-19T15:30:00.000Z,Coastal Carolina,Delaware,Bovada,OPEN,-5.0,57.5,,,4,20260919T191803Z,20260923T233913Z
401869940,3,2026-09-19T15:30:00.000Z,Coastal Carolina,Delaware,DraftKings,CLOSE_PROXY,-4.5,56.5,-205.0,170.0,4,20260919T191803Z,20260923T233913Z
401869940,3,2026-09-19T15:30:00.000Z,Coastal Carolina,Delaware,DraftKings,OPEN,-4.5,58.5,,,4,20260919T191803Z,20260923T233913Z
401869940,3,2026-09-19T15:30:00.000Z,Coastal Carolina,Delaware,DraftKings_Alt,CLOSE_PROXY,-4.5,56.5,,,4,20260919T191803Z,20260923T233913Z
401856686,3,2026-09-19T16:00:00.000Z,Georgia,Arkansas,Bovada,CLOSE_PROXY,24.5,55.0,1100.0,-3300.0,2,20260923T233635Z,20260923T233913Z
401856686,3,2026-09-19T16:00:00.000Z,Georgia,Arkansas,Bovada,CURRENT,24.5,55.0,1100.0,-3300.0,2,20260919T191803Z,20260919T191841Z
401856686,3,2026-09-19T16:00:00.000Z,Georgia,Arkansas,Bovada,OPEN,24.5,54.0,,,4,20260919T191803Z,20260923T233913Z
401856686,3,2026-09-19T16:00:00.000Z,Georgia,Arkansas,DraftKings,CLOSE_PROXY,24.5,54.5,1300.0,-2800.0,2,20260923T233635Z,20260923T233913Z
401856686,3,2026-09-19T16:00:00.000Z,Georgia,Arkansas,DraftKings,CURRENT,24.5,54.5,1300.0,-2800.0,2,20260911T133017Z,20260919T191841Z
401856686,3,2026-09-19T16:00:00.000Z,Georgia,Arkansas,DraftKings,OPEN,17.5,52.5,,,5,20260911T133017Z,20260923T233913Z
401856686,3,2026-09-19T16:00:00.000Z,Georgia,Arkansas,DraftKings_Alt,CLOSE_PROXY,24.5,54.5,,,2,20260923T233635Z,20260923T233913Z
401856792,3,2026-09-19T16:00:00.000Z,Tulane,Kansas State,Bovada,CLOSE_PROXY,-20.5,49.5,-1300.0,725.0,4,20260919T191803Z,20260923T233913Z
401856792,3,2026-09-19T16:00:00.000Z,Tulane,Kansas State,Bovada,OPEN,-19.5,49.5,,,4,20260919T191803Z,20260923T233913Z
401856792,3,2026-09-19T16:00:00.000Z,Tulane,Kansas State,DraftKings,CLOSE_PROXY,-20.5,49.5,-1450.0,850.0,4,20260919T191803Z,20260923T233913Z
401856792,3,2026-09-19T16:00:00.000Z,Tulane,Kansas State,DraftKings,OPEN,-20.5,49.5,,,4,20260919T191803Z,20260923T233913Z
401856792,3,2026-09-19T16:00:00.000Z,Tulane,Kansas State,DraftKings_Alt,CLOSE_PROXY,-20.5,49.5,,,4,20260919T191803Z,20260923T233913Z
401856798,3,2026-09-19T16:00:00.000Z,Bowling Green,Iowa State,Bovada,CLOSE_PROXY,-23.0,43.5,-2200.0,1000.0,2,20260923T233635Z,20260923T233913Z
401856798,3,2026-09-19T16:00:00.000Z,Bowling Green,Iowa State,Bovada,CURRENT,-23.0,43.5,-2200.0,1000.0,2,20260919T191803Z,20260919T191841Z
401856798,3,2026-09-19T16:00:00.000Z,Bowling Green,Iowa State,Bovada,OPEN,-23.0,46.0,,,4,20260919T191803Z,20260923T233913Z
401856798,3,2026-09-19T16:00:00.000Z,Bowling Green,Iowa State,DraftKings,CLOSE_PROXY,-23.5,43.5,-2400.0,1200.0,2,20260923T233635Z,20260923T233913Z
401856798,3,2026-09-19T16:00:00.000Z,Bowling Green,Iowa State,DraftKings,CURRENT,-23.5,43.5,-2400.0,1200.0,2,20260919T191803Z,20260919T191841Z
401856798,3,2026-09-19T16:00:00.000Z,Bowling Green,Iowa State,DraftKings,OPEN,-22.5,45.5,,,4,20260919T191803Z,20260923T233913Z
401856798,3,2026-09-19T16:00:00.000Z,Bowling Green,Iowa State,DraftKings_Alt,CLOSE_PROXY,-22.5,43.5,,,2,20260923T233635Z,20260923T233913Z
401856812,3,2026-09-19T16:00:00.000Z,Arizona State,Kansas,Bovada,CLOSE_PROXY,5.0,51.0,190.0,-230.0,2,20260923T233635Z,20260923T233913Z
401856812,3,2026-09-19T16:00:00.000Z,Arizona State,Kansas,Bovada,CURRENT,5.0,51.0,190.0,-230.0,2,20260919T191803Z,20260919T191841Z
401856812,3,2026-09-19T16:00:00.000Z,Arizona State,Kansas,Bovada,OPEN,6.5,53.0,,,4,20260919T191803Z,20260923T233913Z
401856812,3,2026-09-19T16:00:00.000Z,Arizona State,Kansas,DraftKings,CLOSE_PROXY,5.5,51.5,180.0,-218.0,2,20260923T233635Z,20260923T233913Z
401856812,3,2026-09-19T16:00:00.000Z,Arizona State,Kansas,DraftKings,CURRENT,5.5,51.5,180.0,-218.0,2,20260919T191803Z,20260919T191841Z
401856812,3,2026-09-19T16:00:00.000Z,Arizona State,Kansas,DraftKings,OPEN,5.5,56.5,,,4,20260919T191803Z,20260923T233913Z
401856812,3,2026-09-19T16:00:00.000Z,Arizona State,Kansas,DraftKings_Alt,CLOSE_PROXY,5.5,50.5,,,2,20260923T233635Z,20260923T233913Z
401858228,3,2026-09-19T16:00:00.000Z,Mercer,Georgia Tech,Bovada,CLOSE_PROXY,-38.5,57.5,,,4,20260919T191803Z,20260923T233913Z
401858228,3,2026-09-19T16:00:00.000Z,Mercer,Georgia Tech,Bovada,OPEN,-38.5,59.5,,,4,20260919T191803Z,20260923T233913Z
401858228,3,2026-09-19T16:00:00.000Z,Mercer,Georgia Tech,DraftKings,CLOSE_PROXY,-38.5,57.5,,,4,20260919T191803Z,20260923T233913Z
401858228,3,2026-09-19T16:00:00.000Z,Mercer,Georgia Tech,DraftKings,OPEN,-38.5,58.5,,,4,20260919T191803Z,20260923T233913Z
401858228,3,2026-09-19T16:00:00.000Z,Mercer,Georgia Tech,DraftKings_Alt,CLOSE_PROXY,-38.5,58.5,,,4,20260919T191803Z,20260923T233913Z
401858229,3,2026-09-19T16:00:00.000Z,North Carolina,Clemson,Bovada,CLOSE_PROXY,-3.0,44.5,-170.0,135.0,2,20260923T233635Z,20260923T233913Z
401858229,3,2026-09-19T16:00:00.000Z,North Carolina,Clemson,Bovada,CURRENT,-3.0,44.5,-170.0,135.0,2,20260919T191803Z,20260919T191841Z
401858229,3,2026-09-19T16:00:00.000Z,North Carolina,Clemson,Bovada,OPEN,-3.0,44.5,,,4,20260919T191803Z,20260923T233913Z
401858229,3,2026-09-19T16:00:00.000Z,North Carolina,Clemson,DraftKings,CLOSE_PROXY,-3.0,44.5,-148.0,124.0,2,20260923T233635Z,20260923T233913Z
401858229,3,2026-09-19T16:00:00.000Z,North Carolina,Clemson,DraftKings,CURRENT,-3.0,44.5,-148.0,124.0,3,20260911T133017Z,20260919T191841Z
401858229,3,2026-09-19T16:00:00.000Z,North Carolina,Clemson,DraftKings,OPEN,-9.5,44.5,,,5,20260911T133017Z,20260923T233913Z
401858229,3,2026-09-19T16:00:00.000Z,North Carolina,Clemson,DraftKings_Alt,CLOSE_PROXY,-3.0,44.5,,,2,20260923T233635Z,20260923T233913Z
401858451,3,2026-09-19T16:00:00.000Z,Akron,Minnesota,Bovada,CLOSE_PROXY,-22.5,48.5,-5000.0,1300.0,2,20260923T233635Z,20260923T233913Z
401858451,3,2026-09-19T16:00:00.000Z,Akron,Minnesota,Bovada,CURRENT,-22.5,48.5,-5000.0,1300.0,2,20260919T191803Z,20260919T191841Z
401858451,3,2026-09-19T16:00:00.000Z,Akron,Minnesota,Bovada,OPEN,-26.5,49.0,,,4,20260919T191803Z,20260923T233913Z
401858451,3,2026-09-19T16:00:00.000Z,Akron,Minnesota,DraftKings,CLOSE_PROXY,-22.5,48.5,-3200.0,1400.0,2,20260923T233635Z,20260923T233913Z
401858451,3,2026-09-19T16:00:00.000Z,Akron,Minnesota,DraftKings,CURRENT,-22.5,48.5,-3200.0,1400.0,2,20260919T191803Z,20260919T191841Z
401858451,3,2026-09-19T16:00:00.000Z,Akron,Minnesota,DraftKings,OPEN,-26.5,48.5,,,4,20260919T191803Z,20260923T233913Z
401858451,3,2026-09-19T16:00:00.000Z,Akron,Minnesota,DraftKings_Alt,CLOSE_PROXY,-22.5,48.5,,,2,20260923T233635Z,20260923T233913Z
401858454,3,2026-09-19T16:00:00.000Z,Kent State,Ohio State,Bovada,CLOSE_PROXY,-52.0,59.0,,,2,20260923T233635Z,20260923T233913Z
401858454,3,2026-09-19T16:00:00.000Z,Kent State,Ohio State,Bovada,CURRENT,-52.0,59.0,,,2,20260919T191803Z,20260919T191841Z
401858454,3,2026-09-19T16:00:00.000Z,Kent State,Ohio State,Bovada,OPEN,-53.0,58.5,,,4,20260919T191803Z,20260923T233913Z
401858454,3,2026-09-19T16:00:00.000Z,Kent State,Ohio State,DraftKings,CLOSE_PROXY,-52.5,58.5,,,2,20260923T233635Z,20260923T233913Z
401858454,3,2026-09-19T16:00:00.000Z,Kent State,Ohio State,DraftKings,CURRENT,-52.5,58.5,,,2,20260919T191803Z,20260919T191841Z
401858454,3,2026-09-19T16:00:00.000Z,Kent State,Ohio State,DraftKings,OPEN,-52.5,56.5,,,4,20260919T191803Z,20260923T233913Z
401858454,3,2026-09-19T16:00:00.000Z,Kent State,Ohio State,DraftKings_Alt,CLOSE_PROXY,-52.5,58.5,,,2,20260923T233635Z,20260923T233913Z
401858456,3,2026-09-19T16:00:00.000Z,Buffalo,Penn State,Bovada,CLOSE_PROXY,-40.0,48.0,,,2,20260923T233635Z,20260923T233913Z
401858456,3,2026-09-19T16:00:00.000Z,Buffalo,Penn State,Bovada,CURRENT,-40.0,48.0,,,2,20260919T191803Z,20260919T191841Z
401858456,3,2026-09-19T16:00:00.000Z,Buffalo,Penn State,Bovada,OPEN,-38.5,47.5,,,4,20260919T191803Z,20260923T233913Z
401858456,3,2026-09-19T16:00:00.000Z,Buffalo,Penn State,DraftKings,CLOSE_PROXY,-39.5,48.5,,,2,20260923T233635Z,20260923T233913Z
401858456,3,2026-09-19T16:00:00.000Z,Buffalo,Penn State,DraftKings,CURRENT,-39.5,48.5,,,2,20260919T191803Z,20260919T191841Z
401858456,3,2026-09-19T16:00:00.000Z,Buffalo,Penn State,DraftKings,OPEN,-39.5,48.5,,,4,20260919T191803Z,20260923T233913Z
401858456,3,2026-09-19T16:00:00.000Z,Buffalo,Penn State,DraftKings_Alt,CLOSE_PROXY,-39.5,48.5,,,2,20260923T233635Z,20260923T233913Z
401860889,3,2026-09-19T16:00:00.000Z,North Texas,Texas State,Bovada,CLOSE_PROXY,-3.0,62.5,-150.0,130.0,2,20260923T233635Z,20260923T233913Z
401860889,3,2026-09-19T16:00:00.000Z,North Texas,Texas State,Bovada,CURRENT,-3.0,62.5,-150.0,130.0,2,20260919T191803Z,20260919T191841Z
401860889,3,2026-09-19T16:00:00.000Z,North Texas,Texas State,Bovada,OPEN,-3.0,63.5,,,4,20260919T191803Z,20260923T233913Z
401860889,3,2026-09-19T16:00:00.000Z,North Texas,Texas State,DraftKings,CLOSE_PROXY,-3.0,62.5,-142.0,120.0,2,20260923T233635Z,20260923T233913Z
401860889,3,2026-09-19T16:00:00.000Z,North Texas,Texas State,DraftKings,CURRENT,-3.0,62.5,-142.0,120.0,2,20260919T191803Z,20260919T191841Z
401860889,3,2026-09-19T16:00:00.000Z,North Texas,Texas State,DraftKings,OPEN,-3.0,63.5,,,4,20260919T191803Z,20260923T233913Z
401860889,3,2026-09-19T16:00:00.000Z,North Texas,Texas State,DraftKings_Alt,CLOSE_PROXY,-3.0,62.5,,,2,20260923T233635Z,20260923T233913Z
401858460,3,2026-09-19T16:30:00.000Z,Eastern Michigan,Wisconsin,Bovada,CLOSE_PROXY,-23.5,44.0,-3300.0,1100.0,2,20260923T233635Z,20260923T233913Z
401858460,3,2026-09-19T16:30:00.000Z,Eastern Michigan,Wisconsin,Bovada,CURRENT,-23.5,44.0,-3300.0,1100.0,2,20260919T191803Z,20260919T191841Z
401858460,3,2026-09-19T16:30:00.000Z,Eastern Michigan,Wisconsin,Bovada,OPEN,-24.5,46.0,,,4,20260919T191803Z,20260923T233913Z
401858460,3,2026-09-19T16:30:00.000Z,Eastern Michigan,Wisconsin,DraftKings,CLOSE_PROXY,-23.5,43.5,-2400.0,1200.0,2,20260923T233635Z,20260923T233913Z
401858460,3,2026-09-19T16:30:00.000Z,Eastern Michigan,Wisconsin,DraftKings,CURRENT,-23.5,43.5,-2400.0,1200.0,2,20260919T191803Z,20260919T191841Z
401858460,3,2026-09-19T16:30:00.000Z,Eastern Michigan,Wisconsin,DraftKings,OPEN,-24.5,45.5,,,4,20260919T191803Z,20260923T233913Z
401858460,3,2026-09-19T16:30:00.000Z,Eastern Michigan,Wisconsin,DraftKings_Alt,CLOSE_PROXY,-23.5,43.5,,,2,20260923T233635Z,20260923T233913Z
401856695,3,2026-09-19T16:45:00.000Z,NC State,Vanderbilt,Bovada,CLOSE_PROXY,-3.0,50.5,-185.0,160.0,2,20260923T233635Z,20260923T233913Z
401856695,3,2026-09-19T16:45:00.000Z,NC State,Vanderbilt,Bovada,CURRENT,-3.0,50.5,-185.0,160.0,2,20260919T191803Z,20260919T191841Z
401856695,3,2026-09-19T16:45:00.000Z,NC State,Vanderbilt,Bovada,OPEN,-4.0,52.5,,,4,20260919T191803Z,20260923T233913Z
401856695,3,2026-09-19T16:45:00.000Z,NC State,Vanderbilt,DraftKings,CLOSE_PROXY,-3.0,50.5,-155.0,130.0,2,20260923T233635Z,20260923T233913Z
401856695,3,2026-09-19T16:45:00.000Z,NC State,Vanderbilt,DraftKings,CURRENT,-3.0,50.5,-155.0,130.0,2,20260919T191803Z,20260919T191841Z
401856695,3,2026-09-19T16:45:00.000Z,NC State,Vanderbilt,DraftKings,OPEN,-4.0,54.5,,,4,20260919T191803Z,20260923T233913Z
401856695,3,2026-09-19T16:45:00.000Z,NC State,Vanderbilt,DraftKings_Alt,CLOSE_PROXY,-3.0,50.5,,,2,20260923T233635Z,20260923T233913Z
401864508,3,2026-09-19T17:00:00.000Z,Wyoming,Central Michigan,Bovada,CLOSE_PROXY,2.0,40.0,-120.0,100.0,2,20260923T233635Z,20260923T233913Z
401864508,3,2026-09-19T17:00:00.000Z,Wyoming,Central Michigan,Bovada,CURRENT,2.0,40.0,-120.0,100.0,2,20260919T191803Z,20260919T191841Z
401864508,3,2026-09-19T17:00:00.000Z,Wyoming,Central Michigan,Bovada,OPEN,-1.5,39.5,,,4,20260919T191803Z,20260923T233913Z
401864508,3,2026-09-19T17:00:00.000Z,Wyoming,Central Michigan,DraftKings,CLOSE_PROXY,1.5,39.5,102.0,-122.0,2,20260923T233635Z,20260923T233913Z
401864508,3,2026-09-19T17:00:00.000Z,Wyoming,Central Michigan,DraftKings,CURRENT,1.5,39.5,102.0,-122.0,2,20260919T191803Z,20260919T191841Z
401864508,3,2026-09-19T17:00:00.000Z,Wyoming,Central Michigan,DraftKings,OPEN,-2.5,39.5,,,4,20260919T191803Z,20260923T233913Z
401864508,3,2026-09-19T17:00:00.000Z,Wyoming,Central Michigan,DraftKings_Alt,CLOSE_PROXY,1.5,39.5,,,2,20260923T233635Z,20260923T233913Z
401858227,3,2026-09-19T18:00:00.000Z,Maine,Boston College,Bovada,CLOSE_PROXY,-37.5,54.5,,,2,20260923T233635Z,20260923T233913Z
401858227,3,2026-09-19T18:00:00.000Z,Maine,Boston College,Bovada,CURRENT,-37.5,54.5,,,2,20260919T191803Z,20260919T191841Z
401858227,3,2026-09-19T18:00:00.000Z,Maine,Boston College,Bovada,OPEN,-38.5,53.5,,,4,20260919T191803Z,20260923T233913Z
401858227,3,2026-09-19T18:00:00.000Z,Maine,Boston College,DraftKings,CLOSE_PROXY,-37.5,54.5,,,2,20260923T233635Z,20260923T233913Z
401858227,3,2026-09-19T18:00:00.000Z,Maine,Boston College,DraftKings,CURRENT,-37.5,54.5,,,2,20260919T191803Z,20260919T191841Z
401858227,3,2026-09-19T18:00:00.000Z,Maine,Boston College,DraftKings,OPEN,-38.5,53.5,,,4,20260919T191803Z,20260923T233913Z
401858227,3,2026-09-19T18:00:00.000Z,Maine,Boston College,DraftKings_Alt,CLOSE_PROXY,-37.5,54.5,,,2,20260923T233635Z,20260923T233913Z
401858448,3,2026-09-19T18:00:00.000Z,Southern Illinois,Illinois,Bovada,CLOSE_PROXY,-35.0,55.5,,,2,20260923T233635Z,20260923T233913Z
401858448,3,2026-09-19T18:00:00.000Z,Southern Illinois,Illinois,Bovada,CURRENT,-35.0,55.5,,,2,20260919T191803Z,20260919T191841Z
401858448,3,2026-09-19T18:00:00.000Z,Southern Illinois,Illinois,Bovada,OPEN,-38.5,55.5,,,4,20260919T191803Z,20260923T233913Z
401858448,3,2026-09-19T18:00:00.000Z,Southern Illinois,Illinois,DraftKings,CLOSE_PROXY,-34.5,55.5,,,2,20260923T233635Z,20260923T233913Z
401858448,3,2026-09-19T18:00:00.000Z,Southern Illinois,Illinois,DraftKings,CURRENT,-34.5,55.5,,,2,20260919T191803Z,20260919T191841Z
401858448,3,2026-09-19T18:00:00.000Z,Southern Illinois,Illinois,DraftKings,OPEN,-41.5,54.5,,,4,20260919T191803Z,20260923T233913Z
401858448,3,2026-09-19T18:00:00.000Z,Southern Illinois,Illinois,DraftKings_Alt,CLOSE_PROXY,-34.5,55.5,,,2,20260923T233635Z,20260923T233913Z
401862774,3,2026-09-19T19:00:00.000Z,Temple,Toledo,Bovada,CLOSE_PROXY,-5.0,48.5,-210.0,175.0,2,20260923T233635Z,20260923T233913Z
401862774,3,2026-09-19T19:00:00.000Z,Temple,Toledo,Bovada,CURRENT,-5.0,48.5,-210.0,175.0,2,20260919T191803Z,20260919T191841Z
401862774,3,2026-09-19T19:00:00.000Z,Temple,Toledo,Bovada,OPEN,-5.0,51.0,,,4,20260919T191803Z,20260923T233913Z
401862774,3,2026-09-19T19:00:00.000Z,Temple,Toledo,DraftKings,CLOSE_PROXY,-4.5,48.5,-205.0,170.0,2,20260923T233635Z,20260923T233913Z
401862774,3,2026-09-19T19:00:00.000Z,Temple,Toledo,DraftKings,CURRENT,-4.5,48.5,-205.0,170.0,2,20260919T191803Z,20260919T191841Z
401862774,3,2026-09-19T19:00:00.000Z,Temple,Toledo,DraftKings,OPEN,-4.0,52.5,,,4,20260919T191803Z,20260923T233913Z
401862774,3,2026-09-19T19:00:00.000Z,Temple,Toledo,DraftKings_Alt,CLOSE_PROXY,-4.5,48.5,,,2,20260923T233635Z,20260923T233913Z
401856685,3,2026-09-19T19:30:00.000Z,Florida State,Alabama,Bovada,CLOSE_PROXY,-18.5,50.0,-1500.0,775.0,2,20260923T233635Z,20260923T233913Z
401856685,3,2026-09-19T19:30:00.000Z,Florida State,Alabama,Bovada,CURRENT,-18.0,50.0,-1500.0,775.0,2,20260919T191803Z,20260919T191841Z
401856685,3,2026-09-19T19:30:00.000Z,Florida State,Alabama,Bovada,OPEN,-20.5,49.0,,,4,20260919T191803Z,20260923T233913Z
401856685,3,2026-09-19T19:30:00.000Z,Florida State,Alabama,DraftKings,CLOSE_PROXY,-18.5,49.5,-1350.0,800.0,2,20260923T233635Z,20260923T233913Z
401856685,3,2026-09-19T19:30:00.000Z,Florida State,Alabama,DraftKings,CURRENT,-18.5,49.5,-1350.0,800.0,3,20260906T121248Z,20260919T191841Z
401856685,3,2026-09-19T19:30:00.000Z,Florida State,Alabama,DraftKings,OPEN,-15.5,52.5,,,8,20260906T121248Z,20260923T233913Z
401856685,3,2026-09-19T19:30:00.000Z,Florida State,Alabama,DraftKings_Alt,CLOSE_PROXY,-18.5,50.5,,,2,20260923T233635Z,20260923T233913Z
401856694,3,2026-09-19T19:30:00.000Z,Kentucky,Texas A&M,Bovada,CLOSE_PROXY,-16.5,48.5,-750.0,500.0,2,20260923T233635Z,20260923T233913Z
401856694,3,2026-09-19T19:30:00.000Z,Kentucky,Texas A&M,Bovada,CURRENT,-16.5,49.5,-750.0,500.0,2,20260919T191803Z,20260919T191841Z
401856694,3,2026-09-19T19:30:00.000Z,Kentucky,Texas A&M,Bovada,OPEN,-16.0,49.0,,,4,20260919T191803Z,20260923T233913Z
401856694,3,2026-09-19T19:30:00.000Z,Kentucky,Texas A&M,DraftKings,CLOSE_PROXY,-16.5,49.5,-850.0,575.0,2,20260923T233635Z,20260923T233913Z
401856694,3,2026-09-19T19:30:00.000Z,Kentucky,Texas A&M,DraftKings,CURRENT,-16.5,49.5,-850.0,575.0,2,20260919T191803Z,20260919T191841Z
401856694,3,2026-09-19T19:30:00.000Z,Kentucky,Texas A&M,DraftKings,OPEN,-15.5,48.5,,,4,20260919T191803Z,20260923T233913Z
401856694,3,2026-09-19T19:30:00.000Z,Kentucky,Texas A&M,DraftKings_Alt,CLOSE_PROXY,-16.5,48.5,,,2,20260923T233635Z,20260923T233913Z
401856797,3,2026-09-19T19:30:00.000Z,Miami (OH),Cincinnati,Bovada,CLOSE_PROXY,-14.5,50.0,-675.0,460.0,2,20260923T233635Z,20260923T233913Z
401856797,3,2026-09-19T19:30:00.000Z,Miami (OH),Cincinnati,Bovada,CURRENT,-14.5,50.0,-675.0,460.0,2,20260919T191803Z,20260919T191841Z
401856797,3,2026-09-19T19:30:00.000Z,Miami (OH),Cincinnati,Bovada,OPEN,-14.5,51.0,,,4,20260919T191803Z,20260923T233913Z
401856797,3,2026-09-19T19:30:00.000Z,Miami (OH),Cincinnati,DraftKings,CLOSE_PROXY,-14.5,50.5,-650.0,470.0,2,20260923T233635Z,20260923T233913Z
401856797,3,2026-09-19T19:30:00.000Z,Miami (OH),Cincinnati,DraftKings,CURRENT,-14.5,50.5,-650.0,470.0,2,20260919T191803Z,20260919T191841Z
401856797,3,2026-09-19T19:30:00.000Z,Miami (OH),Cincinnati,DraftKings,OPEN,-15.5,49.5,,,4,20260919T191803Z,20260923T233913Z
401856797,3,2026-09-19T19:30:00.000Z,Miami (OH),Cincinnati,DraftKings_Alt,CLOSE_PROXY,-14.5,50.5,,,2,20260923T233635Z,20260923T233913Z
401856801,3,2026-09-19T19:30:00.000Z,Utah State,Utah,Bovada,CLOSE_PROXY,-26.0,56.0,-7000.0,1300.0,2,20260923T233635Z,20260923T233913Z
401856801,3,2026-09-19T19:30:00.000Z,Utah State,Utah,Bovada,CURRENT,-26.0,56.0,-7000.0,1300.0,2,20260919T191803Z,20260919T191841Z
401856801,3,2026-09-19T19:30:00.000Z,Utah State,Utah,Bovada,OPEN,-28.0,57.0,,,4,20260919T191803Z,20260923T233913Z
401856801,3,2026-09-19T19:30:00.000Z,Utah State,Utah,DraftKings,CLOSE_PROXY,-26.5,55.5,-4500.0,1700.0,2,20260923T233635Z,20260923T233913Z
401856801,3,2026-09-19T19:30:00.000Z,Utah State,Utah,DraftKings,CURRENT,-26.5,55.5,-4500.0,1700.0,2,20260919T191803Z,20260919T191841Z
401856801,3,2026-09-19T19:30:00.000Z,Utah State,Utah,DraftKings,OPEN,-27.5,57.5,,,4,20260919T191803Z,20260923T233913Z
401856801,3,2026-09-19T19:30:00.000Z,Utah State,Utah,DraftKings_Alt,CLOSE_PROXY,-26.5,55.5,,,2,20260923T233635Z,20260923T233913Z
401858230,3,2026-09-19T19:30:00.000Z,SMU,Louisville,Bovada,CLOSE_PROXY,-3.0,57.5,-115.0,-105.0,2,20260923T233635Z,20260923T233913Z
401858230,3,2026-09-19T19:30:00.000Z,SMU,Louisville,Bovada,CURRENT,-3.0,57.5,-115.0,-105.0,2,20260919T191803Z,20260919T191841Z
401858230,3,2026-09-19T19:30:00.000Z,SMU,Louisville,Bovada,OPEN,-1.0,59.5,,,4,20260919T191803Z,20260923T233913Z
401858230,3,2026-09-19T19:30:00.000Z,SMU,Louisville,DraftKings,CLOSE_PROXY,-3.0,57.5,-142.0,120.0,2,20260923T233635Z,20260923T233913Z
401858230,3,2026-09-19T19:30:00.000Z,SMU,Louisville,DraftKings,CURRENT,-3.0,57.5,-142.0,120.0,4,20260906T121248Z,20260919T191841Z
401858230,3,2026-09-19T19:30:00.000Z,SMU,Louisville,DraftKings,OPEN,-1.5,56.5,,,8,20260906T121248Z,20260923T233913Z
401858230,3,2026-09-19T19:30:00.000Z,SMU,Louisville,DraftKings_Alt,CLOSE_PROXY,-3.0,57.5,,,2,20260923T233635Z,20260923T233913Z
401858233,3,2026-09-19T19:30:00.000Z,Wagner,California,Bovada,CLOSE_PROXY,-57.5,65.0,,,2,20260923T233635Z,20260923T233913Z
401858233,3,2026-09-19T19:30:00.000Z,Wagner,California,Bovada,CURRENT,-57.5,65.0,,,2,20260919T191803Z,20260919T191841Z
401858233,3,2026-09-19T19:30:00.000Z,Wagner,California,Bovada,OPEN,-57.5,65.0,,,4,20260919T191803Z,20260923T233913Z
401858233,3,2026-09-19T19:30:00.000Z,Wagner,California,DraftKings,CLOSE_PROXY,-58.5,65.5,,,2,20260923T233635Z,20260923T233913Z
401858233,3,2026-09-19T19:30:00.000Z,Wagner,California,DraftKings,CURRENT,-58.5,65.5,,,2,20260919T191803Z,20260919T191841Z
401858233,3,2026-09-19T19:30:00.000Z,Wagner,California,DraftKings,OPEN,-58.5,65.5,,,4,20260919T191803Z,20260923T233913Z
401858233,3,2026-09-19T19:30:00.000Z,Wagner,California,DraftKings_Alt,CLOSE_PROXY,-58.5,65.5,,,2,20260923T233635Z,20260923T233913Z
401858450,3,2026-09-19T19:30:00.000Z,UTEP,Michigan,Bovada,CLOSE_PROXY,-34.5,48.5,,,2,20260923T233635Z,20260923T233913Z
401858450,3,2026-09-19T19:30:00.000Z,UTEP,Michigan,Bovada,CURRENT,-34.5,48.5,,,2,20260919T191803Z,20260919T191841Z
401858450,3,2026-09-19T19:30:00.000Z,UTEP,Michigan,Bovada,OPEN,-37.0,49.5,,,4,20260919T191803Z,20260923T233913Z
401858450,3,2026-09-19T19:30:00.000Z,UTEP,Michigan,DraftKings,CLOSE_PROXY,-34.5,48.5,,,2,20260923T233635Z,20260923T233913Z
401858450,3,2026-09-19T19:30:00.000Z,UTEP,Michigan,DraftKings,CURRENT,-34.5,48.5,,,2,20260919T191803Z,20260919T191841Z
401858450,3,2026-09-19T19:30:00.000Z,UTEP,Michigan,DraftKings,OPEN,-36.5,49.5,,,4,20260919T191803Z,20260923T233913Z
401858450,3,2026-09-19T19:30:00.000Z,UTEP,Michigan,DraftKings_Alt,CLOSE_PROXY,-34.5,48.5,,,2,20260923T233635Z,20260923T233913Z
401858457,3,2026-09-19T19:30:00.000Z,USC,Rutgers,Bovada,CLOSE_PROXY,21.0,58.5,1100.0,-3300.0,2,20260923T233635Z,20260923T233913Z
401858457,3,2026-09-19T19:30:00.000Z,USC,Rutgers,Bovada,CURRENT,21.0,59.0,1100.0,-3300.0,2,20260919T191803Z,20260919T191841Z
401858457,3,2026-09-19T19:30:00.000Z,USC,Rutgers,Bovada,OPEN,24.5,57.5,,,4,20260919T191803Z,20260923T233913Z
401858457,3,2026-09-19T19:30:00.000Z,USC,Rutgers,DraftKings,CLOSE_PROXY,21.0,58.5,1100.0,-2100.0,2,20260923T233635Z,20260923T233913Z
401858457,3,2026-09-19T19:30:00.000Z,USC,Rutgers,DraftKings,CURRENT,21.0,58.5,1100.0,-2100.0,2,20260919T191803Z,20260919T191841Z
401858457,3,2026-09-19T19:30:00.000Z,USC,Rutgers,DraftKings,OPEN,24.5,57.5,,,4,20260919T191803Z,20260923T233913Z
401858457,3,2026-09-19T19:30:00.000Z,USC,Rutgers,DraftKings_Alt,CLOSE_PROXY,21.0,59.5,,,2,20260923T233635Z,20260923T233913Z
401860890,3,2026-09-19T19:30:00.000Z,Duquesne,Washington State,Bovada,CLOSE_PROXY,-38.5,52.5,,,2,20260923T233635Z,20260923T233913Z
401860890,3,2026-09-19T19:30:00.000Z,Duquesne,Washington State,Bovada,CURRENT,-38.5,52.5,,,2,20260919T191803Z,20260919T191841Z
401860890,3,2026-09-19T19:30:00.000Z,Duquesne,Washington State,Bovada,OPEN,-38.5,54.0,,,4,20260919T191803Z,20260923T233913Z
401860890,3,2026-09-19T19:30:00.000Z,Duquesne,Washington State,DraftKings,CLOSE_PROXY,-38.5,51.5,,,2,20260923T233635Z,20260923T233913Z
401860890,3,2026-09-19T19:30:00.000Z,Duquesne,Washington State,DraftKings,CURRENT,-38.5,51.5,,,2,20260919T191803Z,20260919T191841Z
401860890,3,2026-09-19T19:30:00.000Z,Duquesne,Washington State,DraftKings,OPEN,-37.5,53.5,,,4,20260919T191803Z,20260923T233913Z
401860890,3,2026-09-19T19:30:00.000Z,Duquesne,Washington State,DraftKings_Alt,CLOSE_PROXY,-38.5,51.5,,,2,20260923T233635Z,20260923T233913Z
401866424,3,2026-09-19T19:30:00.000Z,Stonehill,Massachusetts,Bovada,CLOSE_PROXY,-31.0,51.0,,,2,20260923T233635Z,20260923T233913Z
401866424,3,2026-09-19T19:30:00.000Z,Stonehill,Massachusetts,Bovada,CURRENT,-31.0,51.0,,,2,20260919T191803Z,20260919T191841Z
401866424,3,2026-09-19T19:30:00.000Z,Stonehill,Massachusetts,Bovada,OPEN,-33.5,50.5,,,4,20260919T191803Z,20260923T233913Z
401866424,3,2026-09-19T19:30:00.000Z,Stonehill,Massachusetts,DraftKings,CLOSE_PROXY,-30.5,50.5,,,2,20260923T233635Z,20260923T233913Z
401866424,3,2026-09-19T19:30:00.000Z,Stonehill,Massachusetts,DraftKings,CURRENT,-30.5,50.5,,,2,20260919T191803Z,20260919T191841Z
401866424,3,2026-09-19T19:30:00.000Z,Stonehill,Massachusetts,DraftKings,OPEN,-33.5,49.5,,,4,20260919T191803Z,20260923T233913Z
401866424,3,2026-09-19T19:30:00.000Z,Stonehill,Massachusetts,DraftKings_Alt,CLOSE_PROXY,-30.5,50.5,,,2,20260923T233635Z,20260923T233913Z
401858231,3,2026-09-19T20:00:00.000Z,Stanford,Duke,Bovada,CLOSE_PROXY,-10.0,51.5,-370.0,285.0,2,20260923T233635Z,20260923T233913Z
401858231,3,2026-09-19T20:00:00.000Z,Stanford,Duke,Bovada,CURRENT,-10.0,51.0,-370.0,285.0,2,20260919T191803Z,20260919T191841Z
401858231,3,2026-09-19T20:00:00.000Z,Stanford,Duke,Bovada,OPEN,-9.5,51.0,,,4,20260919T191803Z,20260923T233913Z
401858231,3,2026-09-19T20:00:00.000Z,Stanford,Duke,DraftKings,CLOSE_PROXY,-9.5,51.5,-375.0,295.0,2,20260923T233635Z,20260923T233913Z
401858231,3,2026-09-19T20:00:00.000Z,Stanford,Duke,DraftKings,CURRENT,-9.5,51.5,-375.0,295.0,2,20260919T191803Z,20260919T191841Z
401858231,3,2026-09-19T20:00:00.000Z,Stanford,Duke,DraftKings,OPEN,-10.0,50.5,,,4,20260919T191803Z,20260923T233913Z
401858231,3,2026-09-19T20:00:00.000Z,Stanford,Duke,DraftKings_Alt,CLOSE_PROXY,-9.5,51.5,,,2,20260923T233635Z,20260923T233913Z
401858449,3,2026-09-19T20:00:00.000Z,Western Kentucky,Indiana,Bovada,CLOSE_PROXY,-45.0,59.0,,,2,20260923T233635Z,20260923T233913Z
401858449,3,2026-09-19T20:00:00.000Z,Western Kentucky,Indiana,Bovada,CURRENT,-44.5,60.5,,,2,20260919T191803Z,20260919T191841Z
401858449,3,2026-09-19T20:00:00.000Z,Western Kentucky,Indiana,Bovada,OPEN,-44.0,59.5,,,4,20260919T191803Z,20260923T233913Z
401858449,3,2026-09-19T20:00:00.000Z,Western Kentucky,Indiana,DraftKings,CLOSE_PROXY,-44.5,59.5,,,2,20260923T233635Z,20260923T233913Z
401858449,3,2026-09-19T20:00:00.000Z,Western Kentucky,Indiana,DraftKings,CURRENT,-44.5,59.5,,,2,20260919T191803Z,20260919T191841Z
401858449,3,2026-09-19T20:00:00.000Z,Western Kentucky,Indiana,DraftKings,OPEN,-44.5,59.5,,,4,20260919T191803Z,20260923T233913Z
401858449,3,2026-09-19T20:00:00.000Z,Western Kentucky,Indiana,DraftKings_Alt,CLOSE_PROXY,-44.5,59.5,,,2,20260923T233635Z,20260923T233913Z
401858471,3,2026-09-19T20:00:00.000Z,Northern Iowa,Iowa,Bovada,CLOSE_PROXY,-37.5,49.0,,,2,20260923T233635Z,20260923T233913Z
401858471,3,2026-09-19T20:00:00.000Z,Northern Iowa,Iowa,Bovada,CURRENT,-37.5,49.0,,,2,20260919T191803Z,20260919T191841Z
401858471,3,2026-09-19T20:00:00.000Z,Northern Iowa,Iowa,Bovada,OPEN,-40.5,49.0,,,4,20260919T191803Z,20260923T233913Z
401858471,3,2026-09-19T20:00:00.000Z,Northern Iowa,Iowa,DraftKings,CLOSE_PROXY,-37.5,48.5,,,2,20260923T233635Z,20260923T233913Z
401858471,3,2026-09-19T20:00:00.000Z,Northern Iowa,Iowa,DraftKings,CURRENT,-37.5,48.5,,,2,20260919T191803Z,20260919T191841Z
401858471,3,2026-09-19T20:00:00.000Z,Northern Iowa,Iowa,DraftKings,OPEN,-40.5,49.5,,,4,20260919T191803Z,20260923T233913Z
401858471,3,2026-09-19T20:00:00.000Z,Northern Iowa,Iowa,DraftKings_Alt,CLOSE_PROXY,-37.5,48.5,,,2,20260923T233635Z,20260923T233913Z
401866422,3,2026-09-19T20:00:00.000Z,Ball State,Liberty,Bovada,CLOSE_PROXY,-14.5,49.0,-625.0,430.0,2,20260923T233635Z,20260923T233913Z
401866422,3,2026-09-19T20:00:00.000Z,Ball State,Liberty,Bovada,CURRENT,-14.5,49.0,-625.0,430.0,2,20260919T191803Z,20260919T191841Z
401866422,3,2026-09-19T20:00:00.000Z,Ball State,Liberty,Bovada,OPEN,-14.0,51.0,,,4,20260919T191803Z,20260923T233913Z
401866422,3,2026-09-19T20:00:00.000Z,Ball State,Liberty,DraftKings,CLOSE_PROXY,-14.5,49.5,-650.0,470.0,2,20260923T233635Z,20260923T233913Z
401866422,3,2026-09-19T20:00:00.000Z,Ball State,Liberty,DraftKings,CURRENT,-14.0,49.5,-650.0,470.0,2,20260919T191803Z,20260919T191841Z
401866422,3,2026-09-19T20:00:00.000Z,Ball State,Liberty,DraftKings,OPEN,-14.5,55.5,,,4,20260919T191803Z,20260923T233913Z
401866422,3,2026-09-19T20:00:00.000Z,Ball State,Liberty,DraftKings_Alt,CLOSE_PROXY,-14.5,49.5,,,2,20260923T233635Z,20260923T233913Z
401867804,3,2026-09-19T20:00:00.000Z,Louisiana Tech,Baylor,Bovada,CLOSE_PROXY,-20.0,50.0,-1100.0,650.0,2,20260923T233635Z,20260923T233913Z
401867804,3,2026-09-19T20:00:00.000Z,Louisiana Tech,Baylor,Bovada,CURRENT,-20.0,50.0,-1100.0,650.0,2,20260919T191803Z,20260919T191841Z
401867804,3,2026-09-19T20:00:00.000Z,Louisiana Tech,Baylor,Bovada,OPEN,-19.0,55.0,,,4,20260919T191803Z,20260923T233913Z
401867804,3,2026-09-19T20:00:00.000Z,Louisiana Tech,Baylor,DraftKings,CLOSE_PROXY,-19.5,50.5,-1350.0,800.0,2,20260923T233635Z,20260923T233913Z
401867804,3,2026-09-19T20:00:00.000Z,Louisiana Tech,Baylor,DraftKings,CURRENT,-19.5,50.5,-1350.0,800.0,2,20260919T191803Z,20260919T191841Z
401867804,3,2026-09-19T20:00:00.000Z,Louisiana Tech,Baylor,DraftKings,OPEN,-17.5,55.5,,,4,20260919T191803Z,20260923T233913Z
401867804,3,2026-09-19T20:00:00.000Z,Louisiana Tech,Baylor,DraftKings_Alt,CLOSE_PROXY,-20.5,50.5,,,2,20260923T233635Z,20260923T233913Z
401856691,3,2026-09-19T20:15:00.000Z,Mississippi State,South Carolina,Bovada,CLOSE_PROXY,-3.0,59.0,-165.0,140.0,2,20260923T233635Z,20260923T233913Z
401856691,3,2026-09-19T20:15:00.000Z,Mississippi State,South Carolina,Bovada,CURRENT,-3.5,59.0,-165.0,140.0,2,20260919T191803Z,20260919T191841Z
401856691,3,2026-09-19T20:15:00.000Z,Mississippi State,South Carolina,Bovada,OPEN,-3.5,58.5,,,4,20260919T191803Z,20260923T233913Z
401856691,3,2026-09-19T20:15:00.000Z,Mississippi State,South Carolina,DraftKings,CLOSE_PROXY,-3.0,59.5,-162.0,136.0,2,20260923T233635Z,20260923T233913Z
401856691,3,2026-09-19T20:15:00.000Z,Mississippi State,South Carolina,DraftKings,CURRENT,-3.5,59.5,-175.0,145.0,2,20260911T133017Z,20260919T191841Z
401856691,3,2026-09-19T20:15:00.000Z,Mississippi State,South Carolina,DraftKings,OPEN,-7.5,54.5,,,5,20260911T133017Z,20260923T233913Z
401856691,3,2026-09-19T20:15:00.000Z,Mississippi State,South Carolina,DraftKings_Alt,CLOSE_PROXY,-3.0,59.5,,,2,20260923T233635Z,20260923T233913Z
401868317,3,2026-09-19T20:30:00.000Z,SE Louisiana,UL Monroe,Bovada,CLOSE_PROXY,-10.0,48.0,-415.0,310.0,2,20260923T233635Z,20260923T233913Z
401868317,3,2026-09-19T20:30:00.000Z,SE Louisiana,UL Monroe,Bovada,CURRENT,-10.0,48.0,-415.0,310.0,2,20260919T191803Z,20260919T191841Z
401868317,3,2026-09-19T20:30:00.000Z,SE Louisiana,UL Monroe,Bovada,OPEN,-10.5,48.0,,,4,20260919T191803Z,20260923T233913Z
401868317,3,2026-09-19T20:30:00.000Z,SE Louisiana,UL Monroe,DraftKings,CLOSE_PROXY,-9.5,48.5,,,2,20260923T233635Z,20260923T233913Z
401868317,3,2026-09-19T20:30:00.000Z,SE Louisiana,UL Monroe,DraftKings,CURRENT,-9.5,48.5,,,2,20260919T191803Z,20260919T191841Z
401868317,3,2026-09-19T20:30:00.000Z,SE Louisiana,UL Monroe,DraftKings,OPEN,-10.5,48.5,,,4,20260919T191803Z,20260923T233913Z
401868317,3,2026-09-19T20:30:00.000Z,SE Louisiana,UL Monroe,DraftKings_Alt,CLOSE_PROXY,-9.5,48.5,,,2,20260923T233635Z,20260923T233913Z
401862710,3,2026-09-19T22:00:00.000Z,East Carolina,Old Dominion,Bovada,CLOSE_PROXY,-2.5,49.0,-145.0,125.0,2,20260923T233635Z,20260923T233913Z
401862710,3,2026-09-19T22:00:00.000Z,East Carolina,Old Dominion,Bovada,CURRENT,-2.5,49.0,-145.0,125.0,2,20260919T191803Z,20260919T191841Z
401862710,3,2026-09-19T22:00:00.000Z,East Carolina,Old Dominion,Bovada,OPEN,-3.0,49.5,,,4,20260919T191803Z,20260923T233913Z
401862710,3,2026-09-19T22:00:00.000Z,East Carolina,Old Dominion,DraftKings,CLOSE_PROXY,-2.5,48.5,-130.0,110.0,2,20260923T233635Z,20260923T233913Z
401862710,3,2026-09-19T22:00:00.000Z,East Carolina,Old Dominion,DraftKings,CURRENT,-2.5,48.5,-142.0,120.0,2,20260919T191803Z,20260919T191841Z
401862710,3,2026-09-19T22:00:00.000Z,East Carolina,Old Dominion,DraftKings,OPEN,-2.5,49.5,,,4,20260919T191803Z,20260923T233913Z
401862710,3,2026-09-19T22:00:00.000Z,East Carolina,Old Dominion,DraftKings_Alt,CLOSE_PROXY,-2.5,48.5,,,2,20260923T233635Z,20260923T233913Z
401862771,3,2026-09-19T22:00:00.000Z,Florida International,Florida Atlantic,Bovada,CLOSE_PROXY,-5.0,62.0,-275.0,225.0,2,20260923T233635Z,20260923T233913Z
401862771,3,2026-09-19T22:00:00.000Z,Florida International,Florida Atlantic,Bovada,CURRENT,-6.5,62.0,-275.0,225.0,2,20260919T191803Z,20260919T191841Z
401862771,3,2026-09-19T22:00:00.000Z,Florida International,Florida Atlantic,Bovada,OPEN,-7.0,62.5,,,4,20260919T191803Z,20260923T233913Z
401862771,3,2026-09-19T22:00:00.000Z,Florida International,Florida Atlantic,DraftKings,CLOSE_PROXY,-4.5,62.5,-205.0,170.0,2,20260923T233635Z,20260923T233913Z
401862771,3,2026-09-19T22:00:00.000Z,Florida International,Florida Atlantic,DraftKings,CURRENT,-6.5,62.5,-245.0,200.0,2,20260919T191803Z,20260919T191841Z
401862771,3,2026-09-19T22:00:00.000Z,Florida International,Florida Atlantic,DraftKings,OPEN,-7.5,62.5,,,4,20260919T191803Z,20260923T233913Z
401862771,3,2026-09-19T22:00:00.000Z,Florida International,Florida Atlantic,DraftKings_Alt,CLOSE_PROXY,-5.5,62.5,,,2,20260923T233635Z,20260923T233913Z
401864574,3,2026-09-19T22:00:00.000Z,Charlotte,App State,Bovada,CLOSE_PROXY,-16.0,52.5,-1600.0,800.0,2,20260923T233635Z,20260923T233913Z
401864574,3,2026-09-19T22:00:00.000Z,Charlotte,App State,Bovada,CURRENT,-17.0,53.0,-1600.0,800.0,2,20260919T191803Z,20260919T191841Z
401864574,3,2026-09-19T22:00:00.000Z,Charlotte,App State,Bovada,OPEN,-20.5,50.5,,,4,20260919T191803Z,20260923T233913Z
401864574,3,2026-09-19T22:00:00.000Z,Charlotte,App State,DraftKings,CLOSE_PROXY,-15.5,52.5,-1000.0,650.0,2,20260923T233635Z,20260923T233913Z
401864574,3,2026-09-19T22:00:00.000Z,Charlotte,App State,DraftKings,CURRENT,-17.5,52.5,-1100.0,700.0,2,20260919T191803Z,20260919T191841Z
401864574,3,2026-09-19T22:00:00.000Z,Charlotte,App State,DraftKings,OPEN,-19.5,53.5,,,4,20260919T191803Z,20260923T233913Z
401864574,3,2026-09-19T22:00:00.000Z,Charlotte,App State,DraftKings_Alt,CLOSE_PROXY,-16.5,52.5,,,2,20260923T233635Z,20260923T233913Z
401871047,3,2026-09-19T22:30:00.000Z,Marshall,Missouri State,Bovada,CLOSE_PROXY,4.0,52.5,160.0,-185.0,2,20260923T233635Z,20260923T233913Z
401871047,3,2026-09-19T22:30:00.000Z,Marshall,Missouri State,Bovada,CURRENT,4.0,52.5,160.0,-185.0,2,20260919T191803Z,20260919T191841Z
401871047,3,2026-09-19T22:30:00.000Z,Marshall,Missouri State,Bovada,OPEN,4.0,52.0,,,4,20260919T191803Z,20260923T233913Z
401871047,3,2026-09-19T22:30:00.000Z,Marshall,Missouri State,DraftKings,CLOSE_PROXY,4.0,52.5,160.0,-192.0,2,20260923T233635Z,20260923T233913Z
401871047,3,2026-09-19T22:30:00.000Z,Marshall,Missouri State,DraftKings,CURRENT,4.0,52.5,160.0,-192.0,2,20260919T191803Z,20260919T191841Z
401871047,3,2026-09-19T22:30:00.000Z,Marshall,Missouri State,DraftKings,OPEN,4.5,53.5,,,4,20260919T191803Z,20260923T233913Z
401871047,3,2026-09-19T22:30:00.000Z,Marshall,Missouri State,DraftKings_Alt,CLOSE_PROXY,4.0,52.5,,,2,20260923T233635Z,20260923T233913Z
401856687,3,2026-09-19T23:00:00.000Z,Florida,Auburn,Bovada,CLOSE_PROXY,2.5,53.0,115.0,-135.0,2,20260923T233635Z,20260923T233913Z
401856687,3,2026-09-19T23:00:00.000Z,Florida,Auburn,Bovada,CURRENT,2.5,53.0,115.0,-135.0,2,20260919T191803Z,20260919T191841Z
401856687,3,2026-09-19T23:00:00.000Z,Florida,Auburn,Bovada,OPEN,2.5,53.0,,,4,20260919T191803Z,20260923T233913Z
401856687,3,2026-09-19T23:00:00.000Z,Florida,Auburn,DraftKings,CLOSE_PROXY,2.5,52.5,114.0,-135.0,2,20260923T233635Z,20260923T233913Z
401856687,3,2026-09-19T23:00:00.000Z,Florida,Auburn,DraftKings,CURRENT,2.5,52.5,110.0,-130.0,3,20260906T121248Z,20260919T191841Z
401856687,3,2026-09-19T23:00:00.000Z,Florida,Auburn,DraftKings,OPEN,-1.5,53.5,,,8,20260906T121248Z,20260923T233913Z
401856687,3,2026-09-19T23:00:00.000Z,Florida,Auburn,DraftKings_Alt,CLOSE_PROXY,2.5,53.5,,,2,20260923T233635Z,20260923T233913Z
401856689,3,2026-09-19T23:00:00.000Z,Troy,Missouri,Bovada,CLOSE_PROXY,-27.0,50.0,-6500.0,1300.0,2,20260923T233635Z,20260923T233913Z
401856689,3,2026-09-19T23:00:00.000Z,Troy,Missouri,Bovada,CURRENT,-27.0,50.0,-6500.0,1300.0,2,20260919T191803Z,20260919T191841Z
401856689,3,2026-09-19T23:00:00.000Z,Troy,Missouri,Bovada,OPEN,-27.0,49.5,,,4,20260919T191803Z,20260923T233913Z
401856689,3,2026-09-19T23:00:00.000Z,Troy,Missouri,DraftKings,CLOSE_PROXY,-27.5,49.5,-4500.0,1700.0,2,20260923T233635Z,20260923T233913Z
401856689,3,2026-09-19T23:00:00.000Z,Troy,Missouri,DraftKings,CURRENT,-27.5,49.5,-4500.0,1700.0,2,20260919T191803Z,20260919T191841Z
401856689,3,2026-09-19T23:00:00.000Z,Troy,Missouri,DraftKings,OPEN,-27.5,49.5,,,4,20260919T191803Z,20260923T233913Z
401856689,3,2026-09-19T23:00:00.000Z,Troy,Missouri,DraftKings_Alt,CLOSE_PROXY,-26.5,49.5,,,2,20260923T233635Z,20260923T233913Z
401856800,3,2026-09-19T23:00:00.000Z,Georgia State,UCF,Bovada,CLOSE_PROXY,-17.5,50.0,-1500.0,775.0,2,20260923T233635Z,20260923T233913Z
401856800,3,2026-09-19T23:00:00.000Z,Georgia State,UCF,Bovada,CURRENT,-17.5,50.0,-1500.0,775.0,2,20260919T191803Z,20260919T191841Z
401856800,3,2026-09-19T23:00:00.000Z,Georgia State,UCF,Bovada,OPEN,-20.5,50.5,,,4,20260919T191803Z,20260923T233913Z
401856800,3,2026-09-19T23:00:00.000Z,Georgia State,UCF,DraftKings,CLOSE_PROXY,-17.5,50.5,-1050.0,675.0,2,20260923T233635Z,20260923T233913Z
401856800,3,2026-09-19T23:00:00.000Z,Georgia State,UCF,DraftKings,CURRENT,-17.5,50.5,-1100.0,700.0,2,20260919T191803Z,20260919T191841Z
401856800,3,2026-09-19T23:00:00.000Z,Georgia State,UCF,DraftKings,OPEN,-21.0,49.5,,,4,20260919T191803Z,20260923T233913Z
401856800,3,2026-09-19T23:00:00.000Z,Georgia State,UCF,DraftKings_Alt,CLOSE_PROXY,-17.5,50.5,,,2,20260923T233635Z,20260923T233913Z
401856803,3,2026-09-19T23:00:00.000Z,Murray State,Oklahoma State,Bovada,CLOSE_PROXY,-55.5,70.0,,,2,20260923T233635Z,20260923T233913Z
401856803,3,2026-09-19T23:00:00.000Z,Murray State,Oklahoma State,Bovada,CURRENT,-56.0,70.5,,,2,20260919T191803Z,20260919T191841Z
401856803,3,2026-09-19T23:00:00.000Z,Murray State,Oklahoma State,Bovada,OPEN,-55.5,70.0,,,4,20260919T191803Z,20260923T233913Z
401856803,3,2026-09-19T23:00:00.000Z,Murray State,Oklahoma State,DraftKings,CLOSE_PROXY,-56.5,70.5,,,2,20260923T233635Z,20260923T233913Z
401856803,3,2026-09-19T23:00:00.000Z,Murray State,Oklahoma State,DraftKings,CURRENT,-56.5,70.5,,,2,20260919T191803Z,20260919T191841Z
401856803,3,2026-09-19T23:00:00.000Z,Murray State,Oklahoma State,DraftKings,OPEN,-56.5,70.5,,,4,20260919T191803Z,20260923T233913Z
401856803,3,2026-09-19T23:00:00.000Z,Murray State,Oklahoma State,DraftKings_Alt,CLOSE_PROXY,-56.5,70.5,,,2,20260923T233635Z,20260923T233913Z
401861963,3,2026-09-19T23:00:00.000Z,UConn,Southern Miss,Bovada,CLOSE_PROXY,3.5,54.5,140.0,-165.0,2,20260923T233635Z,20260923T233913Z
401861963,3,2026-09-19T23:00:00.000Z,UConn,Southern Miss,Bovada,CURRENT,3.0,54.5,140.0,-165.0,2,20260919T191803Z,20260919T191841Z
401861963,3,2026-09-19T23:00:00.000Z,UConn,Southern Miss,Bovada,OPEN,3.5,54.0,,,4,20260919T191803Z,20260923T233913Z
401861963,3,2026-09-19T23:00:00.000Z,UConn,Southern Miss,DraftKings,CLOSE_PROXY,3.5,54.5,136.0,-162.0,2,20260923T233635Z,20260923T233913Z
401861963,3,2026-09-19T23:00:00.000Z,UConn,Southern Miss,DraftKings,CURRENT,3.0,54.5,136.0,-162.0,2,20260919T191803Z,20260919T191841Z
401861963,3,2026-09-19T23:00:00.000Z,UConn,Southern Miss,DraftKings,OPEN,2.5,55.5,,,4,20260919T191803Z,20260923T233913Z
401861963,3,2026-09-19T23:00:00.000Z,UConn,Southern Miss,DraftKings_Alt,CLOSE_PROXY,3.5,54.5,,,2,20260923T233635Z,20260923T233913Z
401862772,3,2026-09-19T23:00:00.000Z,UT Martin,Memphis,Bovada,CLOSE_PROXY,-33.5,59.0,,,2,20260923T233635Z,20260923T233913Z
401862772,3,2026-09-19T23:00:00.000Z,UT Martin,Memphis,Bovada,CURRENT,-34.5,57.0,,,2,20260919T191803Z,20260919T191841Z
401862772,3,2026-09-19T23:00:00.000Z,UT Martin,Memphis,Bovada,OPEN,-34.5,57.0,,,4,20260919T191803Z,20260923T233913Z
401862772,3,2026-09-19T23:00:00.000Z,UT Martin,Memphis,DraftKings,CLOSE_PROXY,-33.5,58.5,-50000.0,4000.0,2,20260923T233635Z,20260923T233913Z
401862772,3,2026-09-19T23:00:00.000Z,UT Martin,Memphis,DraftKings,CURRENT,-34.5,57.5,-50000.0,4000.0,2,20260919T191803Z,20260919T191841Z
401862772,3,2026-09-19T23:00:00.000Z,UT Martin,Memphis,DraftKings,OPEN,-34.5,57.5,,,4,20260919T191803Z,20260923T233913Z
401862772,3,2026-09-19T23:00:00.000Z,UT Martin,Memphis,DraftKings_Alt,CLOSE_PROXY,-33.5,58.5,,,2,20260923T233635Z,20260923T233913Z
401862773,3,2026-09-19T23:00:00.000Z,Western Michigan,Rice,Bovada,CLOSE_PROXY,8.5,43.5,325.0,-510.0,2,20260923T233635Z,20260923T233913Z
401862773,3,2026-09-19T23:00:00.000Z,Western Michigan,Rice,Bovada,CURRENT,9.0,43.5,325.0,-510.0,2,20260919T191803Z,20260919T191841Z
401862773,3,2026-09-19T23:00:00.000Z,Western Michigan,Rice,Bovada,OPEN,12.0,44.0,,,4,20260919T191803Z,20260923T233913Z
401862773,3,2026-09-19T23:00:00.000Z,Western Michigan,Rice,DraftKings,CLOSE_PROXY,8.5,43.5,285.0,-360.0,2,20260923T233635Z,20260923T233913Z
401862773,3,2026-09-19T23:00:00.000Z,Western Michigan,Rice,DraftKings,CURRENT,8.5,43.5,285.0,-360.0,2,20260919T191803Z,20260919T191841Z
401862773,3,2026-09-19T23:00:00.000Z,Western Michigan,Rice,DraftKings,OPEN,11.5,45.5,,,4,20260919T191803Z,20260923T233913Z
401862773,3,2026-09-19T23:00:00.000Z,Western Michigan,Rice,DraftKings_Alt,CLOSE_PROXY,8.5,43.5,,,2,20260923T233635Z,20260923T233913Z
401862777,3,2026-09-19T23:00:00.000Z,Delaware State,South Florida,Bovada,CLOSE_PROXY,-37.5,60.5,,,2,20260923T233635Z,20260923T233913Z
401862777,3,2026-09-19T23:00:00.000Z,Delaware State,South Florida,Bovada,CURRENT,-36.5,61.0,,,2,20260919T191803Z,20260919T191841Z
401862777,3,2026-09-19T23:00:00.000Z,Delaware State,South Florida,Bovada,OPEN,-36.5,61.0,,,4,20260919T191803Z,20260923T233913Z
401862777,3,2026-09-19T23:00:00.000Z,Delaware State,South Florida,DraftKings,CLOSE_PROXY,-36.5,59.5,,,2,20260923T233635Z,20260923T233913Z
401862777,3,2026-09-19T23:00:00.000Z,Delaware State,South Florida,DraftKings,CURRENT,-36.5,60.5,,,2,20260919T191803Z,20260919T191841Z
401862777,3,2026-09-19T23:00:00.000Z,Delaware State,South Florida,DraftKings,OPEN,-36.5,61.5,,,4,20260919T191803Z,20260923T233913Z
401862777,3,2026-09-19T23:00:00.000Z,Delaware State,South Florida,DraftKings_Alt,CLOSE_PROXY,-37.5,59.5,,,2,20260923T233635Z,20260923T233913Z
401864443,3,2026-09-19T23:00:00.000Z,Nevada,Middle Tennessee,Bovada,CLOSE_PROXY,4.0,50.5,180.0,-220.0,2,20260923T233635Z,20260923T233913Z
401864443,3,2026-09-19T23:00:00.000Z,Nevada,Middle Tennessee,Bovada,CURRENT,4.0,50.0,180.0,-220.0,2,20260919T191803Z,20260919T191841Z
401864443,3,2026-09-19T23:00:00.000Z,Nevada,Middle Tennessee,Bovada,OPEN,5.5,51.0,,,4,20260919T191803Z,20260923T233913Z
401864443,3,2026-09-19T23:00:00.000Z,Nevada,Middle Tennessee,DraftKings,CLOSE_PROXY,3.5,50.5,150.0,-180.0,2,20260923T233635Z,20260923T233913Z
401864443,3,2026-09-19T23:00:00.000Z,Nevada,Middle Tennessee,DraftKings,CURRENT,3.5,50.5,150.0,-180.0,2,20260919T191803Z,20260919T191841Z
401864443,3,2026-09-19T23:00:00.000Z,Nevada,Middle Tennessee,DraftKings,OPEN,6.5,49.5,,,4,20260919T191803Z,20260923T233913Z
401864443,3,2026-09-19T23:00:00.000Z,Nevada,Middle Tennessee,DraftKings_Alt,CLOSE_PROXY,3.5,50.5,,,2,20260923T233635Z,20260923T233913Z
401866423,3,2026-09-19T23:00:00.000Z,Ohio,South Alabama,Bovada,CLOSE_PROXY,-7.0,50.0,-185.0,160.0,2,20260923T233635Z,20260923T233913Z
401866423,3,2026-09-19T23:00:00.000Z,Ohio,South Alabama,Bovada,CURRENT,-7.0,48.5,-185.0,160.0,2,20260919T191803Z,20260919T191841Z
401866423,3,2026-09-19T23:00:00.000Z,Ohio,South Alabama,Bovada,OPEN,-4.0,52.5,,,4,20260919T191803Z,20260923T233913Z
401866423,3,2026-09-19T23:00:00.000Z,Ohio,South Alabama,DraftKings,CLOSE_PROXY,-7.0,49.5,-270.0,220.0,2,20260923T233635Z,20260923T233913Z
401866423,3,2026-09-19T23:00:00.000Z,Ohio,South Alabama,DraftKings,CURRENT,-7.0,48.5,-258.0,210.0,2,20260919T191803Z,20260919T191841Z
401866423,3,2026-09-19T23:00:00.000Z,Ohio,South Alabama,DraftKings,OPEN,-3.5,53.5,,,4,20260919T191803Z,20260923T233913Z
401866423,3,2026-09-19T23:00:00.000Z,Ohio,South Alabama,DraftKings_Alt,CLOSE_PROXY,-7.0,49.5,,,2,20260923T233635Z,20260923T233913Z
401869948,3,2026-09-19T23:00:00.000Z,Georgia Southern,Jacksonville State,Bovada,CLOSE_PROXY,-3.5,51.0,-175.0,150.0,2,20260923T233635Z,20260923T233913Z
401869948,3,2026-09-19T23:00:00.000Z,Georgia Southern,Jacksonville State,Bovada,CURRENT,-3.5,52.5,-175.0,150.0,2,20260919T191803Z,20260919T191841Z
401869948,3,2026-09-19T23:00:00.000Z,Georgia Southern,Jacksonville State,Bovada,OPEN,-3.5,52.5,,,4,20260919T191803Z,20260923T233913Z
401869948,3,2026-09-19T23:00:00.000Z,Georgia Southern,Jacksonville State,DraftKings,CLOSE_PROXY,-3.5,51.5,-175.0,145.0,2,20260923T233635Z,20260923T233913Z
401869948,3,2026-09-19T23:00:00.000Z,Georgia Southern,Jacksonville State,DraftKings,CURRENT,-3.5,52.5,-175.0,145.0,2,20260919T191803Z,20260919T191841Z
401869948,3,2026-09-19T23:00:00.000Z,Georgia Southern,Jacksonville State,DraftKings,OPEN,-2.5,53.5,,,4,20260919T191803Z,20260923T233913Z
401869948,3,2026-09-19T23:00:00.000Z,Georgia Southern,Jacksonville State,DraftKings_Alt,CLOSE_PROXY,-3.5,51.5,,,2,20260923T233635Z,20260923T233913Z
401870764,3,2026-09-19T23:00:00.000Z,Nicholls,Sam Houston,Bovada,CLOSE_PROXY,-21.0,51.5,-1000.0,625.0,2,20260923T233635Z,20260923T233913Z
401870764,3,2026-09-19T23:00:00.000Z,Nicholls,Sam Houston,Bovada,CURRENT,-21.0,51.5,-1000.0,625.0,2,20260919T191803Z,20260919T191841Z
401870764,3,2026-09-19T23:00:00.000Z,Nicholls,Sam Houston,Bovada,OPEN,-17.5,49.0,,,4,20260919T191803Z,20260923T233913Z
401870764,3,2026-09-19T23:00:00.000Z,Nicholls,Sam Houston,DraftKings,CLOSE_PROXY,-21.0,50.5,,,2,20260923T233635Z,20260923T233913Z
401870764,3,2026-09-19T23:00:00.000Z,Nicholls,Sam Houston,DraftKings,CURRENT,-21.0,50.5,,,2,20260919T191803Z,20260919T191841Z
401870764,3,2026-09-19T23:00:00.000Z,Nicholls,Sam Houston,DraftKings,OPEN,-17.5,49.5,,,4,20260919T191803Z,20260923T233913Z
401870764,3,2026-09-19T23:00:00.000Z,Nicholls,Sam Houston,DraftKings_Alt,CLOSE_PROXY,-21.0,50.5,,,2,20260923T233635Z,20260923T233913Z
401858452,3,2026-09-19T23:15:00.000Z,North Dakota,Nebraska,Bovada,CLOSE_PROXY,-27.0,56.5,-2500.0,1000.0,2,20260923T233635Z,20260923T233913Z
401858452,3,2026-09-19T23:15:00.000Z,North Dakota,Nebraska,Bovada,CURRENT,-28.0,56.0,-2500.0,1000.0,2,20260919T191803Z,20260919T191841Z
401858452,3,2026-09-19T23:15:00.000Z,North Dakota,Nebraska,Bovada,OPEN,-24.0,51.0,,,4,20260919T191803Z,20260923T233913Z
401858452,3,2026-09-19T23:15:00.000Z,North Dakota,Nebraska,DraftKings,CLOSE_PROXY,-27.5,56.5,-2800.0,1300.0,2,20260923T233635Z,20260923T233913Z
401858452,3,2026-09-19T23:15:00.000Z,North Dakota,Nebraska,DraftKings,CURRENT,-27.5,55.5,-2800.0,1300.0,2,20260919T191803Z,20260919T191841Z
401858452,3,2026-09-19T23:15:00.000Z,North Dakota,Nebraska,DraftKings,OPEN,-24.5,51.5,,,4,20260919T191803Z,20260923T233913Z
401858452,3,2026-09-19T23:15:00.000Z,North Dakota,Nebraska,DraftKings_Alt,CLOSE_PROXY,-27.5,56.5,,,2,20260923T233635Z,20260923T233913Z
401858459,3,2026-09-19T23:15:00.000Z,Eastern Washington,Washington,Bovada,CLOSE_PROXY,-43.5,59.0,,,2,20260923T233635Z,20260923T233913Z
401858459,3,2026-09-19T23:15:00.000Z,Eastern Washington,Washington,Bovada,CURRENT,-42.5,58.5,,,2,20260919T191803Z,20260919T191841Z
401858459,3,2026-09-19T23:15:00.000Z,Eastern Washington,Washington,Bovada,OPEN,-42.5,58.0,,,4,20260919T191803Z,20260923T233913Z
401858459,3,2026-09-19T23:15:00.000Z,Eastern Washington,Washington,DraftKings,CLOSE_PROXY,-42.5,58.5,,,2,20260923T233635Z,20260923T233913Z
401858459,3,2026-09-19T23:15:00.000Z,Eastern Washington,Washington,DraftKings,CURRENT,-42.5,58.5,,,2,20260919T191803Z,20260919T191841Z
401858459,3,2026-09-19T23:15:00.000Z,Eastern Washington,Washington,DraftKings,OPEN,-42.5,56.5,,,4,20260919T191803Z,20260923T233913Z
401858459,3,2026-09-19T23:15:00.000Z,Eastern Washington,Washington,DraftKings_Alt,CLOSE_PROXY,-42.5,58.5,,,2,20260923T233635Z,20260923T233913Z
401856688,3,2026-09-19T23:30:00.000Z,LSU,Ole Miss,Bovada,CLOSE_PROXY,2.5,59.0,130.0,-165.0,2,20260923T233635Z,20260923T233913Z
401856688,3,2026-09-19T23:30:00.000Z,LSU,Ole Miss,Bovada,CURRENT,3.0,59.0,130.0,-165.0,2,20260919T191803Z,20260919T191841Z
401856688,3,2026-09-19T23:30:00.000Z,LSU,Ole Miss,Bovada,OPEN,3.0,58.5,,,4,20260919T191803Z,20260923T233913Z
401856688,3,2026-09-19T23:30:00.000Z,LSU,Ole Miss,DraftKings,CLOSE_PROXY,3.0,58.5,124.0,-148.0,2,20260923T233635Z,20260923T233913Z
401856688,3,2026-09-19T23:30:00.000Z,LSU,Ole Miss,DraftKings,CURRENT,3.0,58.5,124.0,-148.0,3,20260906T121248Z,20260919T191841Z
401856688,3,2026-09-19T23:30:00.000Z,LSU,Ole Miss,DraftKings,OPEN,-1.5,57.5,,,8,20260906T121248Z,20260923T233913Z
401856688,3,2026-09-19T23:30:00.000Z,LSU,Ole Miss,DraftKings_Alt,CLOSE_PROXY,3.0,58.5,,,2,20260923T233635Z,20260923T233913Z
401856690,3,2026-09-19T23:30:00.000Z,New Mexico,Oklahoma,Bovada,CLOSE_PROXY,-21.0,45.5,-2500.0,1000.0,2,20260923T233635Z,20260923T233913Z
401856690,3,2026-09-19T23:30:00.000Z,New Mexico,Oklahoma,Bovada,CURRENT,-21.0,45.5,-2500.0,1000.0,2,20260919T191803Z,20260919T191841Z
401856690,3,2026-09-19T23:30:00.000Z,New Mexico,Oklahoma,Bovada,OPEN,-23.5,48.0,,,4,20260919T191803Z,20260923T233913Z
401856690,3,2026-09-19T23:30:00.000Z,New Mexico,Oklahoma,DraftKings,CLOSE_PROXY,-21.5,45.5,-2100.0,1100.0,2,20260923T233635Z,20260923T233913Z
401856690,3,2026-09-19T23:30:00.000Z,New Mexico,Oklahoma,DraftKings,CURRENT,-21.5,45.5,-2100.0,1100.0,2,20260919T191803Z,20260919T191841Z
401856690,3,2026-09-19T23:30:00.000Z,New Mexico,Oklahoma,DraftKings,OPEN,-23.5,48.5,,,4,20260919T191803Z,20260923T233913Z
401856690,3,2026-09-19T23:30:00.000Z,New Mexico,Oklahoma,DraftKings_Alt,CLOSE_PROXY,-21.5,45.5,,,2,20260923T233635Z,20260923T233913Z
401856795,3,2026-09-19T23:30:00.000Z,BYU,Colorado State,Bovada,CLOSE_PROXY,17.5,54.0,650.0,-1100.0,2,20260923T233635Z,20260923T233913Z
401856795,3,2026-09-19T23:30:00.000Z,BYU,Colorado State,Bovada,CURRENT,17.0,52.5,650.0,-1100.0,2,20260919T191803Z,20260919T191841Z
401856795,3,2026-09-19T23:30:00.000Z,BYU,Colorado State,Bovada,OPEN,18.0,52.0,,,4,20260919T191803Z,20260923T233913Z
401856795,3,2026-09-19T23:30:00.000Z,BYU,Colorado State,DraftKings,CLOSE_PROXY,17.5,54.5,650.0,-1000.0,2,20260923T233635Z,20260923T233913Z
401856795,3,2026-09-19T23:30:00.000Z,BYU,Colorado State,DraftKings,CURRENT,17.5,52.5,650.0,-1000.0,2,20260919T191803Z,20260919T191841Z
401856795,3,2026-09-19T23:30:00.000Z,BYU,Colorado State,DraftKings,OPEN,21.0,52.5,,,4,20260919T191803Z,20260923T233913Z
401856795,3,2026-09-19T23:30:00.000Z,BYU,Colorado State,DraftKings_Alt,CLOSE_PROXY,17.5,54.5,,,2,20260923T233635Z,20260923T233913Z
401856796,3,2026-09-19T23:30:00.000Z,Colorado,Northwestern,Bovada,CLOSE_PROXY,-3.5,48.0,-195.0,165.0,2,20260923T233635Z,20260923T233913Z
401856796,3,2026-09-19T23:30:00.000Z,Colorado,Northwestern,Bovada,CURRENT,-3.5,48.0,-195.0,165.0,2,20260919T191803Z,20260919T191841Z
401856796,3,2026-09-19T23:30:00.000Z,Colorado,Northwestern,Bovada,OPEN,-4.5,47.0,,,4,20260919T191803Z,20260923T233913Z
401856796,3,2026-09-19T23:30:00.000Z,Colorado,Northwestern,DraftKings,CLOSE_PROXY,-3.5,47.5,-175.0,145.0,2,20260923T233635Z,20260923T233913Z
401856796,3,2026-09-19T23:30:00.000Z,Colorado,Northwestern,DraftKings,CURRENT,-3.5,47.5,-175.0,145.0,2,20260919T191803Z,20260919T191841Z
401856796,3,2026-09-19T23:30:00.000Z,Colorado,Northwestern,DraftKings,OPEN,-4.5,45.5,,,4,20260919T191803Z,20260923T233913Z
401856796,3,2026-09-19T23:30:00.000Z,Colorado,Northwestern,DraftKings_Alt,CLOSE_PROXY,-3.5,47.5,,,2,20260923T233635Z,20260923T233913Z
401856802,3,2026-09-19T23:30:00.000Z,West Virginia,Virginia,Bovada,CLOSE_PROXY,-11.0,51.5,-380.0,290.0,2,20260923T233635Z,20260923T233913Z
401856802,3,2026-09-19T23:30:00.000Z,West Virginia,Virginia,Bovada,CURRENT,-11.0,53.5,-380.0,290.0,2,20260919T191803Z,20260919T191841Z
401856802,3,2026-09-19T23:30:00.000Z,West Virginia,Virginia,Bovada,OPEN,-9.5,54.5,,,4,20260919T191803Z,20260923T233913Z
401856802,3,2026-09-19T23:30:00.000Z,West Virginia,Virginia,DraftKings,CLOSE_PROXY,-10.5,51.5,-410.0,320.0,2,20260923T233635Z,20260923T233913Z
401856802,3,2026-09-19T23:30:00.000Z,West Virginia,Virginia,DraftKings,CURRENT,-10.5,53.5,-410.0,320.0,2,20260911T133017Z,20260919T191841Z
401856802,3,2026-09-19T23:30:00.000Z,West Virginia,Virginia,DraftKings,OPEN,-8.5,50.5,,,5,20260911T133017Z,20260923T233913Z
401856802,3,2026-09-19T23:30:00.000Z,West Virginia,Virginia,DraftKings_Alt,CLOSE_PROXY,-10.5,51.5,,,2,20260923T233635Z,20260923T233913Z
401858232,3,2026-09-19T23:30:00.000Z,Virginia Tech,Maryland,Bovada,CLOSE_PROXY,2.5,53.0,140.0,-165.0,2,20260923T233635Z,20260923T233913Z
401858232,3,2026-09-19T23:30:00.000Z,Virginia Tech,Maryland,Bovada,CURRENT,2.5,53.0,140.0,-165.0,2,20260919T191803Z,20260919T191841Z
401858232,3,2026-09-19T23:30:00.000Z,Virginia Tech,Maryland,Bovada,OPEN,3.5,53.5,,,4,20260919T191803Z,20260923T233913Z
401858232,3,2026-09-19T23:30:00.000Z,Virginia Tech,Maryland,DraftKings,CLOSE_PROXY,2.5,53.5,110.0,-130.0,2,20260923T233635Z,20260923T233913Z
401858232,3,2026-09-19T23:30:00.000Z,Virginia Tech,Maryland,DraftKings,CURRENT,2.5,53.5,120.0,-142.0,3,20260911T133017Z,20260919T191841Z
401858232,3,2026-09-19T23:30:00.000Z,Virginia Tech,Maryland,DraftKings,OPEN,1.5,53.5,,,5,20260911T133017Z,20260923T233913Z
401858232,3,2026-09-19T23:30:00.000Z,Virginia Tech,Maryland,DraftKings_Alt,CLOSE_PROXY,2.5,53.5,,,2,20260923T233635Z,20260923T233913Z
401858453,3,2026-09-19T23:30:00.000Z,Michigan State,Notre Dame,Bovada,CLOSE_PROXY,-29.0,51.5,-10000.0,1600.0,2,20260923T233635Z,20260923T233913Z
401858453,3,2026-09-19T23:30:00.000Z,Michigan State,Notre Dame,Bovada,CURRENT,-29.0,52.0,-10000.0,1600.0,2,20260919T191803Z,20260919T191841Z
401858453,3,2026-09-19T23:30:00.000Z,Michigan State,Notre Dame,Bovada,OPEN,-30.0,52.0,,,4,20260919T191803Z,20260923T233913Z
401858453,3,2026-09-19T23:30:00.000Z,Michigan State,Notre Dame,DraftKings,CLOSE_PROXY,-28.5,51.5,-5000.0,1800.0,2,20260923T233635Z,20260923T233913Z
401858453,3,2026-09-19T23:30:00.000Z,Michigan State,Notre Dame,DraftKings,CURRENT,-28.5,51.5,-5000.0,1800.0,2,20260919T191803Z,20260919T191841Z
401858453,3,2026-09-19T23:30:00.000Z,Michigan State,Notre Dame,DraftKings,OPEN,-29.5,53.5,,,4,20260919T191803Z,20260923T233913Z
401858453,3,2026-09-19T23:30:00.000Z,Michigan State,Notre Dame,DraftKings_Alt,CLOSE_PROXY,-28.5,51.5,,,2,20260923T233635Z,20260923T233913Z
401856692,3,2026-09-19T23:45:00.000Z,Kennesaw State,Tennessee,Bovada,CLOSE_PROXY,-35.5,61.0,,,2,20260923T233635Z,20260923T233913Z
401856692,3,2026-09-19T23:45:00.000Z,Kennesaw State,Tennessee,Bovada,CURRENT,-35.5,60.0,,,2,20260919T191803Z,20260919T191841Z
401856692,3,2026-09-19T23:45:00.000Z,Kennesaw State,Tennessee,Bovada,OPEN,-35.5,60.0,,,4,20260919T191803Z,20260923T233913Z
401856692,3,2026-09-19T23:45:00.000Z,Kennesaw State,Tennessee,DraftKings,CLOSE_PROXY,-35.5,60.5,-8000.0,2200.0,2,20260923T233635Z,20260923T233913Z
401856692,3,2026-09-19T23:45:00.000Z,Kennesaw State,Tennessee,DraftKings,CURRENT,-35.5,60.5,-8000.0,2200.0,2,20260919T191803Z,20260919T191841Z
401856692,3,2026-09-19T23:45:00.000Z,Kennesaw State,Tennessee,DraftKings,OPEN,-34.5,59.5,,,4,20260919T191803Z,20260923T233913Z
401856692,3,2026-09-19T23:45:00.000Z,Kennesaw State,Tennessee,DraftKings_Alt,CLOSE_PROXY,-35.5,60.5,,,2,20260923T233635Z,20260923T233913Z
401856693,3,2026-09-20T00:00:00.000Z,UTSA,Texas,Bovada,CLOSE_PROXY,-30.0,58.0,,,2,20260923T233635Z,20260923T233913Z
401856693,3,2026-09-20T00:00:00.000Z,UTSA,Texas,Bovada,CURRENT,-30.0,58.0,,,2,20260919T191803Z,20260919T191841Z
401856693,3,2026-09-20T00:00:00.000Z,UTSA,Texas,Bovada,OPEN,-30.0,58.0,,,4,20260919T191803Z,20260923T233913Z
401856693,3,2026-09-20T00:00:00.000Z,UTSA,Texas,DraftKings,CLOSE_PROXY,-29.5,58.5,-5000.0,1800.0,2,20260923T233635Z,20260923T233913Z
401856693,3,2026-09-20T00:00:00.000Z,UTSA,Texas,DraftKings,CURRENT,-29.5,58.5,-5000.0,1800.0,2,20260919T191803Z,20260919T191841Z
401856693,3,2026-09-20T00:00:00.000Z,UTSA,Texas,DraftKings,OPEN,-29.5,57.5,,,4,20260919T191803Z,20260923T233913Z
401856693,3,2026-09-20T00:00:00.000Z,UTSA,Texas,DraftKings_Alt,CLOSE_PROXY,-29.5,58.5,,,2,20260923T233635Z,20260923T233913Z
401856799,3,2026-09-20T00:00:00.000Z,Arkansas State,TCU,Bovada,CLOSE_PROXY,-19.5,56.0,-1400.0,750.0,2,20260923T233635Z,20260923T233913Z
401856799,3,2026-09-20T00:00:00.000Z,Arkansas State,TCU,Bovada,CURRENT,-19.5,56.0,-1400.0,750.0,2,20260919T191803Z,20260919T191841Z
401856799,3,2026-09-20T00:00:00.000Z,Arkansas State,TCU,Bovada,OPEN,-20.0,57.5,,,4,20260919T191803Z,20260923T233913Z
401856799,3,2026-09-20T00:00:00.000Z,Arkansas State,TCU,DraftKings,CLOSE_PROXY,-18.5,56.5,-1350.0,800.0,2,20260923T233635Z,20260923T233913Z
401856799,3,2026-09-20T00:00:00.000Z,Arkansas State,TCU,DraftKings,CURRENT,-18.5,56.5,-1350.0,800.0,2,20260919T191803Z,20260919T191841Z
401856799,3,2026-09-20T00:00:00.000Z,Arkansas State,TCU,DraftKings,OPEN,-20.5,57.5,,,4,20260919T191803Z,20260923T233913Z
401856799,3,2026-09-20T00:00:00.000Z,Arkansas State,TCU,DraftKings_Alt,CLOSE_PROXY,-18.5,56.5,,,2,20260923T233635Z,20260923T233913Z
401862775,3,2026-09-20T00:00:00.000Z,East Texas A&M,Tulsa,Bovada,CLOSE_PROXY,-41.0,56.0,,,2,20260923T233635Z,20260923T233913Z
401862775,3,2026-09-20T00:00:00.000Z,East Texas A&M,Tulsa,Bovada,CURRENT,-42.5,56.0,,,2,20260919T191803Z,20260919T191841Z
401862775,3,2026-09-20T00:00:00.000Z,East Texas A&M,Tulsa,Bovada,OPEN,-42.5,57.5,,,4,20260919T191803Z,20260923T233913Z
401862775,3,2026-09-20T00:00:00.000Z,East Texas A&M,Tulsa,DraftKings,CLOSE_PROXY,-41.5,55.5,,,2,20260923T233635Z,20260923T233913Z
401862775,3,2026-09-20T00:00:00.000Z,East Texas A&M,Tulsa,DraftKings,CURRENT,-42.5,56.5,,,2,20260919T191803Z,20260919T191841Z
401862775,3,2026-09-20T00:00:00.000Z,East Texas A&M,Tulsa,DraftKings,OPEN,-42.5,56.5,,,4,20260919T191803Z,20260923T233913Z
401862775,3,2026-09-20T00:00:00.000Z,East Texas A&M,Tulsa,DraftKings_Alt,CLOSE_PROXY,-41.5,55.5,,,2,20260923T233635Z,20260923T233913Z
401862776,3,2026-09-20T00:00:00.000Z,UAB,Louisiana,Bovada,CLOSE_PROXY,-7.0,55.5,-330.0,265.0,2,20260923T233635Z,20260923T233913Z
401862776,3,2026-09-20T00:00:00.000Z,UAB,Louisiana,Bovada,CURRENT,-7.0,55.0,-330.0,265.0,2,20260919T191803Z,20260919T191841Z
401862776,3,2026-09-20T00:00:00.000Z,UAB,Louisiana,Bovada,OPEN,-7.5,56.5,,,4,20260919T191803Z,20260923T233913Z
401862776,3,2026-09-20T00:00:00.000Z,UAB,Louisiana,DraftKings,CLOSE_PROXY,-7.0,55.5,-278.0,225.0,2,20260923T233635Z,20260923T233913Z
401862776,3,2026-09-20T00:00:00.000Z,UAB,Louisiana,DraftKings,CURRENT,-7.0,55.5,-278.0,225.0,2,20260919T191803Z,20260919T191841Z
401862776,3,2026-09-20T00:00:00.000Z,UAB,Louisiana,DraftKings,OPEN,-10.0,59.5,,,4,20260919T191803Z,20260923T233913Z
401862776,3,2026-09-20T00:00:00.000Z,UAB,Louisiana,DraftKings_Alt,CLOSE_PROXY,-7.0,55.5,,,2,20260923T233635Z,20260923T233913Z
401860885,3,2026-09-20T02:00:00.000Z,South Dakota,Boise State,Bovada,CLOSE_PROXY,-28.0,60.5,-2800.0,1100.0,2,20260923T233635Z,20260923T233913Z
401860885,3,2026-09-20T02:00:00.000Z,South Dakota,Boise State,Bovada,CURRENT,-28.0,60.5,-2800.0,1100.0,2,20260919T191803Z,20260919T191841Z
401860885,3,2026-09-20T02:00:00.000Z,South Dakota,Boise State,Bovada,OPEN,-24.5,56.0,,,4,20260919T191803Z,20260923T233913Z
401860885,3,2026-09-20T02:00:00.000Z,South Dakota,Boise State,DraftKings,CLOSE_PROXY,-28.5,61.5,-3200.0,1400.0,2,20260923T233635Z,20260923T233913Z
401860885,3,2026-09-20T02:00:00.000Z,South Dakota,Boise State,DraftKings,CURRENT,-28.5,59.5,-2800.0,1300.0,2,20260919T191803Z,20260919T191841Z
401860885,3,2026-09-20T02:00:00.000Z,South Dakota,Boise State,DraftKings,OPEN,-23.5,55.5,,,4,20260919T191803Z,20260923T233913Z
401860885,3,2026-09-20T02:00:00.000Z,South Dakota,Boise State,DraftKings_Alt,CLOSE_PROXY,-28.5,61.5,,,2,20260923T233635Z,20260923T233913Z
401860887,3,2026-09-20T02:00:00.000Z,James Madison,San Diego State,Bovada,CLOSE_PROXY,-3.0,46.5,-135.0,115.0,2,20260923T233635Z,20260923T233913Z
401860887,3,2026-09-20T02:00:00.000Z,James Madison,San Diego State,Bovada,CURRENT,-2.0,46.5,-135.0,115.0,2,20260919T191803Z,20260919T191841Z
401860887,3,2026-09-20T02:00:00.000Z,James Madison,San Diego State,Bovada,OPEN,-2.5,46.5,,,4,20260919T191803Z,20260923T233913Z
401860887,3,2026-09-20T02:00:00.000Z,James Madison,San Diego State,DraftKings,CLOSE_PROXY,-2.5,46.5,-135.0,114.0,2,20260923T233635Z,20260923T233913Z
401860887,3,2026-09-20T02:00:00.000Z,James Madison,San Diego State,DraftKings,CURRENT,-2.5,46.5,-130.0,110.0,2,20260919T191803Z,20260919T191841Z
401860887,3,2026-09-20T02:00:00.000Z,James Madison,San Diego State,DraftKings,OPEN,-1.5,46.5,,,4,20260919T191803Z,20260923T233913Z
401860887,3,2026-09-20T02:00:00.000Z,James Madison,San Diego State,DraftKings_Alt,CLOSE_PROXY,-3.0,46.5,,,2,20260923T233635Z,20260923T233913Z
401856793,3,2026-09-20T02:30:00.000Z,Northern Illinois,Arizona,Bovada,CLOSE_PROXY,-34.5,50.0,,,2,20260923T233635Z,20260923T233913Z
401856793,3,2026-09-20T02:30:00.000Z,Northern Illinois,Arizona,Bovada,CURRENT,-34.0,50.0,,,2,20260919T191803Z,20260919T191841Z
401856793,3,2026-09-20T02:30:00.000Z,Northern Illinois,Arizona,Bovada,OPEN,-34.5,50.0,,,4,20260919T191803Z,20260923T233913Z
401856793,3,2026-09-20T02:30:00.000Z,Northern Illinois,Arizona,DraftKings,CLOSE_PROXY,-34.5,50.5,-6500.0,2000.0,2,20260923T233635Z,20260923T233913Z
401856793,3,2026-09-20T02:30:00.000Z,Northern Illinois,Arizona,DraftKings,CURRENT,-33.5,50.5,-6500.0,2000.0,2,20260919T191803Z,20260919T191841Z
401856793,3,2026-09-20T02:30:00.000Z,Northern Illinois,Arizona,DraftKings,OPEN,-35.5,49.5,,,4,20260919T191803Z,20260923T233913Z
401856793,3,2026-09-20T02:30:00.000Z,Northern Illinois,Arizona,DraftKings_Alt,CLOSE_PROXY,-34.5,50.5,,,2,20260923T233635Z,20260923T233913Z
401864507,3,2026-09-20T02:30:00.000Z,North Dakota State,Sacramento State,Bovada,CLOSE_PROXY,24.5,50.5,1300.0,-7000.0,2,20260923T233635Z,20260923T233913Z
401864507,3,2026-09-20T02:30:00.000Z,North Dakota State,Sacramento State,Bovada,CURRENT,26.5,50.5,1300.0,-7000.0,2,20260919T191803Z,20260919T191841Z
401864507,3,2026-09-20T02:30:00.000Z,North Dakota State,Sacramento State,Bovada,OPEN,28.0,53.0,,,4,20260919T191803Z,20260923T233913Z
401864507,3,2026-09-20T02:30:00.000Z,North Dakota State,Sacramento State,DraftKings,CLOSE_PROXY,26.5,50.5,1800.0,-5000.0,2,20260923T233635Z,20260923T233913Z
401864507,3,2026-09-20T02:30:00.000Z,North Dakota State,Sacramento State,DraftKings,CURRENT,26.5,50.5,1800.0,-5000.0,2,20260919T191803Z,20260919T191841Z
401864507,3,2026-09-20T02:30:00.000Z,North Dakota State,Sacramento State,DraftKings,OPEN,23.5,53.5,,,4,20260919T191803Z,20260923T233913Z
401864507,3,2026-09-20T02:30:00.000Z,North Dakota State,Sacramento State,DraftKings_Alt,CLOSE_PROXY,26.5,50.5,,,2,20260923T233635Z,20260923T233913Z
401858458,3,2026-09-20T03:00:00.000Z,Purdue,UCLA,Bovada,CLOSE_PROXY,-13.5,52.5,-800.0,525.0,2,20260923T233635Z,20260923T233913Z
401858458,3,2026-09-20T03:00:00.000Z,Purdue,UCLA,Bovada,CURRENT,-13.5,52.5,-800.0,525.0,2,20260919T191803Z,20260919T191841Z
401858458,3,2026-09-20T03:00:00.000Z,Purdue,UCLA,Bovada,OPEN,-15.5,53.0,,,4,20260919T191803Z,20260923T233913Z
401858458,3,2026-09-20T03:00:00.000Z,Purdue,UCLA,DraftKings,CLOSE_PROXY,-14.0,52.5,-600.0,440.0,2,20260923T233635Z,20260923T233913Z
401858458,3,2026-09-20T03:00:00.000Z,Purdue,UCLA,DraftKings,CURRENT,-14.0,52.5,-650.0,470.0,2,20260919T191803Z,20260919T191841Z
401858458,3,2026-09-20T03:00:00.000Z,Purdue,UCLA,DraftKings,OPEN,-14.0,53.5,,,4,20260919T191803Z,20260923T233913Z
401858458,3,2026-09-20T03:00:00.000Z,Purdue,UCLA,DraftKings_Alt,CLOSE_PROXY,-13.5,53.5,,,2,20260923T233635Z,20260923T233913Z
401860886,3,2026-09-20T03:00:00.000Z,Montana,Oregon State,Bovada,CLOSE_PROXY,-17.5,56.0,-900.0,575.0,2,20260923T233635Z,20260923T233913Z
401860886,3,2026-09-20T03:00:00.000Z,Montana,Oregon State,Bovada,CURRENT,-17.0,56.0,-900.0,575.0,2,20260919T191803Z,20260919T191841Z
401860886,3,2026-09-20T03:00:00.000Z,Montana,Oregon State,Bovada,OPEN,-17.0,54.5,,,4,20260919T191803Z,20260923T233913Z
401860886,3,2026-09-20T03:00:00.000Z,Montana,Oregon State,DraftKings,CLOSE_PROXY,-17.5,55.5,-850.0,575.0,2,20260923T233635Z,20260923T233913Z
401860886,3,2026-09-20T03:00:00.000Z,Montana,Oregon State,DraftKings,CURRENT,-17.5,55.5,-850.0,575.0,2,20260919T191803Z,20260919T191841Z
401860886,3,2026-09-20T03:00:00.000Z,Montana,Oregon State,DraftKings,OPEN,-17.5,52.5,,,4,20260919T191803Z,20260923T233913Z
401860886,3,2026-09-20T03:00:00.000Z,Montana,Oregon State,DraftKings_Alt,CLOSE_PROXY,-17.5,55.5,,,2,20260923T233635Z,20260923T233913Z
401860888,3,2026-09-20T03:00:00.000Z,Fresno State,San José State,Bovada,CLOSE_PROXY,4.0,47.5,225.0,-275.0,2,20260923T233635Z,20260923T233913Z
401860888,3,2026-09-20T03:00:00.000Z,Fresno State,San José State,Bovada,CURRENT,5.5,48.5,225.0,-275.0,2,20260919T191803Z,20260919T191841Z
401860888,3,2026-09-20T03:00:00.000Z,Fresno State,San José State,Bovada,OPEN,7.0,50.5,,,4,20260919T191803Z,20260923T233913Z
401860888,3,2026-09-20T03:00:00.000Z,Fresno State,San José State,DraftKings,CLOSE_PROXY,4.5,47.5,164.0,-198.0,2,20260923T233635Z,20260923T233913Z
401860888,3,2026-09-20T03:00:00.000Z,Fresno State,San José State,DraftKings,CURRENT,5.5,48.5,170.0,-205.0,2,20260919T191803Z,20260919T191841Z
401860888,3,2026-09-20T03:00:00.000Z,Fresno State,San José State,DraftKings,OPEN,7.5,52.5,,,4,20260919T191803Z,20260923T233913Z
401860888,3,2026-09-20T03:00:00.000Z,Fresno State,San José State,DraftKings_Alt,CLOSE_PROXY,4.0,47.5,,,2,20260923T233635Z,20260923T233913Z
401869941,4,2026-09-24T23:30:00.000Z,Liberty,Coastal Carolina,Bovada,CURRENT,2.5,50.0,120.0,-140.0,2,20260923T233635Z,20260923T233913Z
401869941,4,2026-09-24T23:30:00.000Z,Liberty,Coastal Carolina,Bovada,OPEN,2.5,52.0,,,2,20260923T233635Z,20260923T233913Z
401869941,4,2026-09-24T23:30:00.000Z,Liberty,Coastal Carolina,DraftKings,CURRENT,2.5,50.5,114.0,-135.0,2,20260923T233635Z,20260923T233913Z
401869941,4,2026-09-24T23:30:00.000Z,Liberty,Coastal Carolina,DraftKings,OPEN,-1.5,54.5,,,2,20260923T233635Z,20260923T233913Z
401862779,4,2026-09-25T20:00:00.000Z,Army,Temple,Bovada,CURRENT,3.0,48.0,130.0,-150.0,2,20260923T233635Z,20260923T233913Z
401862779,4,2026-09-25T20:00:00.000Z,Army,Temple,Bovada,OPEN,3.0,49.0,,,2,20260923T233635Z,20260923T233913Z
401862779,4,2026-09-25T20:00:00.000Z,Army,Temple,DraftKings,CURRENT,3.0,47.5,130.0,-155.0,2,20260923T233635Z,20260923T233913Z
401862779,4,2026-09-25T20:00:00.000Z,Army,Temple,DraftKings,OPEN,3.0,49.5,,,2,20260923T233635Z,20260923T233913Z
401858468,4,2026-09-25T23:00:00.000Z,Howard,Rutgers,DraftKings,CURRENT,-41.5,55.5,,,2,20260923T233635Z,20260923T233913Z
401858468,4,2026-09-25T23:00:00.000Z,Howard,Rutgers,DraftKings,OPEN,-41.5,55.5,,,2,20260923T233635Z,20260923T233913Z
401862778,4,2026-09-25T23:00:00.000Z,Navy,UAB,Bovada,CURRENT,7.0,51.5,235.0,-285.0,2,20260923T233635Z,20260923T233913Z
401862778,4,2026-09-25T23:00:00.000Z,Navy,UAB,Bovada,OPEN,7.0,51.5,,,2,20260923T233635Z,20260923T233913Z
401862778,4,2026-09-25T23:00:00.000Z,Navy,UAB,DraftKings,CURRENT,7.0,51.5,225.0,-278.0,2,20260923T233635Z,20260923T233913Z
401862778,4,2026-09-25T23:00:00.000Z,Navy,UAB,DraftKings,OPEN,11.5,53.5,,,2,20260923T233635Z,20260923T233913Z
401858461,4,2026-09-26T00:00:00.000Z,Northwestern,Indiana,Bovada,CURRENT,-21.0,49.5,-1900.0,900.0,2,20260923T233635Z,20260923T233913Z
401858461,4,2026-09-26T00:00:00.000Z,Northwestern,Indiana,Bovada,OPEN,-21.5,50.0,,,2,20260923T233635Z,20260923T233913Z
401858461,4,2026-09-26T00:00:00.000Z,Northwestern,Indiana,DraftKings,CURRENT,-21.0,49.5,-1800.0,1000.0,2,20260923T233635Z,20260923T233913Z
401858461,4,2026-09-26T00:00:00.000Z,Northwestern,Indiana,DraftKings,OPEN,-23.5,47.5,,,2,20260923T233635Z,20260923T233913Z
401858234,4,2026-09-26T02:30:00.000Z,Clemson,California,Bovada,CURRENT,1.0,50.0,-120.0,100.0,2,20260923T233635Z,20260923T233913Z
401858234,4,2026-09-26T02:30:00.000Z,Clemson,California,Bovada,OPEN,-1.5,50.5,,,2,20260923T233635Z,20260923T233913Z
401858234,4,2026-09-26T02:30:00.000Z,Clemson,California,DraftKings,CURRENT,1.5,50.5,-108.0,-112.0,2,20260923T233635Z,20260923T233913Z
401858234,4,2026-09-26T02:30:00.000Z,Clemson,California,DraftKings,OPEN,1.5,47.5,,,2,20260923T233635Z,20260923T233913Z
401856700,4,2026-09-26T04:00:00.000Z,Oklahoma,Georgia,DraftKings,CURRENT,-10.0,52.5,-395.0,310.0,4,20260906T121248Z,20260911T133017Z
401856700,4,2026-09-26T04:00:00.000Z,Oklahoma,Georgia,DraftKings,OPEN,-10.0,52.5,,,8,20260906T121248Z,20260923T233913Z
401856702,4,2026-09-26T04:00:00.000Z,Texas A&M,LSU,DraftKings,CURRENT,-3.0,56.5,-155.0,130.0,4,20260906T121248Z,20260911T133017Z
401856702,4,2026-09-26T04:00:00.000Z,Texas A&M,LSU,DraftKings,OPEN,-3.0,57.5,,,8,20260906T121248Z,20260923T233913Z
401858469,4,2026-09-26T04:00:00.000Z,Oregon,USC,DraftKings,CURRENT,5.5,58.5,195.0,-238.0,4,20260906T121248Z,20260911T133017Z
401858469,4,2026-09-26T04:00:00.000Z,Oregon,USC,DraftKings,OPEN,5.5,58.5,,,8,20260906T121248Z,20260923T233913Z
401860897,4,2026-09-26T04:00:00.000Z,Boise State,Western Michigan,DraftKings,CURRENT,7.5,47.5,240.0,-298.0,2,20260919T191803Z,20260919T191841Z
401860897,4,2026-09-26T04:00:00.000Z,Boise State,Western Michigan,DraftKings,OPEN,7.5,47.5,,,4,20260919T191803Z,20260923T233913Z
401856704,4,2026-09-26T16:00:00.000Z,Texas,Tennessee,Bovada,CURRENT,4.5,55.5,155.0,-180.0,2,20260923T233635Z,20260923T233913Z
401856704,4,2026-09-26T16:00:00.000Z,Texas,Tennessee,Bovada,OPEN,3.5,56.0,,,2,20260923T233635Z,20260923T233913Z
401856704,4,2026-09-26T16:00:00.000Z,Texas,Tennessee,DraftKings,CURRENT,4.5,55.5,164.0,-198.0,6,20260906T121248Z,20260923T233913Z
401856704,4,2026-09-26T16:00:00.000Z,Texas,Tennessee,DraftKings,OPEN,6.5,56.5,,,8,20260906T121248Z,20260923T233913Z
401856805,4,2026-09-26T16:00:00.000Z,Sam Houston,Texas Tech,Bovada,CURRENT,-34.5,55.5,,,2,20260923T233635Z,20260923T233913Z
401856805,4,2026-09-26T16:00:00.000Z,Sam Houston,Texas Tech,Bovada,OPEN,-35.5,55.0,,,2,20260923T233635Z,20260923T233913Z
401856805,4,2026-09-26T16:00:00.000Z,Sam Houston,Texas Tech,DraftKings,CURRENT,-34.5,55.5,,,2,20260923T233635Z,20260923T233913Z
401856805,4,2026-09-26T16:00:00.000Z,Sam Houston,Texas Tech,DraftKings,OPEN,-37.5,54.5,,,2,20260923T233635Z,20260923T233913Z
401856813,4,2026-09-26T16:00:00.000Z,Colorado,Baylor,Bovada,CURRENT,-10.0,55.5,-410.0,305.0,2,20260923T233635Z,20260923T233913Z
401856813,4,2026-09-26T16:00:00.000Z,Colorado,Baylor,Bovada,OPEN,-10.0,55.0,,,2,20260923T233635Z,20260923T233913Z
401856813,4,2026-09-26T16:00:00.000Z,Colorado,Baylor,DraftKings,CURRENT,-10.0,55.5,-395.0,310.0,2,20260923T233635Z,20260923T233913Z
401856813,4,2026-09-26T16:00:00.000Z,Colorado,Baylor,DraftKings,OPEN,-8.5,53.5,,,2,20260923T233635Z,20260923T233913Z
401858236,4,2026-09-26T16:00:00.000Z,Bucknell,Pittsburgh,DraftKings,CURRENT,-52.5,61.5,,,2,20260923T233635Z,20260923T233913Z
401858236,4,2026-09-26T16:00:00.000Z,Bucknell,Pittsburgh,DraftKings,OPEN,-53.5,61.5,,,2,20260923T233635Z,20260923T233913Z
401858242,4,2026-09-26T16:00:00.000Z,Virginia Tech,Boston College,Bovada,CURRENT,14.0,47.5,430.0,-625.0,2,20260923T233635Z,20260923T233913Z
401858242,4,2026-09-26T16:00:00.000Z,Virginia Tech,Boston College,Bovada,OPEN,14.0,52.0,,,2,20260923T233635Z,20260923T233913Z
401858242,4,2026-09-26T16:00:00.000Z,Virginia Tech,Boston College,DraftKings,CURRENT,14.0,48.5,440.0,-600.0,2,20260923T233635Z,20260923T233913Z
401858242,4,2026-09-26T16:00:00.000Z,Virginia Tech,Boston College,DraftKings,OPEN,14.0,54.5,,,2,20260923T233635Z,20260923T233913Z
401858243,4,2026-09-26T16:00:00.000Z,Wake Forest,Louisville,Bovada,CURRENT,-12.5,58.5,-510.0,370.0,2,20260923T233635Z,20260923T233913Z
401858243,4,2026-09-26T16:00:00.000Z,Wake Forest,Louisville,Bovada,OPEN,-12.5,58.0,,,2,20260923T233635Z,20260923T233913Z
401858243,4,2026-09-26T16:00:00.000Z,Wake Forest,Louisville,DraftKings,CURRENT,-12.5,58.5,-520.0,390.0,2,20260923T233635Z,20260923T233913Z
401858243,4,2026-09-26T16:00:00.000Z,Wake Forest,Louisville,DraftKings,OPEN,-13.5,58.5,,,2,20260923T233635Z,20260923T233913Z
401858465,4,2026-09-26T16:00:00.000Z,Illinois,Ohio State,Bovada,CURRENT,-27.0,54.0,-6500.0,1300.0,2,20260923T233635Z,20260923T233913Z
401858465,4,2026-09-26T16:00:00.000Z,Illinois,Ohio State,Bovada,OPEN,-27.0,54.0,,,2,20260923T233635Z,20260923T233913Z
401858465,4,2026-09-26T16:00:00.000Z,Illinois,Ohio State,DraftKings,CURRENT,-26.5,53.5,-4000.0,1600.0,2,20260919T191803Z,20260923T233913Z
401858465,4,2026-09-26T16:00:00.000Z,Illinois,Ohio State,DraftKings,OPEN,-27.5,54.5,,,4,20260919T191803Z,20260923T233913Z
401860893,4,2026-09-26T16:00:00.000Z,San Diego State,Toledo,Bovada,CURRENT,-3.0,52.0,-140.0,120.0,2,20260923T233635Z,20260923T233913Z
401860893,4,2026-09-26T16:00:00.000Z,San Diego State,Toledo,Bovada,OPEN,-2.5,49.0,,,2,20260923T233635Z,20260923T233913Z
401860893,4,2026-09-26T16:00:00.000Z,San Diego State,Toledo,DraftKings,CURRENT,-3.0,51.5,-148.0,124.0,2,20260923T233635Z,20260923T233913Z
401860893,4,2026-09-26T16:00:00.000Z,San Diego State,Toledo,DraftKings,OPEN,1.5,48.5,,,2,20260923T233635Z,20260923T233913Z
401860896,4,2026-09-26T16:00:00.000Z,Colorado State,UTSA,Bovada,CURRENT,-13.5,58.0,-525.0,375.0,2,20260923T233635Z,20260923T233913Z
401860896,4,2026-09-26T16:00:00.000Z,Colorado State,UTSA,Bovada,OPEN,-12.5,57.5,,,2,20260923T233635Z,20260923T233913Z
401860896,4,2026-09-26T16:00:00.000Z,Colorado State,UTSA,DraftKings,CURRENT,-13.5,58.5,-550.0,410.0,2,20260923T233635Z,20260923T233913Z
401860896,4,2026-09-26T16:00:00.000Z,Colorado State,UTSA,DraftKings,OPEN,-11.5,57.5,,,2,20260923T233635Z,20260923T233913Z
401864512,4,2026-09-26T16:00:00.000Z,UNLV,Akron,Bovada,CURRENT,13.5,53.0,400.0,-575.0,2,20260923T233635Z,20260923T233913Z
401864512,4,2026-09-26T16:00:00.000Z,UNLV,Akron,Bovada,OPEN,13.5,50.0,,,2,20260923T233635Z,20260923T233913Z
401864512,4,2026-09-26T16:00:00.000Z,UNLV,Akron,DraftKings,CURRENT,13.5,52.5,410.0,-550.0,2,20260923T233635Z,20260923T233913Z
401864512,4,2026-09-26T16:00:00.000Z,UNLV,Akron,DraftKings,OPEN,14.0,49.5,,,2,20260923T233635Z,20260923T233913Z
401866425,4,2026-09-26T16:00:00.000Z,Ball State,Kent State,Bovada,CURRENT,-3.5,51.5,-165.0,140.0,2,20260923T233635Z,20260923T233913Z
401866425,4,2026-09-26T16:00:00.000Z,Ball State,Kent State,Bovada,OPEN,-3.0,49.5,,,2,20260923T233635Z,20260923T233913Z
401866425,4,2026-09-26T16:00:00.000Z,Ball State,Kent State,DraftKings,CURRENT,-3.5,50.5,-166.0,140.0,2,20260923T233635Z,20260923T233913Z
401866425,4,2026-09-26T16:00:00.000Z,Ball State,Kent State,DraftKings,OPEN,-4.5,51.5,,,2,20260923T233635Z,20260923T233913Z
401864576,4,2026-09-26T16:45:00.000Z,South Alabama,Kentucky,Bovada,CURRENT,-20.5,54.5,-1600.0,800.0,2,20260923T233635Z,20260923T233913Z
401864576,4,2026-09-26T16:45:00.000Z,South Alabama,Kentucky,Bovada,OPEN,-21.0,55.0,,,2,20260923T233635Z,20260923T233913Z
401864576,4,2026-09-26T16:45:00.000Z,South Alabama,Kentucky,DraftKings,CURRENT,-20.5,54.5,-1450.0,850.0,2,20260923T233635Z,20260923T233913Z
401864576,4,2026-09-26T16:45:00.000Z,South Alabama,Kentucky,DraftKings,OPEN,-19.5,55.5,,,2,20260923T233635Z,20260923T233913Z
401866427,4,2026-09-26T17:00:00.000Z,Lindenwood,Eastern Michigan,DraftKings,CURRENT,-25.5,50.5,-6500.0,2000.0,2,20260923T233635Z,20260923T233913Z
401866427,4,2026-09-26T17:00:00.000Z,Lindenwood,Eastern Michigan,DraftKings,OPEN,-25.5,50.5,,,2,20260923T233635Z,20260923T233913Z
401858462,4,2026-09-26T17:30:00.000Z,UCLA,Maryland,Bovada,CURRENT,1.5,57.0,105.0,-125.0,2,20260923T233635Z,20260923T233913Z
401858462,4,2026-09-26T17:30:00.000Z,UCLA,Maryland,Bovada,OPEN,2.0,58.0,,,2,20260923T233635Z,20260923T233913Z
401858462,4,2026-09-26T17:30:00.000Z,UCLA,Maryland,DraftKings,CURRENT,1.5,56.5,100.0,-120.0,4,20260919T191803Z,20260923T233913Z
401858462,4,2026-09-26T17:30:00.000Z,UCLA,Maryland,DraftKings,OPEN,1.5,51.5,,,4,20260919T191803Z,20260923T233913Z
401858467,4,2026-09-26T18:00:00.000Z,Notre Dame,Purdue,Bovada,CURRENT,28.0,58.0,1300.0,-5000.0,2,20260923T233635Z,20260923T233913Z
401858467,4,2026-09-26T18:00:00.000Z,Notre Dame,Purdue,Bovada,OPEN,26.5,57.5,,,2,20260923T233635Z,20260923T233913Z
401858467,4,2026-09-26T18:00:00.000Z,Notre Dame,Purdue,DraftKings,CURRENT,27.5,58.5,1700.0,-4500.0,2,20260923T233635Z,20260923T233913Z
401858467,4,2026-09-26T18:00:00.000Z,Notre Dame,Purdue,DraftKings,OPEN,27.5,56.5,,,2,20260923T233635Z,20260923T233913Z
401864511,4,2026-09-26T18:00:00.000Z,Northern Illinois,Georgia State,Bovada,CURRENT,-10.5,56.0,-380.0,290.0,2,20260923T233635Z,20260923T233913Z
401864511,4,2026-09-26T18:00:00.000Z,Northern Illinois,Georgia State,Bovada,OPEN,-10.0,55.0,,,2,20260923T233635Z,20260923T233913Z
401864511,4,2026-09-26T18:00:00.000Z,Northern Illinois,Georgia State,DraftKings,CURRENT,-10.5,55.5,-375.0,295.0,2,20260923T233635Z,20260923T233913Z
401864511,4,2026-09-26T18:00:00.000Z,Northern Illinois,Georgia State,DraftKings,OPEN,-8.5,54.5,,,2,20260923T233635Z,20260923T233913Z
401858237,4,2026-09-26T19:00:00.000Z,Central Arkansas,Florida State,DraftKings,CURRENT,-44.5,60.5,,,2,20260923T233635Z,20260923T233913Z
401858237,4,2026-09-26T19:00:00.000Z,Central Arkansas,Florida State,DraftKings,OPEN,-42.5,59.5,,,2,20260923T233635Z,20260923T233913Z
401864510,4,2026-09-26T19:00:00.000Z,Hawai'i,Wyoming,Bovada,CURRENT,3.0,44.5,135.0,-160.0,2,20260923T233635Z,20260923T233913Z
401864510,4,2026-09-26T19:00:00.000Z,Hawai'i,Wyoming,Bovada,OPEN,3.0,46.0,,,2,20260923T233635Z,20260923T233913Z
401864510,4,2026-09-26T19:00:00.000Z,Hawai'i,Wyoming,DraftKings,CURRENT,3.0,44.5,130.0,-155.0,2,20260923T233635Z,20260923T233913Z
401864510,4,2026-09-26T19:00:00.000Z,Hawai'i,Wyoming,DraftKings,OPEN,5.5,44.5,,,2,20260923T233635Z,20260923T233913Z
401856699,4,2026-09-26T19:30:00.000Z,Ole Miss,Florida,Bovada,CURRENT,-3.5,59.0,-165.0,140.0,2,20260923T233635Z,20260923T233913Z
401856699,4,2026-09-26T19:30:00.000Z,Ole Miss,Florida,Bovada,OPEN,-3.5,61.0,,,2,20260923T233635Z,20260923T233913Z
401856699,4,2026-09-26T19:30:00.000Z,Ole Miss,Florida,DraftKings,CURRENT,-3.5,58.5,-155.0,130.0,2,20260919T191803Z,20260923T233913Z
401856699,4,2026-09-26T19:30:00.000Z,Ole Miss,Florida,DraftKings,OPEN,-1.5,57.5,,,4,20260919T191803Z,20260923T233913Z
401856700,4,2026-09-26T19:30:00.000Z,Oklahoma,Georgia,Bovada,CURRENT,-14.0,44.5,-650.0,450.0,2,20260923T233635Z,20260923T233913Z
401856700,4,2026-09-26T19:30:00.000Z,Oklahoma,Georgia,Bovada,OPEN,-14.0,43.5,,,2,20260923T233635Z,20260923T233913Z
401856700,4,2026-09-26T19:30:00.000Z,Oklahoma,Georgia,DraftKings,CURRENT,-14.0,44.5,-600.0,440.0,2,20260919T191803Z,20260923T233913Z
401856815,4,2026-09-26T19:30:00.000Z,TCU,UCF,Bovada,CURRENT,3.0,48.5,135.0,-160.0,2,20260923T233635Z,20260923T233913Z
401856815,4,2026-09-26T19:30:00.000Z,TCU,UCF,Bovada,OPEN,3.0,49.5,,,2,20260923T233635Z,20260923T233913Z
401856815,4,2026-09-26T19:30:00.000Z,TCU,UCF,DraftKings,CURRENT,3.0,48.5,136.0,-162.0,2,20260923T233635Z,20260923T233913Z
401856815,4,2026-09-26T19:30:00.000Z,TCU,UCF,DraftKings,OPEN,3.0,50.5,,,2,20260923T233635Z,20260923T233913Z
401856816,4,2026-09-26T19:30:00.000Z,Utah,Iowa State,Bovada,CURRENT,8.0,48.0,280.0,-360.0,2,20260923T233635Z,20260923T233913Z
401856816,4,2026-09-26T19:30:00.000Z,Utah,Iowa State,Bovada,OPEN,8.5,49.0,,,2,20260923T233635Z,20260923T233913Z
401856816,4,2026-09-26T19:30:00.000Z,Utah,Iowa State,DraftKings,CURRENT,8.5,48.5,270.0,-340.0,2,20260923T233635Z,20260923T233913Z
401856816,4,2026-09-26T19:30:00.000Z,Utah,Iowa State,DraftKings,OPEN,11.5,49.5,,,2,20260923T233635Z,20260923T233913Z
401858244,4,2026-09-26T19:30:00.000Z,William & Mary,Duke,DraftKings,CURRENT,-43.5,61.5,,,2,20260923T233635Z,20260923T233913Z
401858244,4,2026-09-26T19:30:00.000Z,William & Mary,Duke,DraftKings,OPEN,-43.5,60.5,,,2,20260923T233635Z,20260923T233913Z
401858463,4,2026-09-26T19:30:00.000Z,Iowa,Michigan,Bovada,CURRENT,-5.5,38.5,-185.0,160.0,2,20260923T233635Z,20260923T233913Z
401858463,4,2026-09-26T19:30:00.000Z,Iowa,Michigan,Bovada,OPEN,-4.0,37.5,,,2,20260923T233635Z,20260923T233913Z
401858463,4,2026-09-26T19:30:00.000Z,Iowa,Michigan,DraftKings,CURRENT,-5.5,38.5,-218.0,180.0,2,20260919T191803Z,20260923T233913Z
401858463,4,2026-09-26T19:30:00.000Z,Iowa,Michigan,DraftKings,OPEN,-4.5,39.5,,,4,20260919T191803Z,20260923T233913Z
401860897,4,2026-09-26T19:30:00.000Z,Boise State,Western Michigan,Bovada,CURRENT,7.0,50.0,230.0,-280.0,2,20260923T233635Z,20260923T233913Z
401860897,4,2026-09-26T19:30:00.000Z,Boise State,Western Michigan,Bovada,OPEN,7.0,48.5,,,2,20260923T233635Z,20260923T233913Z
401860897,4,2026-09-26T19:30:00.000Z,Boise State,Western Michigan,DraftKings,CURRENT,7.0,50.5,230.0,-285.0,2,20260923T233635Z,20260923T233913Z
401861970,4,2026-09-26T19:30:00.000Z,UConn,Miami (OH),Bovada,CURRENT,-3.5,51.5,-200.0,170.0,2,20260923T233635Z,20260923T233913Z
401861970,4,2026-09-26T19:30:00.000Z,UConn,Miami (OH),Bovada,OPEN,-4.5,51.0,,,2,20260923T233635Z,20260923T233913Z
401861970,4,2026-09-26T19:30:00.000Z,UConn,Miami (OH),DraftKings,CURRENT,-3.5,51.5,-175.0,145.0,2,20260923T233635Z,20260923T233913Z
401861970,4,2026-09-26T19:30:00.000Z,UConn,Miami (OH),DraftKings,OPEN,-3.0,50.5,,,2,20260923T233635Z,20260923T233913Z
401864579,4,2026-09-26T19:30:00.000Z,New Mexico,New Mexico State,Bovada,CURRENT,11.0,48.5,370.0,-510.0,2,20260923T233635Z,20260923T233913Z
401864579,4,2026-09-26T19:30:00.000Z,New Mexico,New Mexico State,Bovada,OPEN,12.0,48.5,,,2,20260923T233635Z,20260923T233913Z
401864579,4,2026-09-26T19:30:00.000Z,New Mexico,New Mexico State,DraftKings,CURRENT,11.5,48.5,350.0,-455.0,2,20260923T233635Z,20260923T233913Z
401864579,4,2026-09-26T19:30:00.000Z,New Mexico,New Mexico State,DraftKings,OPEN,12.5,49.5,,,2,20260923T233635Z,20260923T233913Z
401866426,4,2026-09-26T19:30:00.000Z,Robert Morris,Buffalo,DraftKings,CURRENT,-28.5,44.5,-6500.0,2000.0,2,20260923T233635Z,20260923T233913Z
401866426,4,2026-09-26T19:30:00.000Z,Robert Morris,Buffalo,DraftKings,OPEN,-28.5,44.5,,,2,20260923T233635Z,20260923T233913Z
401866428,4,2026-09-26T19:30:00.000Z,Stonehill,Ohio,DraftKings,CURRENT,-34.5,50.5,-50000.0,4000.0,2,20260923T233635Z,20260923T233913Z
401866428,4,2026-09-26T19:30:00.000Z,Stonehill,Ohio,DraftKings,OPEN,-34.5,50.5,,,2,20260923T233635Z,20260923T233913Z
401868188,4,2026-09-26T19:30:00.000Z,Gardner-Webb,Marshall,DraftKings,CURRENT,-23.5,50.5,-2400.0,1200.0,2,20260923T233635Z,20260923T233913Z
401868188,4,2026-09-26T19:30:00.000Z,Gardner-Webb,Marshall,DraftKings,OPEN,-23.5,50.5,,,2,20260923T233635Z,20260923T233913Z
401856806,4,2026-09-26T20:00:00.000Z,Houston,Georgia Southern,Bovada,CURRENT,18.5,56.5,625.0,-1000.0,2,20260923T233635Z,20260923T233913Z
401856806,4,2026-09-26T20:00:00.000Z,Houston,Georgia Southern,Bovada,OPEN,18.0,55.0,,,2,20260923T233635Z,20260923T233913Z
401856806,4,2026-09-26T20:00:00.000Z,Houston,Georgia Southern,DraftKings,CURRENT,18.5,56.5,675.0,-1050.0,2,20260923T233635Z,20260923T233913Z
401856806,4,2026-09-26T20:00:00.000Z,Houston,Georgia Southern,DraftKings,OPEN,19.5,55.5,,,2,20260923T233635Z,20260923T233913Z
401862781,4,2026-09-26T20:00:00.000Z,North Carolina Central,East Carolina,DraftKings,CURRENT,-34.5,54.5,-50000.0,4000.0,2,20260923T233635Z,20260923T233913Z
401862781,4,2026-09-26T20:00:00.000Z,North Carolina Central,East Carolina,DraftKings,OPEN,-34.5,54.5,,,2,20260923T233635Z,20260923T233913Z
401856698,4,2026-09-26T20:15:00.000Z,Vanderbilt,Auburn,Bovada,CURRENT,-9.5,55.0,-360.0,280.0,2,20260923T233635Z,20260923T233913Z
401856698,4,2026-09-26T20:15:00.000Z,Vanderbilt,Auburn,Bovada,OPEN,-9.5,54.5,,,2,20260923T233635Z,20260923T233913Z
401856698,4,2026-09-26T20:15:00.000Z,Vanderbilt,Auburn,DraftKings,CURRENT,-9.5,55.5,-355.0,280.0,2,20260919T191803Z,20260923T233913Z
401856698,4,2026-09-26T20:15:00.000Z,Vanderbilt,Auburn,DraftKings,OPEN,-8.5,50.5,,,4,20260919T191803Z,20260923T233913Z
401858464,4,2026-09-26T21:00:00.000Z,Nebraska,Michigan State,Bovada,CURRENT,5.5,49.0,180.0,-220.0,2,20260923T233635Z,20260923T233913Z
401858464,4,2026-09-26T21:00:00.000Z,Nebraska,Michigan State,Bovada,OPEN,5.5,48.5,,,2,20260923T233635Z,20260923T233913Z
401858464,4,2026-09-26T21:00:00.000Z,Nebraska,Michigan State,DraftKings,CURRENT,5.5,48.5,180.0,-218.0,4,20260919T191803Z,20260923T233913Z
401858464,4,2026-09-26T21:00:00.000Z,Nebraska,Michigan State,DraftKings,OPEN,5.5,52.5,,,4,20260919T191803Z,20260923T233913Z
401858466,4,2026-09-26T21:00:00.000Z,Wisconsin,Penn State,Bovada,CURRENT,-10.0,45.0,-400.0,300.0,2,20260923T233635Z,20260923T233913Z
401858466,4,2026-09-26T21:00:00.000Z,Wisconsin,Penn State,Bovada,OPEN,-10.0,46.5,,,2,20260923T233635Z,20260923T233913Z
401858466,4,2026-09-26T21:00:00.000Z,Wisconsin,Penn State,DraftKings,CURRENT,-10.0,44.5,-375.0,295.0,2,20260919T191803Z,20260923T233913Z
401858466,4,2026-09-26T21:00:00.000Z,Wisconsin,Penn State,DraftKings,OPEN,-11.5,42.5,,,4,20260919T191803Z,20260923T233913Z
401862785,4,2026-09-26T21:00:00.000Z,South Florida,Bowling Green,Bovada,CURRENT,17.5,48.5,600.0,-1000.0,2,20260923T233635Z,20260923T233913Z
401862785,4,2026-09-26T21:00:00.000Z,South Florida,Bowling Green,Bovada,OPEN,17.5,49.5,,,2,20260923T233635Z,20260923T233913Z
401862785,4,2026-09-26T21:00:00.000Z,South Florida,Bowling Green,DraftKings,CURRENT,17.5,48.5,650.0,-1000.0,2,20260923T233635Z,20260923T233913Z
401862785,4,2026-09-26T21:00:00.000Z,South Florida,Bowling Green,DraftKings,OPEN,15.5,51.5,,,2,20260923T233635Z,20260923T233913Z
401858239,4,2026-09-26T22:00:00.000Z,Delaware,Virginia,Bovada,CURRENT,-19.5,52.5,-1400.0,750.0,2,20260923T233635Z,20260923T233913Z
401858239,4,2026-09-26T22:00:00.000Z,Delaware,Virginia,Bovada,OPEN,-20.0,52.5,,,2,20260923T233635Z,20260923T233913Z
401858239,4,2026-09-26T22:00:00.000Z,Delaware,Virginia,DraftKings,CURRENT,-19.5,52.5,-1450.0,850.0,2,20260923T233635Z,20260923T233913Z
401858239,4,2026-09-26T22:00:00.000Z,Delaware,Virginia,DraftKings,OPEN,-20.5,,,,2,20260923T233635Z,20260923T233913Z
401860892,4,2026-09-26T22:00:00.000Z,Incarnate Word,Texas State,DraftKings,CURRENT,-29.5,63.5,-4500.0,1700.0,2,20260923T233635Z,20260923T233913Z
401860892,4,2026-09-26T22:00:00.000Z,Incarnate Word,Texas State,DraftKings,OPEN,-29.5,63.5,,,2,20260923T233635Z,20260923T233913Z
401867909,4,2026-09-26T22:00:00.000Z,Long Island University,Florida International,DraftKings,CURRENT,-35.5,50.5,,,2,20260923T233635Z,20260923T233913Z
401867909,4,2026-09-26T22:00:00.000Z,Long Island University,Florida International,DraftKings,OPEN,-35.5,50.5,,,2,20260923T233635Z,20260923T233913Z
401869961,4,2026-09-26T22:00:00.000Z,James Madison,Old Dominion,Bovada,CURRENT,6.0,45.0,175.0,-210.0,2,20260923T233635Z,20260923T233913Z
401869961,4,2026-09-26T22:00:00.000Z,James Madison,Old Dominion,Bovada,OPEN,5.0,47.5,,,2,20260923T233635Z,20260923T233913Z
401869961,4,2026-09-26T22:00:00.000Z,James Madison,Old Dominion,DraftKings,CURRENT,6.0,44.5,185.0,-225.0,2,20260923T233635Z,20260923T233913Z
401869961,4,2026-09-26T22:00:00.000Z,James Madison,Old Dominion,DraftKings,OPEN,4.5,50.5,,,2,20260923T233635Z,20260923T233913Z
401858238,4,2026-09-26T22:30:00.000Z,Central Michigan,Miami,Bovada,CURRENT,-41.0,53.5,,,2,20260923T233635Z,20260923T233913Z
401858238,4,2026-09-26T22:30:00.000Z,Central Michigan,Miami,Bovada,OPEN,-39.0,53.0,,,2,20260923T233635Z,20260923T233913Z
401858238,4,2026-09-26T22:30:00.000Z,Central Michigan,Miami,DraftKings,CURRENT,-41.5,53.5,,,2,20260923T233635Z,20260923T233913Z
401858238,4,2026-09-26T22:30:00.000Z,Central Michigan,Miami,DraftKings,OPEN,-42.5,54.5,,,2,20260923T233635Z,20260923T233913Z
401862780,4,2026-09-26T22:30:00.000Z,Louisiana,Charlotte,Bovada,CURRENT,10.0,49.0,325.0,-435.0,2,20260923T233635Z,20260923T233913Z
401862780,4,2026-09-26T22:30:00.000Z,Louisiana,Charlotte,Bovada,OPEN,10.0,50.0,,,2,20260923T233635Z,20260923T233913Z
401862780,4,2026-09-26T22:30:00.000Z,Louisiana,Charlotte,DraftKings,CURRENT,10.0,48.5,320.0,-410.0,2,20260923T233635Z,20260923T233913Z
401862780,4,2026-09-26T22:30:00.000Z,Louisiana,Charlotte,DraftKings,OPEN,14.5,52.5,,,2,20260923T233635Z,20260923T233913Z
401856696,4,2026-09-26T23:00:00.000Z,South Carolina,Alabama,Bovada,CURRENT,-12.5,54.0,-550.0,390.0,2,20260923T233635Z,20260923T233913Z
401856696,4,2026-09-26T23:00:00.000Z,South Carolina,Alabama,Bovada,OPEN,-13.0,54.0,,,2,20260923T233635Z,20260923T233913Z
401856696,4,2026-09-26T23:00:00.000Z,South Carolina,Alabama,DraftKings,CURRENT,-12.5,53.5,-485.0,370.0,2,20260919T191803Z,20260923T233913Z
401856696,4,2026-09-26T23:00:00.000Z,South Carolina,Alabama,DraftKings,OPEN,-11.5,46.5,,,4,20260919T191803Z,20260923T233913Z
401856814,4,2026-09-26T23:00:00.000Z,Kansas State,Cincinnati,Bovada,CURRENT,6.0,55.5,200.0,-240.0,2,20260923T233635Z,20260923T233913Z
401856814,4,2026-09-26T23:00:00.000Z,Kansas State,Cincinnati,Bovada,OPEN,6.5,54.0,,,2,20260923T233635Z,20260923T233913Z
401856814,4,2026-09-26T23:00:00.000Z,Kansas State,Cincinnati,DraftKings,CURRENT,6.5,55.5,195.0,-238.0,2,20260923T233635Z,20260923T233913Z
401856814,4,2026-09-26T23:00:00.000Z,Kansas State,Cincinnati,DraftKings,OPEN,6.0,52.5,,,2,20260923T233635Z,20260923T233913Z
401856881,4,2026-09-26T23:00:00.000Z,Oklahoma State,West Virginia,Bovada,CURRENT,-2.0,60.0,-120.0,100.0,2,20260923T233635Z,20260923T233913Z
401856881,4,2026-09-26T23:00:00.000Z,Oklahoma State,West Virginia,Bovada,OPEN,-1.5,59.5,,,2,20260923T233635Z,20260923T233913Z
401856881,4,2026-09-26T23:00:00.000Z,Oklahoma State,West Virginia,DraftKings,CURRENT,-1.5,60.5,-125.0,105.0,2,20260919T191803Z,20260923T233913Z
401856881,4,2026-09-26T23:00:00.000Z,Oklahoma State,West Virginia,DraftKings,OPEN,2.5,57.5,,,4,20260919T191803Z,20260923T233913Z
401862784,4,2026-09-26T23:00:00.000Z,Southern Miss,Tulane,Bovada,CURRENT,-18.0,52.5,-1100.0,650.0,2,20260923T233635Z,20260923T233913Z
401862784,4,2026-09-26T23:00:00.000Z,Southern Miss,Tulane,Bovada,OPEN,-18.0,52.5,,,2,20260923T233635Z,20260923T233913Z
401862784,4,2026-09-26T23:00:00.000Z,Southern Miss,Tulane,DraftKings,CURRENT,-18.5,52.5,-1000.0,650.0,2,20260923T233635Z,20260923T233913Z
401862784,4,2026-09-26T23:00:00.000Z,Southern Miss,Tulane,DraftKings,OPEN,-17.5,53.5,,,2,20260923T233635Z,20260923T233913Z
401869931,4,2026-09-26T23:00:00.000Z,Kennesaw State,Arkansas State,Bovada,CURRENT,-6.5,52.5,-185.0,160.0,2,20260923T233635Z,20260923T233913Z
401869931,4,2026-09-26T23:00:00.000Z,Kennesaw State,Arkansas State,Bovada,OPEN,-4.0,53.5,,,2,20260923T233635Z,20260923T233913Z
401869931,4,2026-09-26T23:00:00.000Z,Kennesaw State,Arkansas State,DraftKings,CURRENT,-6.5,52.5,-238.0,195.0,2,20260923T233635Z,20260923T233913Z
401869931,4,2026-09-26T23:00:00.000Z,Kennesaw State,Arkansas State,DraftKings,OPEN,-5.5,53.5,,,2,20260923T233635Z,20260923T233913Z
401870745,4,2026-09-26T23:00:00.000Z,Mercyhurst,Western Kentucky,DraftKings,CURRENT,-38.5,56.5,,,2,20260923T233635Z,20260923T233913Z
401870745,4,2026-09-26T23:00:00.000Z,Mercyhurst,Western Kentucky,DraftKings,OPEN,-38.5,56.5,,,2,20260923T233635Z,20260923T233913Z
401871048,4,2026-09-26T23:00:00.000Z,Middle Tennessee,Jacksonville State,Bovada,CURRENT,-7.0,51.5,-340.0,270.0,2,20260923T233635Z,20260923T233913Z
401871048,4,2026-09-26T23:00:00.000Z,Middle Tennessee,Jacksonville State,Bovada,OPEN,-8.5,52.0,,,2,20260923T233635Z,20260923T233913Z
401871048,4,2026-09-26T23:00:00.000Z,Middle Tennessee,Jacksonville State,DraftKings,CURRENT,-7.0,51.5,-285.0,230.0,2,20260923T233635Z,20260923T233913Z
401871048,4,2026-09-26T23:00:00.000Z,Middle Tennessee,Jacksonville State,DraftKings,OPEN,-9.5,54.5,,,2,20260923T233635Z,20260923T233913Z
401856702,4,2026-09-26T23:30:00.000Z,Texas A&M,LSU,Bovada,CURRENT,-8.5,51.5,-380.0,290.0,2,20260923T233635Z,20260923T233913Z
401856702,4,2026-09-26T23:30:00.000Z,Texas A&M,LSU,Bovada,OPEN,-9.5,52.5,,,2,20260923T233635Z,20260923T233913Z
401856702,4,2026-09-26T23:30:00.000Z,Texas A&M,LSU,DraftKings,CURRENT,-8.5,51.5,-340.0,270.0,2,20260919T191803Z,20260923T233913Z
401856804,4,2026-09-26T23:30:00.000Z,Arizona,Washington State,Bovada,CURRENT,10.0,49.0,325.0,-435.0,2,20260923T233635Z,20260923T233913Z
401856804,4,2026-09-26T23:30:00.000Z,Arizona,Washington State,Bovada,OPEN,10.0,47.5,,,2,20260923T233635Z,20260923T233913Z
401856804,4,2026-09-26T23:30:00.000Z,Arizona,Washington State,DraftKings,CURRENT,10.0,48.5,310.0,-395.0,2,20260923T233635Z,20260923T233913Z
401856804,4,2026-09-26T23:30:00.000Z,Arizona,Washington State,DraftKings,OPEN,13.5,48.5,,,2,20260923T233635Z,20260923T233913Z
401858469,4,2026-09-26T23:30:00.000Z,Oregon,USC,Bovada,CURRENT,3.0,62.5,140.0,-140.0,2,20260923T233635Z,20260923T233913Z
401858469,4,2026-09-26T23:30:00.000Z,Oregon,USC,Bovada,OPEN,2.5,62.0,,,2,20260923T233635Z,20260923T233913Z
401858469,4,2026-09-26T23:30:00.000Z,Oregon,USC,DraftKings,CURRENT,3.0,62.5,140.0,-166.0,4,20260919T191803Z,20260923T233913Z
401860894,4,2026-09-26T23:30:00.000Z,Troy,Utah State,Bovada,CURRENT,-3.0,47.5,-130.0,110.0,2,20260923T233635Z,20260923T233913Z
401860894,4,2026-09-26T23:30:00.000Z,Troy,Utah State,Bovada,OPEN,-2.5,49.0,,,2,20260923T233635Z,20260923T233913Z
401860894,4,2026-09-26T23:30:00.000Z,Troy,Utah State,DraftKings,CURRENT,-3.0,47.5,-155.0,130.0,2,20260923T233635Z,20260923T233913Z
401860894,4,2026-09-26T23:30:00.000Z,Troy,Utah State,DraftKings,OPEN,-2.5,52.5,,,2,20260923T233635Z,20260923T233913Z
401862783,4,2026-09-26T23:30:00.000Z,Houston Christian,North Texas,DraftKings,CURRENT,-37.5,58.5,-100000.0,5000.0,2,20260923T233635Z,20260923T233913Z
401862783,4,2026-09-26T23:30:00.000Z,Houston Christian,North Texas,DraftKings,OPEN,-37.5,58.5,,,2,20260923T233635Z,20260923T233913Z
401864572,4,2026-09-26T23:30:00.000Z,App State,NC State,Bovada,CURRENT,-14.0,55.0,-575.0,400.0,2,20260923T233635Z,20260923T233913Z
401864572,4,2026-09-26T23:30:00.000Z,App State,NC State,Bovada,OPEN,-13.5,55.0,,,2,20260923T233635Z,20260923T233913Z
401864572,4,2026-09-26T23:30:00.000Z,App State,NC State,DraftKings,CURRENT,-14.0,55.5,-600.0,440.0,2,20260923T233635Z,20260923T233913Z
401864572,4,2026-09-26T23:30:00.000Z,App State,NC State,DraftKings,OPEN,-14.0,55.5,,,2,20260923T233635Z,20260923T233913Z
401856703,4,2026-09-26T23:45:00.000Z,Missouri,Mississippi State,Bovada,CURRENT,-6.0,58.5,-230.0,190.0,2,20260923T233635Z,20260923T233913Z
401856703,4,2026-09-26T23:45:00.000Z,Missouri,Mississippi State,Bovada,OPEN,-6.0,58.0,,,2,20260923T233635Z,20260923T233913Z
401856703,4,2026-09-26T23:45:00.000Z,Missouri,Mississippi State,DraftKings,CURRENT,-6.5,58.5,-238.0,195.0,2,20260919T191803Z,20260923T233913Z
401856703,4,2026-09-26T23:45:00.000Z,Missouri,Mississippi State,DraftKings,OPEN,-1.5,56.5,,,4,20260919T191803Z,20260923T233913Z
401856697,4,2026-09-27T00:00:00.000Z,Tulsa,Arkansas,Bovada,CURRENT,-7.0,50.5,-275.0,225.0,2,20260923T233635Z,20260923T233913Z
401856697,4,2026-09-27T00:00:00.000Z,Tulsa,Arkansas,Bovada,OPEN,-7.0,53.0,,,2,20260923T233635Z,20260923T233913Z
401856697,4,2026-09-27T00:00:00.000Z,Tulsa,Arkansas,DraftKings,CURRENT,-7.0,50.5,-270.0,220.0,2,20260923T233635Z,20260923T233913Z
401856697,4,2026-09-27T00:00:00.000Z,Tulsa,Arkansas,DraftKings,OPEN,-8.5,52.5,,,2,20260923T233635Z,20260923T233913Z
401862782,4,2026-09-27T00:00:00.000Z,Florida Atlantic,UL Monroe,Bovada,CURRENT,13.5,57.0,410.0,-585.0,2,20260923T233635Z,20260923T233913Z
401862782,4,2026-09-27T00:00:00.000Z,Florida Atlantic,UL Monroe,Bovada,OPEN,13.5,57.0,,,2,20260923T233635Z,20260923T233913Z
401862782,4,2026-09-27T00:00:00.000Z,Florida Atlantic,UL Monroe,DraftKings,CURRENT,13.5,57.5,400.0,-535.0,2,20260923T233635Z,20260923T233913Z
401862782,4,2026-09-27T00:00:00.000Z,Florida Atlantic,UL Monroe,DraftKings,OPEN,13.5,59.5,,,2,20260923T233635Z,20260923T233913Z
401858241,4,2026-09-27T01:00:00.000Z,Missouri State,SMU,Bovada,CURRENT,-35.0,60.0,,,2,20260923T233635Z,20260923T233913Z
401858241,4,2026-09-27T01:00:00.000Z,Missouri State,SMU,Bovada,OPEN,-35.0,58.0,,,2,20260923T233635Z,20260923T233913Z
401858241,4,2026-09-27T01:00:00.000Z,Missouri State,SMU,DraftKings,CURRENT,-34.5,59.5,-50000.0,4000.0,2,20260923T233635Z,20260923T233913Z
401858241,4,2026-09-27T01:00:00.000Z,Missouri State,SMU,DraftKings,OPEN,-34.5,59.5,,,2,20260923T233635Z,20260923T233913Z
401860895,4,2026-09-27T01:00:00.000Z,Oregon State,UTEP,Bovada,CURRENT,10.5,55.5,355.0,-490.0,2,20260923T233635Z,20260923T233913Z
401860895,4,2026-09-27T01:00:00.000Z,Oregon State,UTEP,Bovada,OPEN,11.0,54.0,,,2,20260923T233635Z,20260923T233913Z
401860895,4,2026-09-27T01:00:00.000Z,Oregon State,UTEP,DraftKings,CURRENT,10.5,55.5,340.0,-440.0,2,20260923T233635Z,20260923T233913Z
401860895,4,2026-09-27T01:00:00.000Z,Oregon State,UTEP,DraftKings,OPEN,12.5,55.5,,,2,20260923T233635Z,20260923T233913Z
401866429,4,2026-09-27T01:00:00.000Z,Massachusetts,Sacramento State,Bovada,CURRENT,3.5,48.5,185.0,-225.0,2,20260923T233635Z,20260923T233913Z
401866429,4,2026-09-27T01:00:00.000Z,Massachusetts,Sacramento State,Bovada,OPEN,6.0,48.5,,,2,20260923T233635Z,20260923T233913Z
401866429,4,2026-09-27T01:00:00.000Z,Massachusetts,Sacramento State,DraftKings,CURRENT,4.0,48.5,154.0,-185.0,2,20260923T233635Z,20260923T233913Z
401866429,4,2026-09-27T01:00:00.000Z,Massachusetts,Sacramento State,DraftKings,OPEN,6.0,50.5,,,2,20260923T233635Z,20260923T233913Z
401860891,4,2026-09-27T02:00:00.000Z,Rice,Fresno State,Bovada,CURRENT,-13.5,44.0,-585.0,430.0,2,20260923T233635Z,20260923T233913Z
401860891,4,2026-09-27T02:00:00.000Z,Rice,Fresno State,Bovada,OPEN,-14.0,44.5,,,2,20260923T233635Z,20260923T233913Z
401860891,4,2026-09-27T02:00:00.000Z,Rice,Fresno State,DraftKings,CURRENT,-13.5,44.5,-550.0,410.0,2,20260923T233635Z,20260923T233913Z
401860891,4,2026-09-27T02:00:00.000Z,Rice,Fresno State,DraftKings,OPEN,-13.5,43.5,,,2,20260923T233635Z,20260923T233913Z
401858240,4,2026-09-27T02:30:00.000Z,Georgia Tech,Stanford,Bovada,CURRENT,3.5,48.0,150.0,-175.0,2,20260923T233635Z,20260923T233913Z
401858240,4,2026-09-27T02:30:00.000Z,Georgia Tech,Stanford,Bovada,OPEN,3.5,48.0,,,2,20260923T233635Z,20260923T233913Z
401858240,4,2026-09-27T02:30:00.000Z,Georgia Tech,Stanford,DraftKings,CURRENT,3.5,48.5,145.0,-175.0,2,20260923T233635Z,20260923T233913Z
401858240,4,2026-09-27T02:30:00.000Z,Georgia Tech,Stanford,DraftKings,OPEN,4.5,48.5,,,2,20260923T233635Z,20260923T233913Z
401864509,4,2026-09-27T02:30:00.000Z,Air Force,Nevada,Bovada,CURRENT,5.5,49.5,160.0,-185.0,2,20260923T233635Z,20260923T233913Z
401864509,4,2026-09-27T02:30:00.000Z,Air Force,Nevada,Bovada,OPEN,4.0,49.0,,,2,20260923T233635Z,20260923T233913Z
401864509,4,2026-09-27T02:30:00.000Z,Air Force,Nevada,DraftKings,CURRENT,5.5,49.5,190.0,-230.0,2,20260923T233635Z,20260923T233913Z
401864509,4,2026-09-27T02:30:00.000Z,Air Force,Nevada,DraftKings,OPEN,4.5,48.5,,,2,20260923T233635Z,20260923T233913Z
401858470,4,2026-09-27T03:00:00.000Z,Minnesota,Washington,Bovada,CURRENT,-10.0,46.0,-350.0,275.0,2,20260923T233635Z,20260923T233913Z
401858470,4,2026-09-27T03:00:00.000Z,Minnesota,Washington,Bovada,OPEN,-9.0,45.0,,,2,20260923T233635Z,20260923T233913Z
401858470,4,2026-09-27T03:00:00.000Z,Minnesota,Washington,DraftKings,CURRENT,-10.0,45.5,-395.0,310.0,2,20260923T233635Z,20260923T233913Z
401858470,4,2026-09-27T03:00:00.000Z,Minnesota,Washington,DraftKings,OPEN,-9.5,44.5,,,2,20260923T233635Z,20260923T233913Z
401858245,5,2026-10-02T23:00:00.000Z,Pittsburgh,Virginia Tech,DraftKings,CURRENT,-5.5,56.5,-205.0,170.0,2,20260923T233635Z,20260923T233913Z
401858245,5,2026-10-02T23:00:00.000Z,Pittsburgh,Virginia Tech,DraftKings,OPEN,-5.5,56.5,,,2,20260923T233635Z,20260923T233913Z
401858476,5,2026-10-03T00:00:00.000Z,Penn State,Northwestern,DraftKings,CURRENT,7.0,48.5,225.0,-278.0,2,20260923T233635Z,20260923T233913Z
401858476,5,2026-10-03T00:00:00.000Z,Penn State,Northwestern,DraftKings,OPEN,7.0,48.5,,,2,20260923T233635Z,20260923T233913Z
401856705,5,2026-10-03T04:00:00.000Z,Vanderbilt,Georgia,DraftKings,CURRENT,-23.5,57.5,-3200.0,1400.0,2,20260923T233635Z,20260923T233913Z
401856705,5,2026-10-03T04:00:00.000Z,Vanderbilt,Georgia,DraftKings,OPEN,-23.5,57.5,,,2,20260923T233635Z,20260923T233913Z
401856707,5,2026-10-03T04:00:00.000Z,Alabama,Mississippi State,DraftKings,CURRENT,3.0,58.5,130.0,-155.0,2,20260923T233635Z,20260923T233913Z
401856707,5,2026-10-03T04:00:00.000Z,Alabama,Mississippi State,DraftKings,OPEN,3.0,58.5,,,2,20260923T233635Z,20260923T233913Z
401858249,5,2026-10-03T04:00:00.000Z,Miami,Clemson,DraftKings,CURRENT,17.5,50.5,600.0,-900.0,6,20260906T121248Z,20260923T233913Z
401858249,5,2026-10-03T04:00:00.000Z,Miami,Clemson,DraftKings,OPEN,7.0,55.5,,,8,20260906T121248Z,20260923T233913Z
401858250,5,2026-10-03T04:00:00.000Z,Notre Dame,North Carolina,DraftKings,CURRENT,20.5,49.5,900.0,-1600.0,6,20260906T121248Z,20260923T233913Z
401858250,5,2026-10-03T04:00:00.000Z,Notre Dame,North Carolina,DraftKings,OPEN,23.5,55.5,,,8,20260906T121248Z,20260923T233913Z
401858474,5,2026-10-03T16:00:00.000Z,Michigan,Minnesota,DraftKings,CURRENT,8.5,44.5,270.0,-340.0,2,20260923T233635Z,20260923T233913Z
401858474,5,2026-10-03T16:00:00.000Z,Michigan,Minnesota,DraftKings,OPEN,8.5,44.5,,,2,20260923T233635Z,20260923T233913Z
401856708,5,2026-10-03T19:30:00.000Z,Florida,Missouri,DraftKings,CURRENT,2.5,53.5,110.0,-130.0,2,20260923T233635Z,20260923T233913Z
401856708,5,2026-10-03T19:30:00.000Z,Florida,Missouri,DraftKings,OPEN,2.5,53.5,,,2,20260923T233635Z,20260923T233913Z
401856710,5,2026-10-03T19:30:00.000Z,Auburn,Tennessee,DraftKings,CURRENT,-7.5,57.5,-285.0,230.0,2,20260923T233635Z,20260923T233913Z
401856710,5,2026-10-03T19:30:00.000Z,Auburn,Tennessee,DraftKings,OPEN,-7.5,57.5,,,2,20260923T233635Z,20260923T233913Z
401858248,5,2026-10-03T19:30:00.000Z,Louisville,NC State,DraftKings,CURRENT,7.5,59.5,245.0,-305.0,2,20260923T233635Z,20260923T233913Z
401858248,5,2026-10-03T19:30:00.000Z,Louisville,NC State,DraftKings,OPEN,7.5,59.5,,,2,20260923T233635Z,20260923T233913Z
401858473,5,2026-10-03T19:30:00.000Z,Ohio State,Iowa,DraftKings,CURRENT,14.0,44.5,500.0,-700.0,2,20260923T233635Z,20260923T233913Z
401858473,5,2026-10-03T19:30:00.000Z,Ohio State,Iowa,DraftKings,OPEN,14.0,44.5,,,2,20260923T233635Z,20260923T233913Z
401856709,5,2026-10-03T20:15:00.000Z,Kentucky,South Carolina,DraftKings,CURRENT,-7.0,49.5,-270.0,220.0,2,20260923T233635Z,20260923T233913Z
401856709,5,2026-10-03T20:15:00.000Z,Kentucky,South Carolina,DraftKings,OPEN,-7.0,49.5,,,2,20260923T233635Z,20260923T233913Z
401856818,5,2026-10-03T23:00:00.000Z,BYU,TCU,DraftKings,CURRENT,5.5,52.5,164.0,-198.0,2,20260923T233635Z,20260923T233913Z
401856818,5,2026-10-03T23:00:00.000Z,BYU,TCU,DraftKings,OPEN,5.5,52.5,,,2,20260923T233635Z,20260923T233913Z
401858478,5,2026-10-03T23:30:00.000Z,Washington,USC,DraftKings,CURRENT,-10.0,57.5,-360.0,285.0,2,20260923T233635Z,20260923T233913Z
401858478,5,2026-10-03T23:30:00.000Z,Washington,USC,DraftKings,OPEN,-10.0,57.5,,,2,20260923T233635Z,20260923T233913Z
