pick_id,depth,thesis,mechanism,evidence,evidence_grade,checkable_pre_kick,projection,instrument_rationale,counter_case,counter_case_type,falsifier,constructed_fields
W01-001,FULL,Miami leads Stanford by more than 13.5 at halftime.,"Stanford's offensive line is depleted, so Miami's front wins early downs before Stanford can scheme around it. Miami's advantage is largest before adjustments, which is what pushes the first-half number past the full-game proportion.",Stanford offensive line described as depleted; no names or grades given.,ROSTER,TRUE,Makes the first half 14. Market 13.5. Gap 0.5.,"First half avoids the pull-the-starters risk in a game Miami should lead comfortably, and he believes the mismatch is front-loaded.","A half-point edge against his own number is inside anyone's error bar. Openers also run slow, and Miami turning the ball over once erases the margin.",CONSTRUCTED,Stanford's line holds up on the opening two drives without a sack or a stuff.,counter_case|falsifier|instrument_rationale
W01-002,FULL,UTEP does not score in the first half.,"UTEP rebuilt its offensive line almost entirely from junior-college transfers. Against an Oklahoma front that generates pressure without blitzing, drives end before they start, so UTEP has no route to even a field goal in two quarters.",Roster construction cited qualitatively; no pressure rate or returning-starts figure.,ROSTER,TRUE,None offered. Market 1.5.,A first-half team total isolates the trenches mismatch and avoids Oklahoma backups letting UTEP score late.,"One and a half points is a razor-thin margin; a single long field goal loses it, and a turnover in Oklahoma territory hands UTEP a short field.",CONSTRUCTED,UTEP reaches Oklahoma territory on either of its first two possessions.,counter_case|falsifier|instrument_rationale
W01-003,FULL,Boise State does not exceed 6.5 points in the first half.,"Oregon's defensive line is the strength of the team and Boise never resolved its own line questions in camp. A team that cannot protect early loses possessions to three-and-outs, which caps first-half scoring regardless of talent elsewhere.",Oregon defensive line versus an unresolved Boise offensive line; no figures.,ROSTER,TRUE,None offered. Market 6.5 at plus money.,"First half at plus money is better value than the full-game team total his colleagues took, and it removes garbage-time scoring.","6.5 means Boise can score a touchdown and lose. One explosive play or a special-teams score kills it, and Boise has been an explosive offense historically.",OBSERVED,Boise converts two third downs on its opening drive.,counter_case|falsifier|instrument_rationale
W01-004,FULL,Clemson scores 20 or fewer in Baton Rouge.,"Two negatives compound. Vizzina is not good enough to produce points through the air against this defense, and the run game is not trustworthy enough to produce them on the ground. With no reliable scoring path, Clemson needs LSU mistakes to reach 21.","None offered. The quarterback claim is a scouting judgment with no charting, grade, or sample behind it.",ASSERTION,FALSE,None offered. Market 20.5. A three-unit play with no stated expected value.,The game totals at 50.5 and 51 require both teams to underperform. A Clemson team total isolates the one thing he actually has an opinion about.,"A teammate holds Clemson moneyline at +325 in the same episode, betting Clemson wins outright. Both hosts also rate the Clemson defense highly, and a low-scoring game where Clemson stays close is the script that produces a late Clemson touchdown.",OBSERVED,Vizzina completes a clean first half with no turnover-worthy plays.,counter_case|falsifier|instrument_rationale
W01-005,FULL,Georgia beats Tennessee State by more than 47.,"The market has priced Kirby Smart's reluctance to run up scores into the number, and overcorrected. Against an opponent this weak the second-string margin still clears 47, so the caution that normally justifies the fade does not apply.",Tennessee State described as a bad FCS team; no rating or record cited.,ASSERTION,FALSE,None offered. Market -47.,"Full game rather than first half, which requires Georgia's backups to keep scoring — the opposite of his usual construction.","A rival picker declared this a no-bet at -46.5, saying he needed 51 before laying it. Smart's history of emptying the bench is exactly the reason the number is where it is.",OBSERVED,Georgia's starters are pulled before the end of the third quarter.,counter_case|falsifier|instrument_rationale
W01-006,FULL,Louisville and Ole Miss combine for fewer than 55.5 points.,"Louisville's edge rushers face replacement Ole Miss tackles, which shortens Ole Miss drives. Louisville's linebackers match up on the Ole Miss quarterback's mobility, removing the scramble element. Both offenses lose their easiest scoring mechanism.",New Ole Miss tackles and Louisville edge personnel; no pressure figures.,ROSTER,TRUE,None offered. Market 55.5.,Only full-game total position on a game carrying seven positions; he took the total rather than a side he has no view on.,"Three colleagues across two shows are on Louisville plus the points, which implies a competitive game — and competitive games between two capable offenses are how totals clear 55.",OBSERVED,Either team scores on its opening drive.,counter_case|falsifier|instrument_rationale
W01-007,FULL,Wisconsin and Notre Dame combine for fewer than 24.5 in the first half.,"Both offenses are ground-based and both lines are compromised, so early drives stall. Neither team can score quickly enough to reach 25 before halftime even if the game opens up later.",None offered beyond the structural read.,ASSERTION,FALSE,None offered. Market 24.5. He already held the full game at 48.,"He was already on the full-game under at 48, so the first half is a second bite on the same thesis rather than doubling the same number.","This is position-stacking on one belief, not a second independent read. If the full-game thesis is wrong the first half is likely wrong with it.",CONSTRUCTED,Either team scores twice in the first quarter.,counter_case|falsifier|instrument_rationale
W01-008,FULL,Indiana scores 28 or more before halftime alone.,"Indiana returns its offensive line intact, so protection holds from the opening drive rather than needing weeks to gel. North Texas is thin at the back end. A returning line against an injured secondary means Indiana scores on structure rather than needing explosive plays, which makes four first-half scores plausible.",North Texas secondary injuries; Indiana offensive line returning. Neither quantified on air.,ROSTER,TRUE,None offered. Market 27.5.,The full-game -40.5 carries pull-the-starters and garbage-time risk in a game Indiana should lead by five touchdowns. A first-half team total confines the bet to the window where the mismatch is guaranteed to be on the field.,"27.5 needs four scoring drives in a half. Openers run slow, and one early turnover removes a possession and closes the path. Nobody in either show took the other side.",CONSTRUCTED,North Texas's injured defensive backs are active at kickoff.,counter_case|falsifier|instrument_rationale
W01-009,FULL,SMU wins outright at Florida State.,"SMU is simply the better program right now on three axes at once — staff, roster experience, and raw talent — and a three-point line does not reflect a gap that wide.","Coaching edge, experience edge, more talent. All asserted, none quantified.",ASSERTION,FALSE,None offered. Market -3.,"Took the side rather than the moneyline his colleague preferred, so he is paying for the half-point cushion rather than the price.",A rival picker passed on this same game saying he needed 6 and the market only gave 3. Monday night gives the market maximum time to absorb the SMU information everyone has.,OBSERVED,Florida State's offensive line holds up in the first quarter.,counter_case|falsifier|instrument_rationale
W01-010,FULL,Tulane and Duke combine for fewer than 51.5.,Skepticism about the incoming Tulane staff on one side and a Duke offense replacing its quarterback on the other. Two offenses in transition produce stalled drives and a low total.,None offered.,ASSERTION,FALSE,None offered. Market 51.5.,"Total rather than a side, consistent with having no view on which transitioning team is better.","Both teams returning experienced skill players could make this a shootout, and coaching-transition unders are a crowded angle in week one.",CONSTRUCTED,Either offense scores touchdowns on consecutive first-half drives.,counter_case|falsifier|instrument_rationale
W01-011,COMPRESSED,FIU wins outright at South Florida.,,Coaching comparison asserted; no figures.,ASSERTION,,,,,,,
W01-012,COMPRESSED,Liberty wins outright at James Madison.,,None offered. He noted the price had decayed from +230 and said he liked it less.,NONE,,,,,,,
W01-013,COMPRESSED,Baylor wins outright against Auburn.,,None offered. Stated reason is that nobody wants to bet Baylor.,NONE,,,,,,,
W01-014,COMPRESSED,Wyoming wins outright at Colorado State.,,None offered. Shopped the price up from +140 to +165 on air.,NONE,,,,,,,
W01-015,FULL,Georgia Tech leads Colorado by more than 3.5 at halftime.,"Georgia Tech's identity is physical early-down football, which travels. Colorado's up-tempo offense historically starts slowly on the road while it settles, so the gap is widest before halftime.",None offered; both claims are stylistic reads.,SCHEME,FALSE,None offered. Market -3.5.,"First half isolates the period where he thinks Tech's physicality matters most, before Colorado's tempo can accumulate possessions.","Two BBOC hosts and his own show's branded upset alert are on Colorado plus the points, and Colorado's coach carries a strong underdog cover record.",OBSERVED,Colorado scores on its opening possession.,counter_case|falsifier|instrument_rationale
W01-016,FULL,Toledo and Michigan State combine for fewer than 47.5.,"Michigan State lacks the explosive personnel to score in chunks, so points require sustained drives. Two teams grinding out possessions produce a low-possession, low-scoring game.",None offered; a returning-personnel judgment.,ASSERTION,FALSE,"None offered. Market 47.5, taken over an available 46.5.","Took the higher number deliberately when a lower one was on the board, a mechanical CLV gain independent of the handicap.","One rival declared this game a pure pass, and another took Toledo plus the points expecting a competitive game. A close game between two capable offenses clears 47.5 easily.",OBSERVED,The teams combine for 24 or more in the first half.,counter_case|falsifier|instrument_rationale
W01-017,FULL,Boise State scores 13 or fewer.,"Boise's offensive line questions went unanswered through camp and now meet one of the best defensive fronts in the country. Without protection there is no passing game, and without a passing game Boise cannot sustain drives against Oregon.",Boise offensive line concerns; no pressure rate or grade cited.,ROSTER,TRUE,None offered. Market 13.5.,"Full-game team total rather than the first half, accepting garbage-time risk in exchange for a larger cushion.","13.5 allows two scores. Oregon's backups playing a fourth quarter is exactly how a team total gets there, and Boise has historically produced explosive plays.",CONSTRUCTED,Boise scores a touchdown before halftime.,counter_case|falsifier|instrument_rationale
W01-018,COMPRESSED,Indiana wins the fourth quarter by more than 7.5.,,None offered; framed as market selection over the full-game number.,NONE,,,,,,,
W01-019,FULL,Wyoming and Colorado State combine for fewer than 46.5.,"Rivalry familiarity cuts both ways: each staff has extensive tape on the other, which removes the schematic surprises that generate explosive plays. The result is a phone-booth game decided in short yardage, where drives end in punts rather than points.",None offered as a figure. Notably he checked and rejected the wind angle rather than leaning on it.,SCHEME,FALSE,None offered. Market 46.5. A three-unit play with no stated projected total.,"Total rather than a side in a rivalry game he considers genuinely close, which is the correct instrument if the view is about pace and scoring rather than who wins.","Two pickers across both shows hold Wyoming moneyline, which implies a competitive game. Rivalry games also produce emotional swings and special-teams scores that totals do not price.",OBSERVED,The teams combine for 21 or more in the first half.,counter_case|falsifier|instrument_rationale
W01-020,FULL,Notre Dame beats Wisconsin by more than 20.,"Freeman needs resume-building margins in a season where the committee weighs quality of wins, and Notre Dame's depth advantage compounds in the second half against a Wisconsin roster with injured lines.",None offered; a motivation and depth read.,MOTIVATION,FALSE,"None offered. Market -20, with 20.5 available elsewhere.","Took the side while four other pickers took the total in the same game, which is a different view of the same expected script.","Everyone else on this game expects it low-scoring, and low-scoring games compress margins. A teammate holds Wisconsin plus 11.5 in the first half on exactly that logic.",OBSERVED,Wisconsin is within one score entering the fourth quarter.,counter_case|falsifier|instrument_rationale
W01-021,FULL,East Carolina and Alabama combine for fewer than 28.5 in the first half.,"Extreme heat slows tempo and forces rotation on both sides. Alabama is also breaking in a new quarterback who needs a quarter to find rhythm, against an opponent that returns almost nothing offensively and cannot keep pace.",On-field temperature cited near 110 degrees; ECU described as having lost its whole offense.,ROSTER,TRUE,None offered. Market 28.5.,"First half captures the new-quarterback friction before Alabama settles, and avoids second-half scoring against a tired ECU defense.",Alabama's talent gap is enormous and a single explosive drive plus a defensive score gets most of the way to 28 on its own. A rival is laying 28 on the side in the same game.,OBSERVED,Alabama scores touchdowns on its first two possessions.,counter_case|falsifier|instrument_rationale
W01-022,FULL,Boston College stays within 7.5 at Cincinnati.,The position is a refusal of the number rather than an endorsement of Boston College. He does not believe Cincinnati is good enough to be a touchdown-plus favorite over a power-conference opponent.,None offered.,ASSERTION,FALSE,None offered. Market +7.5.,"Side rather than the total his teammate took, though the two are correlated — a lower-scoring game is the one where BC stays close.","Cincinnati at home against a Boston College team with its own quarterback questions is a reasonable touchdown favorite, and nobody in either show took Cincinnati.",CONSTRUCTED,Cincinnati leads by more than 14 at any point in the first half.,counter_case|falsifier|instrument_rationale
W01-023,FULL,"California stays within 2 of UCLA, at home, late.","The program rallied around an emotional cause this offseason, and he expects both quarterbacks to play well in a game that stays close throughout. In a near-pick-em, the home team with the better settled situation is the side.",None offered; a morale and quarterback-quality read.,MOTIVATION,FALSE,None offered. Market +2.,"Took the side and separately the moneyline at +115, doubling the same view rather than choosing between them.","Four of the ten pickers have Cal exposure, which is the heaviest concentration on the board and means the number has already absorbed it.",OBSERVED,UCLA leads by more than 10 at halftime.,counter_case|falsifier|instrument_rationale
W01-024,COMPRESSED,Toledo wins outright at Michigan State.,,None offered. Correlated with his own under on the same game.,NONE,,,,,,,
W01-025,COMPRESSED,Tulsa wins outright against Oklahoma State.,,Tulsa beat Oklahoma State at home last season.,BASE_RATE,,,,,,,
W01-026,COMPRESSED,California wins outright against UCLA.,,None offered. Shopped up from +102 to +115 on air.,NONE,,,,,,,
W01-027,FULL,Colorado and Georgia Tech combine for fewer than 26.5 in the first half.,"Both offenses have significant new pieces, and new pieces produce sluggish openings — miscommunication, conservative play-calling, and drives that end before they reach scoring range.",None offered.,ASSERTION,FALSE,None offered. Market 26.5.,"First-half total rather than a side in a game his own show flagged as an upset spot, which sidesteps having to pick a winner.","Both teams have explosive quarterbacks, and one long touchdown apiece plus a field goal reaches 24 quickly.",CONSTRUCTED,The teams combine for 17 or more in the first quarter.,counter_case|falsifier|instrument_rationale
W01-028,FULL,Louisville stays within 7 of Ole Miss.,Brohm's game-planning advantage shows up in one-off neutral-site games where preparation matters more than roster depth. Ole Miss's defense is also overrated relative to reputation now that its previous staff has left.,None offered; a coaching and reputation read.,MOTIVATION,FALSE,None offered. Market +7.,"Side rather than the moneyline, taking the points in a game he expects to be close rather than betting the upset outright.","Two pickers hold Ole Miss laying the number, one of whom argues the Ole Miss front seven is the one knowable quantity in the game.",OBSERVED,Ole Miss leads by more than 14 at halftime.,counter_case|falsifier|instrument_rationale
W01-029,FULL,Boise State scores 13 or fewer.,"Boise lost its bellcow back and the replacement has struggled when facing power-conference defenses. Without a run game to hold drives together, Boise's offense becomes one-dimensional against the best front it will see all year.",Prior-season performance against better opponents referenced without figures.,ROSTER,TRUE,None offered. Market 13.5.,Identical number and side to a teammate — not an independent second opinion.,13.5 allows two scores and Oregon will play backups late in a likely blowout.,CONSTRUCTED,Boise's replacement back gains more than 60 yards in the first half.,counter_case|falsifier|instrument_rationale
W01-030,FULL,Clemson and LSU combine for fewer than 50.5.,"Clemson's defense is genuinely good, which caps LSU. LSU's quarterback missed spring reps and needs time with a new operation, which caps Clemson's opponent-scoring side. Both suppressors point the same direction.",LSU quarterback had no spring reps; Clemson defense rated stout. No figures.,ROSTER,TRUE,None offered. Market 50.5.,"Game total rather than the team total a teammate isolated, meaning this requires both teams to underperform rather than one.","He simultaneously holds Clemson moneyline at +325 in the same episode, which is an internal contradiction: he is betting Clemson can win but not that either team can score.",OBSERVED,The teams combine for 28 or more in the first half.,counter_case|falsifier|instrument_rationale
W01-031,FULL,Miami and Stanford combine for more than 47.5.,"Miami alone is capable of reaching the number against this Stanford defense, which means Stanford only has to contribute ten points for the over to land — a low bar even for a bad offense.",Arithmetic framing rather than a pace or efficiency figure.,ASSERTION,FALSE,"Implies Miami around 38 and Stanford 10, so roughly 48. Market 47.5. Gap effectively zero.","The only over on the entire Cover 3 card, in a week the market moved roughly three-to-one toward unders.","A teammate is laying 13.5 on the Miami first half in the same game, expecting a blowout — and blowouts produce second-half clock-killing that suppresses totals.",OBSERVED,Stanford fails to score in the first half.,counter_case|falsifier|instrument_rationale
W01-032,FULL,Wisconsin stays within 11.5 of Notre Dame at halftime.,"The first half is a rock fight between two ground-based offenses, and Notre Dame's advantage is depth rather than explosiveness. Depth tells in the fourth quarter, not the second.",None offered; a structural read on where the talent gap converts.,SCHEME,FALSE,None offered. Market +11.5.,"First-half side rather than the full game, isolating the window before Notre Dame's depth advantage compounds — the mirror image of his teammate's full-game -20.","A teammate is laying 20 on the full game and four pickers are on the under, which together imply a controlled Notre Dame win rather than a close first half.",OBSERVED,Notre Dame leads by more than 14 at any point in the first half.,counter_case|falsifier|instrument_rationale
W01-033,FULL,Michigan beats Western Michigan by more than 27.5.,"A new staff's first home game is when the incentive to establish a standard is highest, and there is a secondary motive in building the young quarterback's confidence with easy production. Both point toward Michigan keeping the throttle down rather than emptying the bench early.",None offered; entirely a motivation read on a first-year staff.,MOTIVATION,FALSE,None offered. Market -27.5. A three-unit play with no projected margin.,"Full-game side in a spot where the stated mechanism, running up the score, requires the second half — so the instrument matches the thesis.","New staffs are also cautious in openers and pull starters once a game is decided. A cross-show picker is on the same side, so the number has already absorbed the angle.",OBSERVED,Michigan's starting quarterback is pulled before the fourth quarter.,counter_case|falsifier|instrument_rationale
W01-034,FULL,Auburn beats Baylor by more than 7.,"He does not trust the Baylor quarterback, and Auburn wins the line of scrimmage on both sides. Controlling the trenches against a quarterback who needs a clean pocket produces a margin wider than a touchdown.",None offered.,ASSERTION,FALSE,None offered. Market -7.,"Side rather than total in a dome, where his teammate took the under instead.","A rival picker declared this a no-bet, calling the line fair anywhere between 7 and 10, and a teammate holds Baylor's moneyline at +250.",OBSERVED,Baylor runs for more than 100 yards in the first half.,counter_case|falsifier|instrument_rationale
W01-035,COMPRESSED,FIU wins outright at South Florida.,,Held a preseason under on South Florida's win total.,NONE,,,,,,,
W01-036,COMPRESSED,California wins outright against UCLA.,,None offered.,NONE,,,,,,,
W01-037,COMPRESSED,Clemson wins outright at LSU.,,None offered. Concedes the Clemson quarterback may only be adequate.,ASSERTION,,,,,,,
W01-038,COMPRESSED,Florida State wins outright against SMU.,,None. Disclosed on air that the rationale is personal rather than analytical.,NONE,,,,,,,
W01-039,FULL,LSU beats Clemson by more than 10.,"The talent gap favors LSU, and a new head coach's first game in a hostile home stadium is the spot where a staff most wants a statement result. Motivation plus roster advantage produces a two-score margin.",None offered.,MOTIVATION,FALSE,None offered. Market -10.,"Side rather than the total four other pickers took, so he is betting on margin in a game the board expects to be low-scoring.","Low-scoring games compress margins, and four positions across both shows are on the under. A teammate holds Clemson's moneyline outright.",OBSERVED,Clemson leads at halftime.,counter_case|falsifier|instrument_rationale
W01-040,FULL,Louisville stays within 7 of Ole Miss.,"Brohm's preparation advantage in a one-off game, against an Ole Miss defense that lost the players who made it good. The gap between reputation and current personnel is where the value sits.",Ole Miss described as having lost its good defensive players; no names.,ROSTER,TRUE,None offered. Market +7.,"Side rather than total, unlike his own three-star elsewhere on the card.","Two pickers hold Ole Miss laying the number, and this is the sharpest market of the week with three backers on his side already.",OBSERVED,Ole Miss leads by more than 14 at halftime.,counter_case|falsifier|instrument_rationale
W01-041,FULL,Wisconsin and Notre Dame combine for fewer than 47.5.,"He walks both plausible paths to a result and finds each of them low-scoring. If Notre Dame controls the game it does so on the ground, draining clock. If Wisconsin keeps it close, neither offense is producing points. There is no version of this game that goes over.",None offered. The argument is structural rather than evidential.,ASSERTION,FALSE,None offered. Market 47.5. A three-unit play with no projected total.,"Full-game total rather than the first half his teammate took, betting the thesis holds across four quarters.",Five under-side positions sit on this game across both shows in a week the market already moved three-to-one toward unders. The direction is priced.,CONSTRUCTED,The teams combine for 24 or more in the first half.,counter_case|falsifier|instrument_rationale
W01-042,FULL,Indiana beats North Texas by more than 40.5.,"Indiana's staff has motivation to post a statement number, and North Texas was gutted when its coordinator left. A motivated favorite against a depleted opponent does not slow down.",North Texas staff departure; no returning-production figure.,ROSTER,TRUE,None offered. Market -40.5.,"Full game rather than the derivative markets both teammates chose on this same game, accepting the pull-the-starters risk they were avoiding.",Forty and a half is an enormous number that requires Indiana's backups to keep scoring. A teammate explicitly preferred the fourth-quarter market for exactly this reason.,OBSERVED,Indiana's starters are pulled before the end of the third quarter.,counter_case|falsifier|instrument_rationale
W01-043,FULL,Ball State stays within 51 of Ohio State.,"Ohio State plays a marquee opponent the following week, which caps the incentive to keep starters in. A disinterested favorite against a spread this large loses the margin in the fourth quarter.",None offered; a look-ahead motivation read.,MOTIVATION,FALSE,None offered. Market +51.,"Side rather than the team total a rival floated, meaning he needs backdoor points rather than a shutout not happening.","Fifty-one is so large that backdoor variance dominates the handicap, and Ohio State's second string is still better than most of the Mid-American Conference.",OBSERVED,Ohio State leads by more than 35 at halftime.,counter_case|falsifier|instrument_rationale
W01-044,FULL,Tennessee beats Furman by more than 46.5.,"The offense does not decelerate against overmatched non-conference opponents; the tempo and play-calling stay aggressive regardless of score, which keeps the margin growing after the game is decided.",None offered; a coaching-tendency claim with no cited record.,MOTIVATION,FALSE,None offered. Market -46.5.,"Full-game side against an FCS opponent, which is entirely a bet on late-game behavior.","The opponent was never named on air, meaning the pick was made without the specific matchup in view. Any large FCS spread carries second-string risk.",CONSTRUCTED,Tennessee's starters are pulled before the fourth quarter.,counter_case|falsifier|instrument_rationale
W01-045,FULL,South Carolina beats Kent State by more than 35.5.,"A new coordinator wants a showcase in his first game, and the quarterback gets turned loose rather than managed. Both point to sustained aggression past the point the game is decided.",None offered.,MOTIVATION,FALSE,None offered. Market -35.5.,"Full-game side, again a bet on late-game behavior rather than the matchup.",The opponent was never named on air. New coordinators also frequently keep the playbook thin in game one rather than showing everything.,CONSTRUCTED,South Carolina's starting quarterback is pulled before the fourth quarter.,counter_case|falsifier|instrument_rationale
W01-046,FULL,Auburn and Baylor combine for fewer than 59.,Offered as a number-shopping decision rather than a game read — he found 59 and took it because it was the best available price on a total he already liked.,None offered beyond the number being the best he could find.,NONE,FALSE,None offered. Market 59.,"Total in a dome, where weather cannot intervene in either direction.","Two pickers are laying the points on Auburn expecting a comfortable win, and comfortable wins in domes tend to clear totals.",OBSERVED,The teams combine for 31 or more in the first half.,counter_case|falsifier|instrument_rationale
W01-047,FULL,Boston College and Cincinnati combine for fewer than 50.5.,"A lower-scoring game is the mechanism by which Boston College stays within the number, so the total and his teammate's side are two expressions of one belief about the script.",None offered.,ASSERTION,FALSE,None offered. Market 50.5.,"Total rather than the side two other pickers took on the same game — correlated exposure, not an independent read.","Cincinnati's offense produced points in volume last season, and the number already reflects a defensive expectation.",OBSERVED,The teams combine for 28 or more in the first half.,counter_case|falsifier|instrument_rationale
W01-048,COMPRESSED,California wins outright against UCLA.,,None offered. Adopted the price a teammate surfaced on air.,NONE,,,,,,,
W01-049,COMPRESSED,South Dakota State wins outright at Northwestern.,,None offered. A fade of Northwestern rather than an endorsement.,NONE,,,,,,,
W01-050,FULL,Nevada wins outright or stays within a field goal of Western Kentucky.,"Western Kentucky is markedly worse away from home, and this is a late kick at elevation against a rested opponent. Travel and altitude compound a road split that is already large.",Western Kentucky described as eleven points worse away from home.,STAT_CITED,TRUE,None offered. Number ambiguous — around +1.5 or the moneyline.,Instrument unclear from the transcript: she described a slight plus-money home dog without resolving side versus moneyline.,"Nevada's own roster turnover is significant, and two other pickers are on the same side, meaning the number has absorbed it.",OBSERVED,Western Kentucky leads by more than 7 at halftime.,counter_case|falsifier|instrument_rationale
W01-051,FULL,James Madison beats Liberty by more than 6.,"JMU's incoming staff brings a higher recruiting profile than the production it lost, so the roster is better than the returning-production number suggests. Liberty's road splits are the other half.",Road-performance splits referenced without figures; recruiting profile asserted.,ROSTER,TRUE,"None offered. Market -6, and she was handed -6 when -6.5 was what she had.","Side at a number the host improved for her on air, which is a mechanical half-point gain unrelated to her handicap.","Two pickers across both shows are on Liberty plus the points, one arguing the coaching comparison runs the other way.",OBSERVED,Liberty leads at halftime.,counter_case|falsifier|instrument_rationale
W01-052,FULL,Louisville and Ole Miss combine for fewer than 28.5 in the first half.,"A Louisville kicking-game concern removes the cheapest source of first-half points, against an Ole Miss defense he rates as improved. Fewer field goals plus better defense caps the half.",None offered.,ASSERTION,FALSE,None offered. Market 28.5.,"First-half total alongside his own side position in the same game — two positions, one game, from a picker whose identity is unresolved.",Both offenses returned significant production and neutral-site openers between ranked teams frequently start fast.,CONSTRUCTED,The teams combine for 17 or more in the first quarter.,counter_case|falsifier|instrument_rationale
W01-053,FULL,Ole Miss beats Louisville by more than 6.5.,"Louisville's offensive line is banged up, which limits its ability to sustain drives against an Ole Miss front. Stated with explicit nervousness rather than conviction.",Louisville offensive line described as banged up; no names.,ROSTER,TRUE,None offered. Market -6.5.,"Side, taken at a half-point better than the -7 two other pickers laid.","Three pickers across both shows hold Louisville plus the points, one calling it his favorite bet of the weekend with a coaching base rate behind it.",OBSERVED,Louisville leads at halftime.,counter_case|falsifier|instrument_rationale
W01-055,FULL,Colorado wins outright at Georgia Tech.,"Colorado is the more experienced team and Georgia Tech lost two significant contributors, which the show argued the market had not fully priced.",Georgia Tech personnel losses named; no figures.,ROSTER,TRUE,None offered. Market +6.5.,"A show-level branded designation rather than an individual wager, which is why it needs a separate tracking bucket.",Not one host on the show converted this into a position two days later; one took the opposite side of the first half.,OBSERVED,Georgia Tech leads by more than 10 at halftime.,counter_case|falsifier|instrument_rationale
W01-056,COMPRESSED,Louisville upsets Ole Miss.,,Coaching quality asserted; Ole Miss described as looking ahead.,MOTIVATION,,,,,,,
W01-057,FULL,Colorado stays within 7 at Georgia Tech.,"He makes the game 3.5, so seven points is a full field goal of cushion beyond his own number. The supporting mechanism is a coach with a strong record in exactly this role — live underdog against a favored home team.",Colorado's coach cited at 17-6 against the spread as an underdog.,BASE_RATE,TRUE,Makes it 3.5. Market +7. Gap 3.5.,"Side rather than moneyline, taking the cushion rather than the outright price in a game he thinks is close but not a coin flip.","A Cover 3 host took Georgia Tech's first half in the same game, arguing Tech's physicality shows up early before Colorado settles.",OBSERVED,Georgia Tech leads by more than 10 at halftime.,counter_case|falsifier|instrument_rationale
W01-058,FULL,UMass stays within 29.5 at Rutgers.,"He makes it 27.5, so the market is giving two points beyond his number. The mechanism is relational rather than statistical — the Rutgers coach previously worked with the UMass staff and is unlikely to press the margin.",Coaching relationship asserted; no cover record or margin history cited.,MOTIVATION,FALSE,Makes it 27.5. Market +29.5. Gap 2.,"Side on a large number where the whole thesis is about late-game behavior, which is what a spread this size actually prices.",Relationship-based restraint is unfalsifiable before kickoff and frequently wrong; teams run up scores on former colleagues routinely.,CONSTRUCTED,Rutgers leads by more than 21 at halftime.,counter_case|falsifier|instrument_rationale
W01-059,COMPRESSED,Wake Forest beats Akron by more than 24.5.,,Conditional on an eligibility rumor rather than on the matchup.,NONE,,,,,,,
W01-060,FULL,Louisville stays within 7 of Ole Miss.,"The argument is a coach-specific base rate rather than a matchup read: this staff has consistently covered as a substantial underdog over a multi-season sample, and the neutral-site setting removes the home-field component that usually drives those spreads.",Coach cited at 11-4 against the spread as a seven-point-or-larger underdog since 2018.,BASE_RATE,TRUE,"None offered as a projected margin. Market +7, good at +7 or better.","Side rather than moneyline, taking the number rather than the upset price — consistent with a base rate about covering rather than winning.","A co-host took Ole Miss laying the same number in the same episode, arguing the Ole Miss front seven is the one knowable quantity while the Louisville quarterback is not handicappable.",OBSERVED,Ole Miss leads by more than 14 at halftime.,counter_case|falsifier|instrument_rationale
W01-061,FULL,Wisconsin and Notre Dame combine for fewer than 47.5.,"Both offensive lines are compromised by injury, which caps both offenses at their most basic level. He puts a scoring band on it: neither team reaches 31, and neither falls to 13.","Both offensive lines described as injured; the 31 and 13 bounds are his own estimates, not cited figures.",ROSTER,TRUE,Implies a band roughly 26 to 44. Market 47.5.,"Full-game total, matching a thesis that operates across four quarters rather than a specific window.",Five under-side positions across both shows in a week the market already moved three-to-one toward unders. The direction is priced.,OBSERVED,The teams combine for 24 or more in the first half.,counter_case|falsifier|instrument_rationale
W01-062,FULL,Liberty stays within 6 at James Madison.,A straight coaching comparison — he trusts the Liberty staff considerably more than the JMU staff — combined with JMU essentially rebuilding from scratch this offseason.,Roster turnover described qualitatively; no returning-production figure.,ROSTER,TRUE,None offered. Market +6.,"Side, put up as an explicit head-to-head against his co-host, which makes it a clean paired observation.","His co-host took JMU laying the same number, arguing the Liberty staff was openly unhappy with the offense in camp and that Liberty went 1-5 on the road last season.",OBSERVED,James Madison leads by more than 14 at halftime.,counter_case|falsifier|instrument_rationale
W01-063,FULL,Michigan beats Western Michigan by more than 27.5.,"Western Michigan cannot throw effectively and cannot play from behind, so once Michigan establishes a lead the game becomes one-directional. The defense is also depleted, removing the stop that would shorten the margin.",Western Michigan defense described as decimated; passing limitation asserted.,ROSTER,TRUE,"None offered. Market -27.5, good under four touchdowns.","Side with a stated ceiling of 28, which gives an implicit range rather than a point estimate.","A Cover 3 host made this his three-star on the same number, so two shows are on the identical position and the number has absorbed it.",OBSERVED,Western Michigan is within 14 entering the fourth quarter.,counter_case|falsifier|instrument_rationale
W01-064,FULL,Alabama beats East Carolina by more than 28.,"A base rate on the head coach against overmatched opponents, where the historical average margin is far beyond the number being offered.",Coach cited as averaging a 50-plus point margin against non-power-four opponents.,BASE_RATE,TRUE,Base rate implies roughly 50. Market -28. Gap large but the sample is small.,"Side at 28 or better, with a stated floor on the number he will accept.","A Cover 3 host took the first-half under in the same game on heat and new-quarterback friction, which is the script that keeps a blowout from developing early.",OBSERVED,Alabama leads by fewer than 14 at halftime.,counter_case|falsifier|instrument_rationale
W01-065,FULL,West Virginia beats Coastal Carolina by 30 or more.,Coastal is significantly worse this season and West Virginia should control the game from the start. Included as a leg in a stacked-favorites parlay rather than a standalone position.,Coastal described as horrendous; no figures.,ASSERTION,FALSE,"None offered, and no market number was cited on air.","Parlay leg, which means the position cannot be graded independently for CLV.","Nobody else in either show is on this game, so there is no observed counter-position.",CONSTRUCTED,Coastal is within one score at halftime.,counter_case|falsifier|instrument_rationale
W01-066,COMPRESSED,Nevada wins outright against Western Kentucky.,,Late kick travel and a quarterback change at Western Kentucky.,ROSTER,,,,,,,
W01-068,COMPRESSED,California stays within 1.5 of UCLA.,,Trusts the California quarterback well over the UCLA quarterback.,ASSERTION,,,,,,,
W01-069,COMPRESSED,San Jose State covers at Eastern Michigan.,,None offered. Noted more juice than expected when he looked last week.,NONE,,,,,,,
W01-070,COMPRESSED,Oklahoma State and Tulsa combine for more than 59.,,A Tulsa corner and linebacker ruled out.,ROSTER,,,,,,,
W01-071,COMPRESSED,UTEP scores 3 or fewer.,,UTEP's offensive line described as community-college level.,ROSTER,,,,,,,
W01-072,COMPRESSED,Texas State stays within 30 at Texas.,,Texas offensive line injuries; Texas State receivers capable of backdoor production.,ROSTER,,,,,,,
W01-073,COMPRESSED,Arkansas State stays within the number at Memphis.,,Week-zero tape disadvantage trend; Memphis looking ahead to its next opponent.,BASE_RATE,,,,,,,
W01-074,COMPRESSED,Miami of Ohio and Pittsburgh combine for a low total.,,Miami of Ohio cited as averaging eight points in season openers since 2017.,BASE_RATE,,,,,,,
W01-075,FULL,"Colorado stays within 6.5 at Georgia Tech, and he would buy to 7.","He questions whether Georgia Tech installed for this opponent at all rather than looking ahead, and identifies a Colorado skill player as the game's difference-maker.",Preparation claim asserted; the player identification is a scouting read without figures.,SCHEME,FALSE,"None offered. Market +6.5, would buy to +7 at -120.","Side with a stated willingness to pay for the key number, which is a distinct behavior worth tracking separately from the handicap.","A Cover 3 host took Georgia Tech's first half in the same game, arguing Tech's physical identity travels and shows up early.",OBSERVED,Georgia Tech leads by more than 10 at halftime.,counter_case|falsifier|instrument_rationale
W01-076,FULL,Auburn beats Baylor by more than 7.5.,"Baylor lost the majority of its offensive line, which removes its ability to run. Against an Auburn front built to stop the run, a team that cannot run has no way to control the game, and the margin should be double digits.",Baylor cited as losing four of five offensive line starters.,ROSTER,TRUE,Says it should be double digits. Market -7.5. Gap roughly 2.5 to 3.,"Side in a dome, so the handicap is unaffected by conditions in either direction.","A rival declared this a no-bet, calling the line fair anywhere between 7 and 10, which puts his own number inside the range this pick needs to beat.",OBSERVED,Baylor runs for more than 100 yards in the first half.,counter_case|falsifier|instrument_rationale
W01-077,FULL,Clemson and LSU combine for fewer than 51.,"Both teams start slowly, and the Clemson quarterback's charted profile suggests he generates far more risk than production. Turnovers and stalled drives suppress the total from both directions.",Clemson quarterback charted at two big-time throws against seven turnover-worthy plays.,STAT_CITED,TRUE,"None offered. Market 51, taken earlier in the week when the board elsewhere was 50.5.","Full-game total taken at the better side of a key number, days before recording.","Four under-side positions sit on this game across both shows. A Cover 3 host isolated the same quarterback read into a Clemson team total, which requires one fewer thing to go right.",OBSERVED,The teams combine for 28 or more in the first half.,counter_case|falsifier|instrument_rationale
W01-078,FULL,UCLA and California combine for fewer than 53.5.,"California is installing a huddle-based pro-style offense, which slows tempo and reduces possessions. Fewer possessions in a game between two offenses still learning their systems caps the total.",Scheme change described; no pace figure cited.,SCHEME,TRUE,None offered. Market 53.5.,"Total rather than a side in a near-pick-em, which is the correct instrument if the view is about pace rather than who wins.","Four other pickers hold California side or moneyline exposure expecting a competitive game, and competitive games between two capable quarterbacks tend to clear totals.",OBSERVED,The teams combine for 28 or more in the first half.,counter_case|falsifier|instrument_rationale
W01-079,FULL,Ole Miss beats Louisville by more than 7.,"The most methodologically honest framing on the board: he states he cannot handicap the Louisville quarterback, so he handicaps what he can, which is the Ole Miss front seven. The bet is on the knowable side of an unknowable game.",Ole Miss front seven identified as the knowable quantity; no grades or figures cited.,ROSTER,TRUE,None offered. Market -7.,"Side, put up as an explicit head-to-head against his co-host — a clean paired observation on the same number.","His co-host called Louisville plus 7 his favorite bet of the weekend, backed by a coach cited at 11-4 against the spread as a large underdog since 2018.",OBSERVED,Louisville leads at halftime.,counter_case|falsifier|instrument_rationale
W01-080,FULL,Wisconsin and Notre Dame combine for fewer than 47.5.,"A ground-based game in which neither team can throw effectively enough to score in chunks. Without a passing game, scoring requires long drives and long drives consume clock.",None offered.,ASSERTION,FALSE,None offered. Market 47.5.,"Full-game total, the fourth identical-direction position on this game across both shows.",Five under-side positions on one game in a week already skewed heavily to unders. This is the definition of a priced take.,CONSTRUCTED,The teams combine for 24 or more in the first half.,counter_case|falsifier|instrument_rationale
W01-081,FULL,James Madison beats Liberty by more than 6.,"The Liberty staff was openly unhappy with the offense during camp, and Liberty's road record last season was poor. Both point to a team that underperforms away from home against a JMU side with more talent.",Liberty cited as 1-5 on the road last season; camp dissatisfaction reported.,BASE_RATE,TRUE,None offered. Market -6.,"Side, taken as an explicit head-to-head against his co-host.","His co-host took Liberty plus the same number, arguing the coaching comparison runs the other way and that JMU is rebuilding from scratch.",OBSERVED,Liberty leads at halftime.,counter_case|falsifier|instrument_rationale
W01-082,COMPRESSED,Oklahoma State and Tulsa combine for fewer than 59.,,A Tulsa corner and linebacker ruled out — the same news his co-host read the opposite way.,ROSTER,,,,,,,
W01-083,FULL,Arkansas State stays within 9 at Memphis.,"Taken as a look-ahead number a full week before recording, which is why the cited line is well off the current market. No mechanism was developed beyond the timing advantage.",None offered beyond having taken the earlier number.,NONE,FALSE,None offered. Cited +9; market at recording +11.5. The listener gets 2.5 points better than the host.,"Side taken early on a look-ahead line, which is a timing behavior rather than a handicapping one and should be tracked separately.","His co-host argued the same side more thoroughly using a week-zero tape-disadvantage trend, but never confirmed a placement.",OBSERVED,Memphis leads by more than 14 at halftime.,counter_case|falsifier|instrument_rationale
W01-084,FULL,Miami beats Stanford by more than 24.5.,Stanford's injury report is severe and the Miami staff has been pointed at this game since January. A prepared team against a depleted one produces a margin well beyond the number.,Stanford injury report described as ugly; no names or positions given.,ROSTER,TRUE,Makes it 31. Market -24.5. Gap 6.5.,"Side laid at the start of the week, with a stated floor of 24 — the largest explicit gap-to-market on his card.","A Cover 3 host took the over on the game total in the same game, and blowouts produce second-half clock-killing that caps margins.",OBSERVED,Stanford is within 14 at halftime.,counter_case|falsifier|instrument_rationale
W01-085,FULL,Toledo stays within 10 at Michigan State.,"A coach-quality argument rather than a roster one: this staff has never had a losing season anywhere, and he will not lay double digits with Michigan State against it.",Coach cited as never having had a losing season at any stop.,BASE_RATE,TRUE,None offered. Cited +10 with the market ranging 9.5 to 12 during the week.,"Side, in the market where the number moved most during the week — which makes line-at-time-of-listen decisive rather than incidental.","A rival declared this game a pure pass. A Cover 3 host took the under and Toledo's moneyline, correlated exposure on the same script.",OBSERVED,Michigan State leads by more than 17 at halftime.,counter_case|falsifier|instrument_rationale
W01-086,FULL,San Jose State wins outright at Eastern Michigan.,An outright call rather than a spread read — he believes San Jose State is simply the better team and took the number days before recording.,None offered.,ASSERTION,FALSE,None offered. Cited +3.5; market at recording +2.5. The listener gets a point worse than the host.,"Side rather than moneyline despite an outright thesis, which is the conservative instrument for the view stated.","His co-host included the same side only as a round-robin leg, sizing it well below a standalone position.",OBSERVED,Eastern Michigan leads by more than 10 at halftime.,counter_case|falsifier|instrument_rationale
W01-087,FULL,SMU wins outright at Florida State.,"Built entirely on charting Florida State's week-zero performance. A defense missing tackles at that rate and allowing pressure at that rate against a weak opponent will not hold up against a better one, and the receivers who beat them will be replaced by better receivers.",Florida State charted at nine missed tackles and ten pressures allowed on 32 dropbacks against New Mexico State; three named starters each surrendered a 20-yard reception; quarterback charted at a 7.5 average depth of target.,CHARTED,TRUE,Makes it -4. Market -3. Gap 1.,"Took the side and separately laid the moneyline when it was cheap, doubling the same view across two instruments.","A rival passed on this exact game, saying he needed 6 and the market only gave 3. Monday night also gives the market maximum time to absorb week-zero tape everyone has seen.",OBSERVED,Florida State's defense allows fewer than four pressures in the first half.,counter_case|falsifier|instrument_rationale
W01-088,FULL,Arkansas and North Alabama combine for more than 63.5.,"The coordinator's stated intent is to get every quarterback on the roster scoring, which means the offense keeps producing after the starters leave. He discloses openly that he is a fan of the team.",Coordinator intent reported; no pace or scoring figures.,MOTIVATION,FALSE,None offered. Market 63.5.,"Total rather than a side, so the position does not depend on margin — appropriate given the disclosed bias.","Blowouts against FCS opponents typically feature clock-killing second halves, and 63.5 is already a high number.",CONSTRUCTED,The teams combine for fewer than 24 in the first half.,counter_case|falsifier|instrument_rationale
W01-089,FULL,Portland State and San Diego State combine for more than 62.,Portland State concedes points readily and San Diego State can produce explosive plays. Two mechanisms both pointing at a high total.,None offered.,ASSERTION,FALSE,None offered. Market 62.,"Game total. He also floated a San Diego State team total over 50.5 against his own 62 game total, which is arithmetically impossible and was not logged as a position.","Sixty-two is already a high number, and FCS-crossover games frequently end with a running clock.",CONSTRUCTED,The teams combine for fewer than 24 in the first half.,counter_case|falsifier|instrument_rationale
W01-090,FULL,Oregon beats Boise State by more than 24.5.,"Boise cannot tackle and cannot prevent explosive runs, which is the exact profile that gets blown out by an offense with Oregon's personnel. The mismatch compounds rather than stabilizing.",Boise cited as 134th nationally in tackling and last in rushing explosives allowed.,STAT_CITED,TRUE,"None offered. Market -24.5, and he expects it to steam.",Side rather than the Boise team total three Cover 3 hosts took — the same read expressed through margin instead of scoring.,"Four positions across both shows are on Boise scoring suppression, so the direction is priced. Oregon pulling starters in a blowout is the standard way a large spread fails.",OBSERVED,Boise is within 14 entering the fourth quarter.,counter_case|falsifier|instrument_rationale
W01-091,COMPRESSED,Central Michigan wins outright at New Mexico.,,New Mexico's quarterback is out for the season.,ROSTER,,,,,,,
W01-092,COMPRESSED,Washington and Washington State combine for a low total.,,Both offenses replacing lead rushers; Washington's back seven rated strong.,ROSTER,,,,,,,
W01-093,COMPRESSED,Pittsburgh beats Miami of Ohio by fewer than 17.,,None offered. Explicitly conditional — if he played anything.,NONE,,,,,,,
W01-094,COMPRESSED,Ball State scores 2 or fewer.,,None offered beyond noting the over was priced at -120.,ASSERTION,,,,,,,
W01-095,FULL,Texas and Texas State combine for more than 59.5.,"The Texas quarterback is producing at a high level, and Texas State plays fast enough to add possessions rather than shortening the game. More possessions against a good offense produces points.",Texas State cited as 21st nationally in seconds between plays.,STAT_CITED,TRUE,None offered. Market 59.5.,"Total rather than the side his rival took on the same game, betting on pace rather than margin.","A rival took Texas State plus 30 on the same game expecting Texas to sit on a lead, which is the script that suppresses the total.",OBSERVED,The teams combine for fewer than 24 in the first half.,counter_case|falsifier|instrument_rationale
W01-096,FULL,Marshall stays within 24.5 at Penn State.,"Two independent legs. The Marshall staff has a documented record of competitiveness in non-conference games, and Penn State lost an unusual volume of defensive line personnel, which is where a large spread against a run-first opponent is most vulnerable.",Marshall coach cited at 16-18-1 out of conference; Penn State cited as losing twelve defensive linemen.,BASE_RATE,TRUE,"None offered. Market +24.5, with north of 24 identified as the key number.","Side with a stated key-number threshold, which gives a floor on what he will accept.","Nobody else in either show is on this game, so there is no observed counter-position. Penn State at home against a Sun Belt opponent is a reasonable four-touchdown favorite.",CONSTRUCTED,Penn State leads by more than 21 at halftime.,counter_case|falsifier|instrument_rationale
W01-097,FULL,Mississippi State beats Louisiana-Monroe by more than 28.5.,"The argument is conditional rather than general. ULM does not merely lose to good teams — it collapses specifically when it cannot run the ball, and the head coach has rebuilt the run defense that would allow it to. If the run is taken away, the margin is not close.","The collapse pattern is cited across three specific results: 73-0, 42-7, and 51-3 in games where ULM could not establish the run.",BASE_RATE,TRUE,"None offered as a projected margin. Market -28.5, good up to -30.5.","Side with a stated exit two points beyond the current number, which quantifies his confidence better than the tier label does.",Nobody else in either show is on this game. Season openers also produce conservative play-calling from favorites protecting new starters.,CONSTRUCTED,ULM rushes for more than 100 yards in the first half.,counter_case|falsifier|instrument_rationale
W01-098,FULL,LSU beats Clemson by more than 10.5.,"A roster-construction argument. LSU assembled a portal class substantially stronger than any other, and that talent differential converts to margin in a game where both teams are still integrating.",LSU cited as signing 29 percent more blue-chip players than the second-best portal class. Projects LSU by 17.,STAT_CITED,TRUE,Projects LSU by 17. Market -10.5. Gap 6.5.,"Side rather than total, and the only picker on this game to publish a projected margin.","Four under-side positions sit on this game, and low-scoring games compress margins. A Cover 3 host holds Clemson's moneyline outright.",OBSERVED,Clemson leads at halftime.,counter_case|falsifier|instrument_rationale
W01-099,COMPRESSED,Lafayette and UConn combine for fewer than 57.5.,,Adopted his co-host's figure on the UConn staff allowing 3.7 points per game to FCS opponents.,BASE_RATE,,,,,,,
W01-100,COMPRESSED,Nevada wins outright against Western Kentucky.,,Western Kentucky's coordinator hire and a complete offensive line rebuild.,ROSTER,,,,,,,
W01-101,FULL,Navy wins comfortably in a game that never reaches 54 points.,"Two independent suppressors. Towson cannot generate explosive plays, so its scoring requires long sustained drives it has shown no ability to complete. Navy's offense shortens the game by design. A team needing twelve-play drives against a clock that keeps moving gets very few possessions.","Play-level charting from a watched game: 62 offensive plays, 41 carries for 112 yards with a long of 13 and zero explosive runs, roughly half the passing yardage on two plays, five of the top six receivers gone.",CHARTED,TRUE,"Projects 38-7, implying 45. Market 53.5. Gap 8.5.","Chose the total despite projecting a 31-point margin, which says he trusts the scoring read more than the spread.","Navy could clear 38 on its own if Towson's defense is as poor as its offense. FCS-crossover totals are also thin because nobody models them, not necessarily because they are wrong.",CONSTRUCTED,Two Towson explosive plays in the first half.,counter_case|falsifier|instrument_rationale
W01-102,FULL,Tulsa stays within 14.5 of Oklahoma State.,"Tulsa's defensive line generates disruption, and the Oklahoma State quarterback has never faced a power-conference defense — his production came against a soft schedule. Pressure against an untested quarterback keeps the game close.","Quarterback's prior production cited as coming against Lamar, Charlotte, Rice, UAB and South Alabama; never faced a power-four defense.",STAT_CITED,TRUE,"None offered. Market +14.5, good to +14.","Side with a stated floor, contrarian against loud offseason momentum on Oklahoma State.","A Cover 3 host holds Tulsa's moneyline, so the angle has cross-show backing and is partly priced. Two other pickers took opposite sides of the same total.",OBSERVED,Oklahoma State's quarterback posts a clean first half without a sack or turnover.,counter_case|falsifier|instrument_rationale
W01-103,FULL,Lafayette and UConn combine for fewer than 57.5.,"Lafayette lost its quarterback and produced nothing explosive in its opener. UConn's staff has a long record of shutting down FCS opponents entirely, so the visiting side of the total contributes almost nothing.",UConn coach cited as allowing 3.7 points per game to FCS opponents since 2018; Lafayette quarterback loss named.,BASE_RATE,TRUE,"None offered. Market 57.5, playing to 55.5.","Total with a stated exit, in a market almost nobody prices carefully.","If Lafayette scores nothing, UConn alone reaching 58 is the only path — and a heavy home favorite against an overmatched FCS team can get there.",CONSTRUCTED,Lafayette scores a touchdown in the first half.,counter_case|falsifier|instrument_rationale
W01-104,FULL,Boston College stays within 7.5 at Cincinnati.,"A quarterback-downgrade thesis. Cincinnati's scoring last season was built on quick-strike production that leaves with the departed starter, and the front seven was not replenished. Both the offense and defense are worse than the number assumes.",Quarterback change named; front seven described as not replenished. No grades or figures.,ROSTER,TRUE,"None offered. Market +7.5, good at anything over a full touchdown.","Side held in the app for 75 days, which means the cited number is long gone for any listener.","A Cover 3 host reached the same side independently via a different argument, and a teammate took the correlated under — three positions, one script, so it is priced.",OBSERVED,Cincinnati leads by more than 14 at any point in the first half.,counter_case|falsifier|instrument_rationale
W01-105,COMPRESSED,Wyoming wins outright at Colorado State.,,Better quarterback and defense; blew Colorado State out last season.,BASE_RATE,,,,,,,
W01-106,COMPRESSED,Boise State stays within 24.5 at Oregon.,A points argument rather than a matchup one: he thinks Boise reaches about 20 and the number is simply large.,None.,ASSERTION,FALSE,Says Boise is good for about 20. Market 24.5.,,"He said on air he is not sure he would bet it in real life, which is why it is carried as a lean.",OBSERVED,,counter_case
W01-107,COMPRESSED,Boise State and Oregon combine for more than 51.5.,"Expects a competitive first quarter followed by Oregon scoring freely, which produces points from both directions.",None.,ASSERTION,FALSE,None offered. Market 51.5.,,,,,mechanism
W01-108,COMPRESSED,Oregon scores more than 37.5.,"He wanted exposure to Oregon without laying 24.5, and waited for the team total to post before committing.",None.,NONE,FALSE,None offered. Market 37.5.,The team total isolates Oregon's scoring and removes the Boise backdoor that the spread carries.,,,,instrument_rationale|mechanism
W01-109,COMPRESSED,Auburn beats Baylor by more than 7.5.,Coach quality asserted; the name is garbled in the transcript.,None.,ASSERTION,FALSE,None offered. Market 7.5.,,,,,
W01-110,COMPRESSED,Baylor stays within 7.5 at Auburn.,Quarterback upgrade is the whole argument: he names Lagway as the reason the game stays close even in a loss.,Named DJ Lagway as the Baylor quarterback. No production figures.,ROSTER,TRUE,Says Auburn wins but it is close. Market 7.5.,,,,,mechanism
W01-111,COMPRESSED,Baylor and Auburn combine for fewer than 58.5.,"An explicit transfer of a week-zero result onto a new game: the Memphis-UNLV under won, so the same theory is applied here.",Cited his own winning Memphis-UNLV under from week zero as the precedent.,BASE_RATE,TRUE,None offered. Market 58.5.,,"One game is not a base rate, and a colleague immediately said he would bet this over a million times.",OBSERVED,,counter_case
W01-112,COMPRESSED,LSU beats Clemson by more than 10.,A coaching-trajectory argument against Clemson rather than a case for LSU.,None.,ASSERTION,FALSE,None offered. Market 10.,,,,,mechanism
W01-113,COMPRESSED,Washington State and Washington combine for fewer than 50.5.,A defensive-identity argument applied to a week-one rivalry game where the favourite is laying 23.,Washington described as usually having a good defense. No grades or figures.,ASSERTION,FALSE,None offered. Market 50.5.,,,,,mechanism
W01-114,COMPRESSED,Washington State stays within 23 at Washington.,A motivation asymmetry: the rivalry is Washington State's biggest game of the year and Washington has larger objectives.,None. Washington's top-25 standing referenced as around 17.,MOTIVATION,FALSE,None offered. Market 23.,,He conceded in the same breath that Washington State might be a god-awful team.,OBSERVED,,counter_case
W01-115,COMPRESSED,Wisconsin and Notre Dame combine for fewer than 47.5.,A week-one argument rather than a matchup one: nobody is sharp yet.,None.,ASSERTION,FALSE,None offered. Market 47.5.,,,,,mechanism
W01-116,COMPRESSED,Rutgers beats UMass by more than 21.5.,None given beyond expecting a rout.,None.,NONE,FALSE,Says Rutgers pounds them. Market 21.5.,,,,,
W01-117,COMPRESSED,Kansas beats LIU by more than 41.5.,None given; the stated basis is not having heard of the opponent.,None.,NONE,FALSE,None offered. Market 41.5.,,,,,
W01-118,COMPRESSED,Toledo stays within 9.5 at Michigan State.,A market read rather than a handicap: the line had already moved his way overnight and he took that as confirmation.,Noted the line moved from the previous day. No figure for the move.,MARKET,TRUE,None offered. Market 9.5.,,,,,mechanism
W01-119,COMPRESSED,Michigan beats Western Michigan by more than 28.,Expects a second-year quarterback to improve under a new coaching staff and the opener to be the showcase.,No figures. Underwood improvement is asserted.,ASSERTION,FALSE,None offered. Market 28.,,,,,mechanism
W01-120,COMPRESSED,Clemson stays within 10 at LSU.,A situational base rate rather than a matchup read: he argues LSU's marquee opening-week games are habitually close regardless of the participants.,Referenced a run of close LSU openers against Florida State and USC without citing scores or a record.,BASE_RATE,TRUE,Says ten is a lot of points. Market 10.,,,,,mechanism
W01-121,COMPRESSED,Notre Dame beats Wisconsin by more than 20.5.,"Two assertions stacked: Notre Dame is loaded and well coached, Wisconsin is one of the great fall-off programs.",No figures. Wisconsin's decline dated on air to three or four years.,ASSERTION,FALSE,Says he does not think Wisconsin wins. Market 20.5.,,,,,mechanism
W01-122,COMPRESSED,Wake Forest beats Akron by more than 23.5.,None given; the only context is that the game leads the card as a Thursday nighter.,None.,NONE,FALSE,None offered. Market 23.5.,,,,,
W01-123,COMPRESSED,Miami beats Stanford by more than 24.5.,None given.,None.,NONE,FALSE,None offered. Market 24.5.,,,,,
W01-124,COMPRESSED,Texas A&M beats Missouri State by more than 40.5.,A spot argument that cuts against his own team read: he does not rate A&M but expects a blowout anyway.,None.,MOTIVATION,FALSE,None offered. Market 40.5.,,He said in the same breath that he does not think Texas A&M is that good.,OBSERVED,,
W01-125,COMPRESSED,Toledo stays within 9.5 at Michigan State.,None of his own; taken explicitly with Dave Portnoy.,None.,NONE,FALSE,None offered. Market 9.5.,,Not an independent opinion. Two rows in this ledger hold the same position off one argument.,OBSERVED,,counter_case
W01-126,COMPRESSED,Pittsburgh beats Miami (OH) by more than 16.5.,None given.,None.,NONE,FALSE,None offered. Market 16.5.,,,,,
W01-127,COMPRESSED,Memphis beats Arkansas State by more than 10.5.,None given.,None.,NONE,FALSE,None offered. Market 10.5.,,,,,
W01-128,COMPRESSED,South Florida beats FIU by more than 13.5.,None given.,None.,NONE,FALSE,None offered. Market 13.5.,,,,,
W01-129,COMPRESSED,Georgia Tech beats Colorado by more than 6.5.,"The only reasoning attached is a comment about Colorado being a bounce-back story, which argues the other way.",None.,NONE,FALSE,None offered. Market 6.5.,,,,,
W01-130,COMPRESSED,West Virginia beats Coastal Carolina by more than 20.5.,"Stated preference for the team this season, nothing more.",None.,ASSERTION,FALSE,None offered. Market 20.5.,,,,,
W01-131,COMPRESSED,UNLV and Hawai'i combine for fewer than 55.5.,"A weather argument, plus a blocking argument that in the transcript attaches to a different UNLV game.",Claimed another hurricane is coming into Hawaii. No forecast cited.,ASSERTION,TRUE,None offered. Market 55.5.,,"The hurricane claim is checkable before kickoff and was not sourced; the UNLV blocking point is made about UNLV against Memphis, a different game.",CONSTRUCTED,No tropical system within forecast range of the islands on game day.,counter_case|falsifier
W01-132,COMPRESSED,Houston beats Oregon State by more than 20.5.,Coach quality asserted.,Named Willie Fritz as a really good coach.,ASSERTION,FALSE,None offered. Market 20.5.,,,,,
W01-133,FULL,Minnesota beats an FCS opponent by more than 41.5.,"Fleck does not call off the dogs against FCS opposition, so the margin is set by the talent gap rather than by game management. A staff that has run up three straight blowouts is unlikely to change behaviour in an opener it controls.","Cited three Minnesota results against FCS teams: 66-0, 48-0 and 62-10, and characterised the average as 58-3.",STAT_CITED,TRUE,None offered. Market 41.5.,"The spread rather than the team total, because his argument is about the gap and about Fleck's willingness to keep scoring, not about Minnesota's own scoring ceiling.",Three games is a small base and every one of them was a home game the staff chose to schedule. A backup-quarterback fourth quarter is the ordinary way a 52-point win becomes a 38-point win.,CONSTRUCTED,Minnesota's starters are out before the end of the third quarter.,counter_case|falsifier|instrument_rationale|mechanism
W01-134,COMPRESSED,Eastern Illinois and Minnesota combine for more than 50.5.,"Same Fleck blowout argument as the spread, expressed on the total.",Cited an average score of 58-3 across the three FCS results.,STAT_CITED,TRUE,None offered. Market 50.5.,Correlated with his own Minnesota -41.5 in the same game; the two win together in the same script.,,,,instrument_rationale|mechanism
W01-135,COMPRESSED,UConn beats Lafayette by more than 18.5.,An inexperienced FCS quarterback against an established Group of Five offense.,Lafayette described as having little quarterback experience. No names or figures.,ROSTER,TRUE,None offered. Market 18.5.,,,,,mechanism
W01-136,COMPRESSED,Oregon State and Houston combine for more than 49.5.,None given.,None.,NONE,FALSE,None offered. Market 49.5.,,,,,
W01-137,COMPRESSED,Miami (OH) stays within 16.5 at Pittsburgh.,"Stated purely as a fade of the second card's Pittsburgh position, with no independent argument.",None.,ASSERTION,FALSE,None offered. Market 16.5.,Explicitly framed as taking the other side of a colleague's play in the same game.,,,,instrument_rationale
W01-138,FULL,Ohio State and Ball State combine for more than 55.5.,"Ryan Day's history against MAC opponents is not just winning but scoring, and the over needs Ohio State alone to approach the number. The look-ahead to Texas cuts the other way, which is the part he keeps returning to.","Cited five Ryan Day results against MAC teams: 76-5, 59-7, 77-21, 52-6 and 56-0, then cited last year's 37-9 with two interceptions as the counter.",BASE_RATE,TRUE,None offered. Market 55.5.,"The game total rather than an Ohio State team total, though his entire argument is about Ohio State's scoring alone.","He raised it himself: last year's 37-9 against a MAC team is the one result in the sample that misses, and Ohio State plays Texas the following week, which is the classic reason a staff does not press.",OBSERVED,"Ohio State is under 28 at halftime, or the starters sit early with Texas next.",falsifier|instrument_rationale|mechanism
W01-139,COMPRESSED,Oklahoma State and Tulsa combine for more than 59.5.,The same North Texas scoring-transplant argument as his spread in this game.,North Texas scoring volume asserted without a figure.,ROSTER,TRUE,None offered. Market 59.5.,Correlated with his own Oklahoma State -13; a blowout by the favourite is the script that wins both.,,,,instrument_rationale|mechanism
W01-140,COMPRESSED,UAB and Illinois combine for more than 55.5.,None given.,None.,NONE,FALSE,None offered. Market 55.5.,,,,,
W01-141,COMPRESSED,UCLA beats California by more than 2.5.,"Coach and quarterback, named, with nothing behind either.",Named Chesney and Nico at quarterback.,ROSTER,TRUE,None offered. Market 2.5.,,,,,mechanism
W01-142,FULL,Oklahoma State beats Tulsa by more than 13.,"A wholesale roster and staff turnover from a high-scoring North Texas program is treated as an immediate talent and scheme upgrade, large enough to price a road favourite in double digits in week one.",Named the North Texas head coach hire and Mestemaker at quarterback; cited North Texas scoring 'a million points' last year without a figure.,ROSTER,TRUE,None offered. Market stated on air as -13.5 to -14.5; he took -13.,"He deliberately took a number half a point to a point and a half better than the one he had just read out, which is the only mechanical edge on this position.","A first-year staff with a rebuilt roster in a road opener is the standard shape of a team that is not yet what it will be in November, and the same turnover argument supports the total he also took.",CONSTRUCTED,Oklahoma State does not lead at halftime.,counter_case|falsifier|mechanism
W01-143,COMPRESSED,Rutgers beats UMass by more than 21.5.,Added as a rider to another picker's position with no argument of his own.,None.,NONE,FALSE,None offered. Market 21.5.,,,,,
W01-144,COMPRESSED,Utah Tech and BYU combine for more than 55.5.,"Requires BYU alone to approach the number, which his own spread argument already assumes.",Same BYU 69-0 reference as the spread.,STAT_CITED,TRUE,None offered. Market 55.5.,He holds this alongside BYU -51.5 and was told on air that this is the better single instrument for his thesis.,"Negatively correlated with the under leg a colleague floated; a 56-0 result wins the spread and the over together, but a 52-0 result wins only the over.",OBSERVED,,instrument_rationale
W01-145,FULL,BYU beats Utah Tech by more than 51.5.,"Two data points bracket the game from both ends. BYU has shown it will hang 69 on an FCS opponent without conceding, and Utah Tech has already been shut out by a top FCS team this season. If Utah Tech cannot score, the number reduces to whether BYU reaches 52, which its own recent opener already cleared.","Cited BYU 69-0 over Portland State to open last season, and Utah Tech losing 54-0 to Montana State, the number one FCS team, the previous week.",STAT_CITED,TRUE,Says Utah Tech has a zero percent chance of scoring. Market 51.5.,"He explicitly rejected the correlated over at 55.5 in favour of the spread, and holds the over as a separate position. Two colleagues argued on air that the over is the better instrument for the same thesis.","The instrument is worse than the thesis. One Utah Tech touchdown, or one BYU stall inside the ten, turns a 56-0 result into a push or a loss, whereas the over survives both. He conceded the point and took the spread anyway.",OBSERVED,"Utah Tech scores at any point, or BYU is under 52 entering the fourth quarter.",falsifier|mechanism
W01-146,COMPRESSED,LSU beats Clemson by more than 10.,None given beyond agreeing with a colleague.,None.,NONE,FALSE,None offered. Market 10.,"Named as his mortal, the show's stated best bet of the week.",,,,instrument_rationale
W01-147,COMPRESSED,Arkansas-Pine Bluff stays within 54.5 at Missouri.,None given. The segment moves straight into an unrelated story.,None.,NONE,FALSE,None offered. Market 54.5.,"Named as a mortal, the show's stated best bet of the week, on a 54.5-point FCS spread with no argument attached.",,,,instrument_rationale
W01-148,COMPRESSED,Texas State and Texas combine for more than 59.5.,None given.,None.,NONE,FALSE,None offered. Market 59.5.,Named as a mortal.,,,,instrument_rationale
W01-149,COMPRESSED,Rutgers beats UMass outright.,None given beyond conviction.,None.,NONE,FALSE,Calls it possibly the easiest bet of the year. No price cited.,Logged as a moneyline because no number survives the transcript; it grades on the outright result only and can never produce CLV without a price.,,,,instrument_rationale
W01-150,COMPRESSED,Alabama beats East Carolina by more than 28.,None given; added out of sequence as a forgotten play.,None.,NONE,FALSE,None offered. Market 28.,,,,,
W01-151,COMPRESSED,Stanford stays within 24.5 against Miami.,None given; the pick was read aloud by someone else.,None.,NONE,FALSE,None offered. Market 24.5.,Read in absentia. The show states it does not count toward their season competition because he was not present.,,,,instrument_rationale
W02-009,FULL,UTSA and Texas State clears 65.5.,"Texas State plays fast and UTSA matches pace when chasing; heat forces both run defences to tire, defences load the box against Henderson, and the deep shots that both teams hit last year come open.","79 points and over 900 combined yards in last year's meeting. Texas State allowed three 40-plus plays and 516 yards to Texas while producing 350 of its own, 161 rushing. Texas State pace 25 seconds between plays, top 30. Texas State 12th nationally in pass plays of 30-plus last year, UTSA 27th with 23. Kickoff 95F, roughly 110F at field level.",STAT_CITED,TRUE,No score projection. Stated a fair number of 68.,"Total named as the instrument. Both explosive-play ranks and the pace argument point at the total rather than a side, which is coherent.",Acknowledged on air that early-season totals priced into the 70s and 80s are a dicey habit.,OBSERVED,Texas State running its offence at a normal pace with UTSA content to shorten the game removes the tempo mechanism regardless of the final total.,falsifier|counter_case_framing
W02-010,FULL,Rice stays inside 44.5 at Notre Dame.,"Freeman pulls off the throttle against option teams, Rice's new quarterback lets them sustain drives and bleed clock, and Michigan State the following week gives Notre Dame a reason to bank the game early.","Freeman has faced five service academies and never won by more than 40, averaging 31 against Army and Navy. SP+ has Rice 105th of 138. Rice's quarterback ran the triple effectively in the opener; Quinn Jackson had two rushing touchdowns.",BASE_RATE,FALSE,Expects to be sweating it in the fourth quarter with Notre Dame up 35. Co-host set a concrete requirement: 11 first downs and about 165 rushing yards.,"Spread named. The whole argument is about margin control and possession count, which is the spread's mechanism, not the total's.","Notre Dame is a team the market takes money on every week, so the number is more likely to move against this position than toward it.",OBSERVED,Notre Dame scoring on early possessions and emptying the bench by the third quarter is the ordinary path to a blowout cover and would show the throttle-back read did not apply.,falsifier|counter_case_framing
W02-011,FULL,UNLV covers 3.5 at North Texas.,"The number is suppressed by an awkward back-to-back travel spot the market is overweighting; UNLV can run the ball to keep Arnold out of negative plays, and North Texas cannot cover anyone if it commits bodies to the box.","UNLV ran 43 times for 248 yards and three touchdowns at Hawaii. Arnold took six sacks in the opener and one against Hawaii. North Texas allowed 14.4 yards per attempt to Indiana's quarterback, who went 13 of 16 for 231 and four touchdowns, and sits 126th nationally in PFF coverage after one week.",STAT_CITED,TRUE,Wins by double digits on the road.,"Spread named; his own read is a no-sweat cover by the fourth quarter with a two-touchdown margin, which argues he thinks the spread is the cheap instrument.","He states the travel spot himself as the reason the number is where it is, then argues the market is wrong about it. The counter is his own premise.",OBSERVED,UNLV coming out flat in the first quarter after the Hawaii trip is the specific thing the market is pricing; a slow start that never gets fixed falsifies the read even if the game stays close.,falsifier|counter_case_framing|host_pattern
W02-012,FULL,Oklahoma covers 5.5 at Michigan.,Venables wins the pre-snap chess match against Underwood before physicality matters; Oklahoma's front stops the run; Mateer needs only to avoid mistakes because 24 points is enough.,Underwood produced five turnover-worthy plays against Western Michigan. Last year in Norman he went 9 of 24 for 142 with a first-half shutout in a 24-13 loss. Notes he is counting on Mateer being healthy now rather than all season.,STAT_CITED,TRUE,Oklahoma scores 24 and covers.,"Spread named, with an explicit price-conditional extension to -6.5 at -104 or better. That is a rare instrument-level statement and should be preserved.","He raises the nine-point look-ahead move himself and answers it with a warning against overreacting to week one, which cuts both ways.",OBSERVED,Michigan protecting Underwood with quick game and staying on schedule on early downs would break the pressure mechanism regardless of the cover.,falsifier
W02-013,FULL,Florida Atlantic wins outright as a home underdog against Navy.,Navy's secondary is the unit the market assumes is a strength and Towson already exposed it; FAU's passing attack is its one genuine edge; FAU was a strong home team last year when it did not give the ball away.,Navy's quarterback has completed 46% of his career attempts. FAU went 4-2 against the spread at home last year. Veltkamp led the nation in passing yards at 340 per game. Valson went 10 for 92 and a touchdown on 16 targets against Florida. Navy replacing a starting corner and a safety.,STAT_CITED,TRUE,No score projection. Stated fair price of +150.,"Moneyline named because the thesis is an outright win, and he is explicit that the value is in the price rather than the number.","FAU's turnover problem is named by him as the thing that has to stop, and it has not yet.",OBSERVED,Navy controlling the ball on long drives and keeping FAU's offence off the field is the ordinary Navy path and would falsify the shootout premise even in a close game.,falsifier|counter_case_framing
W02-014,FULL,Tulsa covers 13.5 on the road at Sam Houston State.,"Tulsa's defensive line beat an established Oklahoma State front and Sam Houston's line is worse; Sam Houston cannot run, so its quarterback faces pressure on obvious passing downs; Tulsa converts the red-zone chances it missed last week.",Reviewed film of Sam Houston against Troy: 13 tackles for loss and four sacks surrendered to a Troy front rebuilt with seven new players. Tulsa's line allows 3.4 yards per carry and gave up no explosive rush against Oklahoma State. Listened to the Tulsa head coach's press conference and quotes him saying the team is not yet good despite the win.,STAT_CITED,TRUE,Wins by three touchdowns.,Spread named only in the Best Bets segment; no instrument reasoning offered.,"He rates Troy poorly himself, which weakens the transitive argument from Sam Houston's performance against Troy.",OBSERVED,Sam Houston running the ball effectively on early downs collapses the pressure mechanism and the clock-control argument at once.,falsifier|counter_case_framing|instrument_rationale
W02-015,FULL,Nebraska covers 28.5 against Bowling Green.,"Bowling Green's offence cannot move the ball against anyone, so Nebraska needs only to avoid settling for field goals; short fields from special teams compound it; Nebraska is motivated to run the score up at home.","Recites Bowling Green's drive sequence against Tarleton State: punt, fumble, punt, punt, punt, field goal, fumble, field goal, with one touchdown drive. Tarleton had surrendered 519 yards and 30 points to Prairie View A&M in week zero, so the defence Bowling Green failed against is not good.",CHARTED,FALSE,Nebraska wins by 35 to 42; puts up 48 to 51 points.,Not stated. The number came from the co-host's question rather than from him.,"He notes Nebraska itself started slowly against Ohio, surrendering a 67-yard play on the first snap and falling behind, which is the shape of a 28.5 push.",OBSERVED,Nebraska settling for field goals in the red zone is the specific failure he names as the only thing that stops this; it would falsify the thesis while the game still looks like a blowout.,falsifier|instrument_rationale
W02-016,FULL,Charlotte at Ole Miss clears 34.5 in the first half.,"Ole Miss has a top-ten game the following week, so the first half is where it tries to end this one; Charlotte cannot get any stops; a night home crowd removes the slow-start risk that a morning kick would carry.","Charlotte surrendered 268 rushing yards to The Citadel with several explosive rushes and three explosive pass plays, and could not get The Citadel off the field. DraftKings has moved Charlotte's season win total to 1.5 with the under at -400. Ole Miss took about 20 plays to find rhythm against Louisville and was unstoppable after that.",STAT_CITED,TRUE,35-7 at half or worse; possibly 42 or 45.,"First half named explicitly, and the situational argument - bank it early, empty the bench after - is a first-half argument rather than a full-game one. The instrument choice is the thesis here.","He names the slow-start risk himself and dismisses it on the kickoff time, which is a real but unquantified counter.",OBSERVED,Ole Miss punting on two of its first four possessions would break the score-every-drive premise before the number is anywhere near decided.,falsifier
W02-017,FULL,Virginia Tech covers 18.5 against Old Dominion.,Old Dominion's offence runs through one player who can be schemed out and physically worn down; Virginia Tech is genuinely improved and its coach is in message-sending mode after last year's loss to this opponent.,"VMI ran 47 times for negative four total rushing yards against Virginia Tech. Old Dominion's opponent was an FCS MEAC team with a terrible offence, so its numbers carry little. Old Dominion's quarterback was its leading rusher.",STAT_CITED,FALSE,No margin projection.,Not stated.,"He says twice that the VMI result is hard to draw conclusions from, which undercuts his own primary evidence.",OBSERVED,Old Dominion's quarterback staying healthy and productive into the fourth quarter removes the wear-down mechanism regardless of the margin.,falsifier|counter_case_framing|instrument_rationale
W02-018,FULL,Nevada wins outright as a home underdog to Montana State.,"Montana State's two results came against bottom-tier FCS opposition and tell you nothing; Nevada's defence is playing well and the game matters far more to Nevada, which cannot be penalised for a loss the way Montana State cannot.","Montana State played Butler, a non-scholarship Pioneer League team, and Utah Tech. Its safety Dowler is out. Nevada's defence allowed one touchdown over the first ten possessions against Western Kentucky. Labarbera had a sack and six tackles; EJ Smith had 14 tackles. He also states he lined the game as a pick-em in his own published power ratings, and rates Montana State the best FCS team in the country.",STAT_CITED,TRUE,No projection beyond an outright win.,"Moneyline named as a parlay leg; the segment dictates the instrument, so no instrument reasoning is expected.","He rates Montana State the best team in FCS himself, and notes they will be motivated by the underdog label.",OBSERVED,"Montana State controlling the line of scrimmage early would falsify the trenches-are-down read, which is the load-bearing part and the part he concedes has not yet shown up.",falsifier
W02-019,COMPRESSED,Iowa State may be the worst power-conference team and is not priced that way.,Iowa State may be the worst power-conference team and is not priced that way.,Iowa pitched a shutout in week one; Iowa State's quarterback completed 50% against an unnamed opponent.,STAT_CITED,TRUE,Iowa wins by two touchdowns or more.,Not stated.,Named on air: the rivalry has historically been close and the record books get thrown out.,OBSERVED,"Iowa State moving the ball on early downs would show the market, not the panel, had it right.",depth|mechanism_restates_thesis
W02-020,COMPRESSED,"Own model shows edge larger on the first half than the full game, which he flags as odd.","Own model shows edge larger on the first half than the full game, which he flags as odd.","Own model shows a slight edge, larger on the first half than the full game. Minnesota's line held against ULM; Lindsey looked good against weak competition.",ASSERTION,FALSE,None offered.,Not stated.,"He states the competition in both openers was terrible, which undercuts his own reads.",OBSERVED,Minnesota trailing at half on a stalled run game removes the whole premise.,depth|mechanism_restates_thesis
W02-021,COMPRESSED,Kansas State down three offensive line starters; hard to move it consistently.,Kansas State down three offensive line starters; hard to move it consistently.,Kansas State is down three offensive line starters. Washington State did some good things but Washington kept them in it.,ROSTER,TRUE,None offered.,Not stated.,He says outright he does not think Washington State is a good football team.,OBSERVED,Kansas State moving the ball consistently despite the missing linemen falsifies the mechanism.,depth|mechanism_restates_thesis
W02-022,COMPRESSED,Watched Sam Houston play Troy; no material difference between them; two touchdowns too many.,Watched Sam Houston play Troy; no material difference between them; two touchdowns too many.,Watched Sam Houston play Troy and saw no material difference between the two; describes Sam Houston's athletes as better than the number implies while admitting he did not have audio and does not know the names.,CHARTED,FALSE,None offered.,Not stated.,He concedes Tulsa may have beaten Oklahoma State by more than the score showed.,OBSERVED,Sam Houston being physically overmatched up front collapses the read.,depth|mechanism_restates_thesis
W02-023,COMPRESSED,Prices A&M as top-15 rather than top-10; about a field goal of disagreement with the market.,Prices A&M as top-15 rather than top-10; about a field goal of disagreement with the market.,"Prices Texas A&M as a top-15 team rather than top-10, which he quantifies as about a field goal of disagreement with the market.",MARKET,TRUE,About a field goal of market disagreement.,Not stated.,"The show's own Tuesday base rates - A&M 18 straight home wins over unranked teams, Arizona State 15 losses in 16 road games at top-10 sites - argue the other way and went unmentioned.",OBSERVED,A&M winning comfortably through the trenches shows the tier read was wrong.,depth|mechanism_restates_thesis
W02-024,COMPRESSED,Called a solid spot with no further support offered.,Called a solid spot with no further support offered.,Called a solid spot. No support offered.,ASSERTION,FALSE,None offered.,Not stated.,None offered.,OBSERVED,Any early East Carolina control falsifies a thesis that was never specified.,depth|mechanism_restates_thesis
W02-025,COMPRESSED,Watched Buffalo struggle with Albany; FIU quarterback throws well and defence was salty.,Watched Buffalo struggle with Albany; FIU quarterback throws well and defence was salty.,Watched Buffalo beat Albany unconvincingly; rates the FIU quarterback and calls the defence salty.,STAT_CITED,TRUE,None offered.,Not stated.,He notes Buffalo still won that game.,OBSERVED,Buffalo controlling the line of scrimmage would undo it.,depth|mechanism_restates_thesis
W02-026,COMPRESSED,Expects Maryland to let the quarterback throw for numbers after a run-heavy opener.,Expects Maryland to let the quarterback throw for numbers after a run-heavy opener.,Expects Maryland to open up the passing game after a run-heavy opener driven by explosives and short fields.,MOTIVATION,FALSE,None offered.,Not stated.,Raised on air: Maryland faces Virginia Tech next and the head coach misnamed this opponent at his own press conference.,OBSERVED,Maryland grinding it out on the ground again produces a win without the cover.,depth|mechanism_restates_thesis
W02-027,COMPRESSED,Same principle as the Auburn play - offensive coach needs a better showing after a poor opener.,Same principle as the Auburn play - offensive coach needs a better showing after a poor opener.,"Same principle as the Auburn three-star: an offensive head coach whose unit graded around 50th nationally after a disappointing opener, with no look-ahead game behind it.",MOTIVATION,FALSE,None offered.,Not stated.,None offered.,OBSERVED,Washington starting slowly again shows the response mechanism is not real.,depth|mechanism_restates_thesis
W02-028,COMPRESSED,Attacking Boise's defence; three of four hosts sprinkled this same side.,Attacking Boise's defence; three of four hosts sprinkled this same side.,Attacking Boise's defence after it allowed 378 yards to Dante Moore.,SCHEME,FALSE,None offered.,Not stated.,He concedes Marcus Stokes is not the quarterback Dante Moore is.,OBSERVED,Boise's defensive line controlling the game falsifies it.,depth|mechanism_restates_thesis
W02-029,COMPRESSED,Nearly every defender is a senior; expects Pitt to have to earn it.,Nearly every defender is a senior; expects Pitt to have to earn it.,Nearly every defender is a senior.,ROSTER,TRUE,None offered.,Not stated.,None offered.,OBSERVED,Pitt scoring early and often removes the experience argument.,depth|mechanism_restates_thesis
W02-030,COMPRESSED,Questions why Tulane is laying points to anybody after last week.,Questions why Tulane is laying points to anybody after last week.,Questions why Tulane is laying points to anybody after its week one performance.,MARKET,TRUE,None offered.,Not stated.,None offered.,OBSERVED,Tulane covering comfortably shows the market read the opener correctly.,depth|mechanism_restates_thesis
W02-031,COMPRESSED,Hawaii has looked poor for long stretches twice; number feels too heavy.,Hawaii has looked poor for long stretches twice; number feels too heavy.,"Hawaii has looked poor for long stretches twice, though he allows it has a couple of players.",ASSERTION,FALSE,None offered.,Not stated.,He names Hawaii's players himself.,OBSERVED,Hawaii winning by two scores falsifies it.,depth|mechanism_restates_thesis
W02-032,COMPRESSED,Moneyline version of his own spread position on the same game.,Moneyline version of his own spread position on the same game.,Moneyline expression of his own spread position.,ASSERTION,FALSE,None offered.,Not stated.,None offered.,OBSERVED,Same falsifier as the spread row.,depth|mechanism_restates_thesis
W02-033,COMPRESSED,Moneyline version of his own spread position on the same game.,Moneyline version of his own spread position on the same game.,Moneyline expression of his own spread position.,ASSERTION,FALSE,None offered.,Not stated.,None offered.,OBSERVED,Same falsifier as the spread row.,depth|mechanism_restates_thesis
W02-034,COMPRESSED,"Retooled Missouri defence, Kansas explosives, and concern about the Kansas secondary.","Retooled Missouri defence, Kansas explosives, and concern about the Kansas secondary.",Missouri's defence is retooled; Kansas added a transfer back from Syracuse; Missouri's opener produced a big day from Aloubaday against a Kansas secondary he is concerned about.,STAT_CITED,TRUE,None offered.,Instrument named explicitly; see notes.,"He states the number moved against him before he took it, which is his own strongest counter.",OBSERVED,Either offence stalling in the first half removes the fireworks premise.,depth|mechanism_restates_thesis
W02-035,COMPRESSED,Ohio State defence lacks the continuity of the group that won those games at the finest margins.,Ohio State defence lacks the continuity of the group that won those games at the finest margins.,Ohio State's defence has the talent but not the continuity of the group that won these games; one bust decides a game at these margins.,SCHEME,FALSE,Decided at the finest margins.,Not stated.,He acknowledges Ohio State is his national championship pick and that this game is well priced.,OBSERVED,Ohio State's defence playing clean through four quarters falsifies the continuity read even in a Texas win.,depth|mechanism_restates_thesis
W02-036,COMPRESSED,Best third-quarter program in the country; halftime adjustments.,Best third-quarter program in the country; halftime adjustments.,Calls Ohio State the best third-quarter program in the country and points at halftime adjustments.,ASSERTION,FALSE,None offered.,Not stated.,"He is simultaneously on Texas to cover the full game, which he acknowledges.",OBSERVED,Ohio State losing the third quarter is the direct falsifier and it is a clean one.,depth|mechanism_restates_thesis
W02-037,COMPRESSED,Oklahoma's defence saw what it saw and will not let Michigan reach double digits by half.,Oklahoma's defence saw what it saw and will not let Michigan reach double digits by half.,Venables sees what he saw on Michigan tape and will not allow double digits before half.,SCHEME,FALSE,Michigan does not reach ten by half.,Instrument named explicitly; see notes.,He raises the backup quarterback scenario himself and dismisses it on Venables' record against first-time starters.,OBSERVED,Michigan reaching ten by half on sustained drives falsifies it.,depth|mechanism_restates_thesis
W02-038,COMPRESSED,Rice can defend a 45-point lead by stringing first downs; took the best number available.,Rice can defend a 45-point lead by stringing first downs; took the best number available.,Freeman's record against option teams; Rice can defend a large lead by stringing first downs.,BASE_RATE,TRUE,Rice needs a handful of first downs to make the number.,Not stated.,Notre Dame is a team the market takes money on every week; the number is more likely to move against this.,OBSERVED,Notre Dame scoring on its opening possessions of both halves is the ordinary blowout path.,depth|mechanism_restates_thesis
W02-039,COMPRESSED,Dillingham takes big swings; expects Arizona State to reach 20 regardless of game script.,Dillingham takes big swings; expects Arizona State to reach 20 regardless of game script.,Dillingham throws big swings at the toughest opponents; the receivers looked in sync in the opener.,SCHEME,FALSE,Arizona State reaches 20 points.,Instrument named explicitly; see notes.,"He states he is worried Texas A&M scores a lot, which is why he took the team total rather than the side.",OBSERVED,Arizona State failing to reach 20 shows the swing-taking read did not materialise.,depth|mechanism_restates_thesis
W02-040,COMPRESSED,Charlotte went to triple overtime with The Citadel; the work gets done early.,Charlotte went to triple overtime with The Citadel; the work gets done early.,Charlotte went to triple overtime with The Citadel.,STAT_CITED,TRUE,The work gets done early.,Instrument named explicitly; see notes.,He notes the new Ole Miss head coach may be less obsessed with running up offensive numbers than his predecessor.,OBSERVED,Ole Miss punting twice in the first half removes the score-early premise.,depth|mechanism_restates_thesis
W02-041,COMPRESSED,Boise gave up 378 yards to Dante Moore; Memphis can exploit the same things.,Boise gave up 378 yards to Dante Moore; Memphis can exploit the same things.,Boise's defence gave up 378 yards to Dante Moore.,STAT_CITED,TRUE,None offered.,Instrument named explicitly; see notes.,Acknowledged directly: he is fighting Tom Fornelli's under on the same game.,OBSERVED,Boise's defensive line dominating removes the exploit.,depth|mechanism_restates_thesis
W02-042,COMPRESSED,Took it the moment it was named; notes 13.5 is a key number.,Took it the moment it was named; notes 13.5 is a key number.,Took it as soon as it was named; notes 13.5 is a key number.,MARKET,TRUE,None offered.,Not stated.,None offered.,OBSERVED,Same as the other Iowa rows.,depth|mechanism_restates_thesis
W02-043,COMPRESSED,Moneyline version of his own team-total position on the same game.,Moneyline version of his own team-total position on the same game.,Moneyline expression of his own team total on the same game.,ASSERTION,FALSE,None offered.,Not stated.,None offered.,OBSERVED,Same falsifier.,depth|mechanism_restates_thesis
W02-044,COMPRESSED,Moneyline version of his own team-total position on the same game.,Moneyline version of his own team-total position on the same game.,Moneyline expression of his own team total on the same game.,ASSERTION,FALSE,None offered.,Not stated.,None offered.,OBSERVED,Same falsifier.,depth|mechanism_restates_thesis
W02-045,COMPRESSED,Wants the chaos; Alabama fans furious after a road loss.,Wants the chaos; Alabama fans furious after a road loss.,Wants the chaos of a furious Alabama fanbase after a road loss.,MOTIVATION,FALSE,None offered.,Not stated.,"Stated as a content preference as much as a handicap, which he says out loud.",OBSERVED,Alabama winning comfortably.,depth|mechanism_restates_thesis
W02-046,COMPRESSED,Home dog in a rivalry; expects it close early and worries about Missouri pulling away late.,Home dog in a rivalry; expects it close early and worries about Missouri pulling away late.,Home dog in a rivalry; expects Kansas to be competitive early and Missouri to pull away late.,MOTIVATION,FALSE,Close at half.,Not stated.,"He says he does not hate the full game either, which weakens the case for the first-half instrument.",OBSERVED,Missouri leading by two scores at half falsifies the early-competitiveness read.,depth|mechanism_restates_thesis
W02-047,COMPRESSED,Respects both coordinators; expects offensive lines to struggle early; sees roughly 24-21.,Respects both coordinators; expects offensive lines to struggle early; sees roughly 24-21.,Respects both defensive coordinators; expects offensive lines to be behind the offences this early.,SCHEME,FALSE,Roughly 24-21.,Instrument named explicitly; see notes.,He concedes the expectation is that the receivers go off.,OBSERVED,Either offence moving the ball efficiently in the first half.,depth|mechanism_restates_thesis
W02-048,COMPRESSED,Calls the seven-point look-ahead move a massive overreaction; home dog theme.,Calls the seven-point look-ahead move a massive overreaction; home dog theme.,Calls the seven-point look-ahead move a massive overreaction to one week.,MARKET,TRUE,None offered.,Not stated.,"He allows that if there is a blowout, Oklahoma is clearly the better team and he would understand the case.",OBSERVED,Oklahoma controlling the line of scrimmage falsifies the overreaction thesis.,depth|mechanism_restates_thesis
W02-049,COMPRESSED,Expects a defensive bloodbath early; worries a backup quarterback changes the second half.,Expects a defensive bloodbath early; worries a backup quarterback changes the second half.,Expects a defensive game early with pass volume arriving only after Michigan is game-scripted out of its run plan.,SCHEME,FALSE,Defensive bloodbath early.,Instrument named explicitly; see notes.,"He worries a backup quarterback is unleashed in the second half, which is why he took the first half rather than the game.",OBSERVED,Either team scoring twice in the first half.,depth|mechanism_restates_thesis
W02-050,COMPRESSED,Home-dog and same-tier principle; Cutter Boley has been in these environments.,Home-dog and same-tier principle; Cutter Boley has been in these environments.,"Standing principle on same-tier Big 12 matchups priced over a touchdown, and a home-dog theme he states runs across his whole card.",BASE_RATE,TRUE,None offered.,Not stated.,None offered.,OBSERVED,Texas A&M covering comfortably.,depth|mechanism_restates_thesis
W02-051,COMPRESSED,Standing principle: take the dog whenever two same-tier Big 12 teams are more than a touchdown apart.,Standing principle: take the dog whenever two same-tier Big 12 teams are more than a touchdown apart.,Standing principle: take the dog whenever two same-tier Big 12 teams are more than a touchdown apart.,BASE_RATE,TRUE,Arizona keeps it within a touchdown.,Not stated.,He states BYU is really good and has them in his playoff field.,OBSERVED,BYU winning by more than a touchdown falsifies the tier read.,depth|mechanism_restates_thesis
W02-052,COMPRESSED,Fading three SEC teams in must-win at-large spots; calls the Faizon Brandon reaction overdone.,Fading three SEC teams in must-win at-large spots; calls the Faizon Brandon reaction overdone.,Fading three SEC teams in must-win at-large spots; calls the reaction to Faizon Brandon's opener overdone.,MARKET,TRUE,None offered.,Not stated.,"He concedes he should have taken Tennessee last week before the adjustment, which is an argument that the number is now fair.",OBSERVED,Tennessee covering comfortably.,depth|mechanism_restates_thesis
W02-053,COMPRESSED,Home dog; Keelan Russell's first road start in the SEC.,Home dog; Keelan Russell's first road start in the SEC.,Home dog; Keelan Russell making his first SEC road start.,ROSTER,TRUE,None offered.,Not stated.,"He acknowledges everybody is on board with Kentucky's quarterback, which is a crowding warning against his own side.",OBSERVED,Alabama scoring early and often.,depth|mechanism_restates_thesis
W02-054,COMPRESSED,Takes Swinney at his word about the roster; found a headline about Helton not taking Clemson lightly.,Takes Swinney at his word about the roster; found a headline about Helton not taking Clemson lightly.,Takes Swinney at his word about the roster and found a headline about Helton not taking Clemson lightly.,MOTIVATION,FALSE,Georgia Southern makes it uncomfortable.,Not stated.,He notes Georgia Southern has its own quarterback issues to figure out.,OBSERVED,Clemson scoring on its first three possessions.,depth|mechanism_restates_thesis
W02-055,COMPRESSED,Temple has quarterback issues and cannot run it against Penn State.,Temple has quarterback issues and cannot run it against Penn State.,Temple has quarterback issues and could not run it against Penn State.,ASSERTION,FALSE,None offered.,Not stated.,None offered.,OBSERVED,Temple staying within three scores.,depth|mechanism_restates_thesis
W02-056,COMPRESSED,On the consensus side with the rest of the panel.,On the consensus side with the rest of the panel.,On the consensus side with the rest of the panel.,MARKET,TRUE,None offered.,Not stated.,The consensus itself is the counter - see the correlation note.,OBSERVED,Same as the other Iowa rows.,depth|mechanism_restates_thesis
W02-057,COMPRESSED,Impressed by the North Texas offence against Indiana; back at home.,Impressed by the North Texas offence against Indiana; back at home.,Impressed by the North Texas offence against Indiana; back at home.,STAT_CITED,TRUE,None offered.,Not stated.,None offered.,OBSERVED,North Texas losing at home by two scores.,depth|mechanism_restates_thesis
W02-058,COMPRESSED,"In agreement with Tom Fornelli, who named it first.","In agreement with Tom Fornelli, who named it first.","In agreement with Tom Fornelli, who named it first.",ASSERTION,FALSE,None offered.,Not stated.,Adopting a co-host's position without adding a reason.,OBSERVED,Same as the Purdue spread row.,depth|mechanism_restates_thesis
W02-059,COMPRESSED,Wants an ACC win.,Wants an ACC win.,States the reason as needing an ACC win.,MOTIVATION,FALSE,None offered.,Not stated.,He says outright that Tom Fornelli will not like it.,OBSERVED,Duke losing.,depth|mechanism_restates_thesis
W02-060,COMPRESSED,Group of six play-in game.,Group of six play-in game.,Group of six play-in framing.,ASSERTION,FALSE,None offered.,Not stated.,None offered.,OBSERVED,Boise winning comfortably.,depth|mechanism_restates_thesis
W02-061,COMPRESSED,Trusts the team that has consistently won these games over the one that always comes up short.,Trusts the team that has consistently won these games over the one that always comes up short.,Ohio State has consistently won on these stages; Texas has repeatedly come up short against Ohio State and Georgia.,BASE_RATE,TRUE,The game should be close.,Not stated.,He states teams do break through eventually and names Indiana as an example.,OBSERVED,Texas winning cleanly without a self-inflicted error falsifies the pattern read.,depth|mechanism_restates_thesis
W02-062,COMPRESSED,Watched Iowa State go three-and-out to open both halves; market has not caught on.,Watched Iowa State go three-and-out to open both halves; market has not caught on.,Watched Iowa State's first possession of each half - both three-and-outs - on the stated principle that opening possessions tell you who a team is.,CHARTED,FALSE,Iowa wins by two touchdowns.,Not stated.,He acknowledges these games tend to be close and the record books get thrown out.,OBSERVED,Iowa State moving the ball on its opening drives.,depth|mechanism_restates_thesis
W02-063,COMPRESSED,Does not think Washington State is good; Kansas State's offence does not need to be great.,Does not think Washington State is good; Kansas State's offence does not need to be great.,Does not think Washington State is good; says Kansas State's offence does not need to be great.,ASSERTION,FALSE,None offered.,Not stated.,He does not engage with the three missing offensive line starters that are his opponent's whole argument.,OBSERVED,Washington State sustaining drives.,depth|mechanism_restates_thesis
W02-064,COMPRESSED,First home game after an ugly win; Southern Miss has the least returning production in the country.,First home game after an ugly win; Southern Miss has the least returning production in the country.,Southern Miss has the least returning production in the country after its staff left for Memphis; Auburn's first home game after an ugly win and a nervous fanbase.,ROSTER,TRUE,Auburn puts on a show.,Instrument named explicitly; see notes.,None offered.,OBSERVED,Auburn stalling in the red zone.,depth|mechanism_restates_thesis
W02-065,COMPRESSED,Both defences can force the other quarterback to beat them from the pocket.,Both defences can force the other quarterback to beat them from the pocket.,"Both defences can force the other quarterback to beat them from the pocket, and neither quarterback is reliable doing it.",SCHEME,FALSE,Not very high scoring.,Instrument named explicitly; see notes.,"He trusts Mateer to do it more consistently than Underwood, which cuts against his own under.",OBSERVED,Either quarterback throwing efficiently on early downs.,depth|mechanism_restates_thesis
W02-066,COMPRESSED,Notre Dame's schedule forces it to leave no doubt and run up scores when it can.,Notre Dame's schedule forces it to leave no doubt and run up scores when it can.,Notre Dame's schedule forces it to run up scores when it can; Rice will not move the needle on the resume unless the score does.,SCHEME,FALSE,Notre Dame clears 48.5.,Instrument named explicitly; see notes.,"He names the counter himself: the entire bet is possession count, and Rice's pace works against him.",OBSERVED,Rice controlling the clock and holding Notre Dame under the number of possessions it needs.,depth|mechanism_restates_thesis
W02-067,COMPRESSED,The two best units in the game are the defensive lines.,The two best units in the game are the defensive lines.,The two best units in the game are the defensive lines on both teams.,SCHEME,FALSE,Defensive lines win out over sixty minutes.,Instrument named explicitly; see notes.,Chip Patterson's Memphis team total over on the same game is the direct counter and was stated on air.,OBSERVED,Either offence posting a normal success rate.,depth|mechanism_restates_thesis
W02-068,COMPRESSED,Illinois could not stop the run against UAB and he expects that all year.,Illinois could not stop the run against UAB and he expects that all year.,Illinois could not stop the run against UAB; a Duke back ran wide effectively in week one.,STAT_CITED,TRUE,None offered.,Instrument named explicitly; see notes.,He acknowledges Duke's defence looked good against Tulane.,OBSERVED,Illinois holding Duke's run game.,depth|mechanism_restates_thesis
W02-069,COMPRESSED,Purdue looked far more in sync than in years; will not trust Wake Forest as a road favourite.,Purdue looked far more in sync than in years; will not trust Wake Forest as a road favourite.,"Purdue looked far more competent and in sync than in recent years, albeit against Indiana State.",ASSERTION,FALSE,None offered.,Not stated.,"He states the opponent was Indiana State and to put that away, undercutting his own evidence.",OBSERVED,Purdue being outclassed at home.,depth|mechanism_restates_thesis
W02-070,COMPRESSED,Not ready to trust Kent State as a favourite.,Not ready to trust Kent State as a favourite.,Not ready to trust Kent State as a favourite.,ASSERTION,FALSE,None offered.,Not stated.,None offered.,OBSERVED,Kent State covering comfortably.,depth|mechanism_restates_thesis
W02-071,COMPRESSED,States a deliberate change of process: he now sprinkles the small dogs he already took on the spread.,States a deliberate change of process: he now sprinkles the small dogs he already took on the spread.,"States a deliberate process change: he now sprinkles the small dogs he has already taken on the spread, having stopped doing so last year to avoid repetition.",ASSERTION,FALSE,None offered.,Not stated.,He identifies the correlation himself and accepts it as intentional.,OBSERVED,Same as the spread row.,depth|mechanism_restates_thesis
W02-072,COMPRESSED,Same dog he took on the spread.,Same dog he took on the spread.,Same dog he took on the spread.,ASSERTION,FALSE,None offered.,Not stated.,None offered.,OBSERVED,Same as the spread row.,depth|mechanism_restates_thesis
W02-073,COMPRESSED,Respecting the service academy against a new FBS program.,Respecting the service academy against a new FBS program.,Respecting the service academy against a program in its first two weeks as an FBS member.,BASE_RATE,TRUE,None offered.,Not stated.,He says he loves what North Dakota State has shown.,OBSERVED,North Dakota State winning outright.,depth|mechanism_restates_thesis
W02-074,COMPRESSED,Rivalry is effectively a service academy bowl; 17-3 in the last 20 meetings; cited a most-unders-under-40 table.,Rivalry is effectively a service academy bowl; 17-3 in the last 20 meetings; cited a most-unders-under-40 table.,The rivalry is effectively a service academy bowl; 17-3 in the last twenty meetings; cited a table of the most all-time meetings finishing under 40.,BASE_RATE,TRUE,Under 40.,Instrument named explicitly; see notes.,"Both offences looked okay in week one, which the producers acknowledge before dismissing on opponent quality.",OBSERVED,Either offence scoring in the twenties.,depth|mechanism_restates_thesis
W02-075,COMPRESSED,Line opened Minnesota -2.5 and flipped; Taylor impressed and the program is desperate for wins.,Line opened Minnesota -2.5 and flipped; Taylor impressed and the program is desperate for wins.,"Line opened Minnesota -2.5 and flipped to Mississippi State -1.5, a four-point move; Taylor impressed in the opener; the program is desperate for wins.",MARKET,TRUE,None offered.,Not stated.,Named on air by the hosts: this looks like SEC bias on a road favourite.,OBSERVED,Minnesota controlling the game at home.,depth|mechanism_restates_thesis
W02-076,COMPRESSED,Expects Ole Miss to bank it early then coast with backups toward the LSU showdown.,Expects Ole Miss to bank it early then coast with backups toward the LSU showdown.,Expects Ole Miss to bank the game early and coast toward the LSU showdown; Lacey and the right tackles who went down against Louisville are unlikely to play.,ROSTER,TRUE,"31-35 points by half, then let it out.",Instrument named explicitly; see notes.,"He states that taking Charlotte +47.5 is extremely tempting, which is the opposing instrument on the same read.",OBSERVED,Ole Miss playing starters into the fourth quarter.,depth|mechanism_restates_thesis
W02-077,COMPRESSED,Kansas was eight points better at home last year; Missouri returns no production on defence.,Kansas was eight points better at home last year; Missouri returns no production on defence.,Kansas was eight points better at home last year; Missouri returns no production on defence against top-ten returning production for Kansas.,STAT_CITED,TRUE,None offered.,Not stated.,She named a Missouri team total under 27.5 as a look she liked and declined it for simplicity.,OBSERVED,Missouri controlling the game on the road.,depth|mechanism_restates_thesis
W02-078,COMPRESSED,Overreaction to the Faizon Brandon performance; Georgia Tech will bounce back.,Overreaction to the Faizon Brandon performance; Georgia Tech will bounce back.,Calls the reaction to the Faizon Brandon performance a big overreaction and asks how Georgia Tech bounces back.,MARKET,TRUE,None offered.,Not stated.,None offered.,OBSERVED,Tennessee covering comfortably.,depth|mechanism_restates_thesis
W02-079,COMPRESSED,Missouri -5.5 covers or wins.,None offered.,None.,NONE,FALSE,None offered.,,,,,thesis
W02-080,COMPRESSED,Arizona State +14.5 covers or wins.,None offered.,None.,NONE,FALSE,None offered.,,,,,thesis
W02-081,COMPRESSED,Oregon rebounds in a get-right spot against a bad Oklahoma State team; the Week 1 struggle still produced a lot of offense.,Oregon rebounds in a get-right spot against a bad Oklahoma State team; the Week 1 struggle still produced a lot of offense.,None.,ASSERTION,FALSE,None offered.,,,,,
W02-082,COMPRESSED,Wake Forest -3 covers or wins.,None offered.,None.,NONE,FALSE,None offered.,,,,,thesis
W02-083,COMPRESSED,Minnesota +1.5 covers or wins.,None offered.,None.,NONE,FALSE,None offered.,,,,,thesis
W02-084,COMPRESSED,None offered on the card; in the preview he said he likes the over.,None offered on the card; in the preview he said he likes the over.,None.,NONE,FALSE,None offered.,,,,,
W02-085,COMPRESSED,Vanderbilt -20.5 covers or wins.,None offered.,None.,NONE,FALSE,None offered.,,,,,thesis
W02-086,COMPRESSED,Calls Memphis-Boise a sneaky really good game.,Calls Memphis-Boise a sneaky really good game.,None.,ASSERTION,FALSE,None offered.,,,,,
W02-087,COMPRESSED,Fresno State -18.5 covers or wins.,None offered.,None.,NONE,FALSE,None offered.,,,,,thesis
W02-088,COMPRESSED,Washington -26.5 covers or wins.,None offered.,None.,NONE,FALSE,None offered.,,,,,thesis
W02-089,COMPRESSED,Navy -4.5 covers or wins.,None offered.,None.,NONE,FALSE,None offered.,,,,,thesis
W02-091,COMPRESSED,Michigan State -17 covers or wins.,None offered.,None.,NONE,FALSE,None offered.,,,,,thesis
W02-092,COMPRESSED,Utah -12.5 covers or wins.,None offered.,None.,NONE,FALSE,None offered.,,,,,thesis
W02-093,COMPRESSED,Memphis +8.5 covers or wins.,None offered.,None.,NONE,FALSE,None offered.,,,,,thesis
W02-094,COMPRESSED,Nebraska -28.5 covers or wins.,None offered.,None.,NONE,FALSE,None offered.,,,,,thesis
W02-095,COMPRESSED,Oregon -22.5 covers or wins.,None offered.,None.,NONE,FALSE,None offered.,,,,,thesis
W02-096,COMPRESSED,Tulsa -14 covers or wins.,None offered.,None.,NONE,FALSE,None offered.,,,,,thesis
W02-097,COMPRESSED,Virginia Tech -19.5 covers or wins.,None offered.,None.,NONE,FALSE,None offered.,,,,,thesis
W02-098,COMPRESSED,UConn +12.5 covers or wins.,None offered.,None.,NONE,FALSE,None offered.,,,,,thesis
W02-099,COMPRESSED,None offered beyond fading Bosco.,None offered beyond fading Bosco.,None.,NONE,FALSE,None offered.,,,,,
W02-100,COMPRESSED,"Georgia Tech lost to Colorado as a touchdown favourite on national TV, so everyone will think they stink; he expects it closer than the number.","Georgia Tech lost to Colorado as a touchdown favourite on national TV, so everyone will think they stink; he expects it closer than the number.",None.,ASSERTION,FALSE,None offered.,,,,,
W02-101,COMPRESSED,Penn State -23.5 covers or wins.,None offered.,None.,NONE,FALSE,None offered.,,,,,thesis
W02-102,COMPRESSED,Cal travels coast to coast off a late-night game.,Cal travels coast to coast off a late-night game.,None.,ASSERTION,FALSE,None offered.,,,,,
W02-103,COMPRESSED,BC turned it over three times in the red zone last week; red bandana game on 9/11.,BC turned it over three times in the red zone last week; red bandana game on 9/11.,None.,ASSERTION,FALSE,None offered.,,,,,
W02-104,COMPRESSED,Boston College -3.5 covers or wins.,None offered.,None.,NONE,FALSE,None offered.,,,,,thesis
W02-105,COMPRESSED,He is a Dillingham guy.,He is a Dillingham guy.,None.,ASSERTION,FALSE,None offered.,,,,,
W02-106,COMPRESSED,Oregon -22.5 covers or wins.,None offered.,None.,NONE,FALSE,None offered.,,,,,thesis
W02-107,COMPRESSED,Expects Oklahoma State to rebound offensively.,Expects Oklahoma State to rebound offensively.,None.,ASSERTION,FALSE,None offered.,,,,,
W02-108,COMPRESSED,UConn +12.5 covers or wins.,None offered.,None.,NONE,FALSE,None offered.,,,,,thesis
W02-109,COMPRESSED,Loves the Memphis coach; thinks Boise is being pumped up and Memphis could win outright.,Loves the Memphis coach; thinks Boise is being pumped up and Memphis could win outright.,None.,ASSERTION,FALSE,None offered.,,,,,
W02-110,COMPRESSED,None offered on the card; in the preview he said Ohio State is just better.,None offered on the card; in the preview he said Ohio State is just better.,None.,NONE,FALSE,None offered.,,,,,
W02-111,COMPRESSED,Skill-position talent on both sides; unlike last year neither quarterback is making a first start.,Skill-position talent on both sides; unlike last year neither quarterback is making a first start.,None.,ASSERTION,FALSE,None offered.,,,,,
W02-112,COMPRESSED,Took Oklahoma after watching Michigan on Saturday; says it feels like a square pick.,Took Oklahoma after watching Michigan on Saturday; says it feels like a square pick.,None.,ASSERTION,FALSE,None offered.,,,,,
W02-113,COMPRESSED,LSU -35.5 covers or wins.,None offered.,None.,NONE,FALSE,None offered.,,,,,thesis
W02-114,COMPRESSED,Southern +15.5 covers or wins.,None offered.,None.,NONE,FALSE,None offered.,,,,,thesis
W02-115,COMPRESSED,Utah -12.5 covers or wins.,None offered.,None.,NONE,FALSE,None offered.,,,,,thesis
W02-116,COMPRESSED,South Florida has to defend the option; Army shortens possessions and cut-blocks all day.,South Florida has to defend the option; Army shortens possessions and cut-blocks all day.,None.,ASSERTION,FALSE,None offered.,,,,,
W02-117,COMPRESSED,None offered beyond the switch.,None offered beyond the switch.,None.,NONE,FALSE,None offered.,,,,,
W02-118,COMPRESSED,"Oklahoma only played to expectation, so an 8-point move overreacts; points are worth more with a falling total; Oklahoma OL injuries.","Oklahoma only played to expectation, so an 8-point move overreacts; points are worth more with a falling total; Oklahoma OL injuries.","See reasoning_verbatim sidecar; figures are as said on air, not verified.",ASSERTION,TRUE,None offered.,,,,,mechanism
W02-119,COMPRESSED,"More Ohio State pace, better Texas red-zone finishing, and an aggressive new Texas defense should produce explosives both ways.","More Ohio State pace, better Texas red-zone finishing, and an aggressive new Texas defense should produce explosives both ways.","See reasoning_verbatim sidecar; figures are as said on air, not verified.",ASSERTION,TRUE,None offered.,,,,,mechanism
W02-120,COMPRESSED,DeBoer is 1-5 ATS as a road double-digit favorite; freshman QB on the road; Kentucky gets four starters back.,DeBoer is 1-5 ATS as a road double-digit favorite; freshman QB on the road; Kentucky gets four starters back.,"See reasoning_verbatim sidecar; figures are as said on air, not verified.",ASSERTION,TRUE,None offered.,,,,,mechanism
W02-121,COMPRESSED,"Lower-scoring game, Arizona front seven can stop the BYU run, BYU receiver room cannot expose the Arizona secondary; Brennan 25-14 ATS as a road dog of 7+.","Lower-scoring game, Arizona front seven can stop the BYU run, BYU receiver room cannot expose the Arizona secondary; Brennan 25-14 ATS as a road dog of 7+.","See reasoning_verbatim sidecar; figures are as said on air, not verified.",ASSERTION,TRUE,None offered.,,,,,mechanism
W02-122,COMPRESSED,"Lower on Texas A&M; body-clock game for Arizona State, but not enough known about them yet.","Lower on Texas A&M; body-clock game for Arizona State, but not enough known about them yet.","See reasoning_verbatim sidecar; figures are as said on air, not verified.",ASSERTION,TRUE,None offered.,,,,,mechanism
W02-123,COMPRESSED,"Tricky Texas Tech spot: travel west, short week, Houston on deck; McGuire 2-6-1 ATS across time zones; weaker Tech pass rush.","Tricky Texas Tech spot: travel west, short week, Houston on deck; McGuire 2-6-1 ATS across time zones; weaker Tech pass rush.","See reasoning_verbatim sidecar; figures are as said on air, not verified.",ASSERTION,TRUE,None offered.,,,,,mechanism
W02-124,COMPRESSED,Brent Key 17-6 ATS as a dog; extra rest; Tennessee freshman QB on his first road start.,Brent Key 17-6 ATS as a dog; extra rest; Tennessee freshman QB on his first road start.,"See reasoning_verbatim sidecar; figures are as said on air, not verified.",ASSERTION,TRUE,None offered.,,,,,mechanism
W02-125,COMPRESSED,None beyond being close to the number; notes 17 of the last 20 in the rivalry went under.,None beyond being close to the number; notes 17 of the last 20 in the rivalry went under.,"See reasoning_verbatim sidecar; figures are as said on air, not verified.",ASSERTION,TRUE,None offered.,,,,,mechanism
W02-126,COMPRESSED,Coin-flip game; Purdue gets its left tackle back and hit on portal transfers; Wake has Miami on a short week next.,Coin-flip game; Purdue gets its left tackle back and hit on portal transfers; Wake has Miami on a short week next.,"See reasoning_verbatim sidecar; figures are as said on air, not verified.",ASSERTION,TRUE,None offered.,,,,,mechanism
W02-127,COMPRESSED,USF pace is now very slow and its run defense is its strength against Army.,USF pace is now very slow and its run defense is its strength against Army.,"See reasoning_verbatim sidecar; figures are as said on air, not verified.",ASSERTION,TRUE,None offered.,,,,,mechanism
W02-128,COMPRESSED,Navy pass defense is bad; fourth-down variance makes it a good moneyline dog.,Navy pass defense is bad; fourth-down variance makes it a good moneyline dog.,"See reasoning_verbatim sidecar; figures are as said on air, not verified.",ASSERTION,TRUE,None offered.,,,,,mechanism
W02-129,COMPRESSED,Cal off a physical late-night game and a cross-country trip; bad Cal defense.,Cal off a physical late-night game and a cross-country trip; bad Cal defense.,"See reasoning_verbatim sidecar; figures are as said on air, not verified.",ASSERTION,TRUE,None offered.,,,,,mechanism
W02-130,COMPRESSED,Ole Miss is prepping for LSU on a short week and will rest starters once ahead.,Ole Miss is prepping for LSU on a short week and will rest starters once ahead.,"See reasoning_verbatim sidecar; figures are as said on air, not verified.",ASSERTION,TRUE,None offered.,,,,,mechanism
W02-131,COMPRESSED,Sacramento State is one of the three worst FBS teams and starts its backup QB.,Sacramento State is one of the three worst FBS teams and starts its backup QB.,"See reasoning_verbatim sidecar; figures are as said on air, not verified.",ASSERTION,TRUE,None offered.,,,,,mechanism
W02-132,COMPRESSED,Projects Fresno 28-3.,Projects Fresno 28-3.,"See reasoning_verbatim sidecar; figures are as said on air, not verified.",ASSERTION,TRUE,None offered.,,,,,mechanism
W02-133,COMPRESSED,Georgia State is finally playing the right quarterback and upgraded its offensive staff; fades Kennesaw State QB Ricky Collins.,Georgia State is finally playing the right quarterback and upgraded its offensive staff; fades Kennesaw State QB Ricky Collins.,"See reasoning_verbatim sidecar; figures are as said on air, not verified.",ASSERTION,TRUE,None offered.,,,,,mechanism
W02-134,COMPRESSED,Too big an adjustment off one loss; Schiano bounces back; BC coaches know the benched QB.,Too big an adjustment off one loss; Schiano bounces back; BC coaches know the benched QB.,"See reasoning_verbatim sidecar; figures are as said on air, not verified.",ASSERTION,TRUE,None offered.,,,,,mechanism
W02-135,COMPRESSED,Seller of Missouri all offseason; Ahmad Hardy out; thinks Kansas wins.,Seller of Missouri all offseason; Ahmad Hardy out; thinks Kansas wins.,"See reasoning_verbatim sidecar; figures are as said on air, not verified.",ASSERTION,TRUE,None offered.,,,,,mechanism
W02-136,COMPRESSED,Memphis on a brutal travel run with a bad defense; Boise 9-0 ATS at home as a non-conference favorite after a loss.,Memphis on a brutal travel run with a bad defense; Boise 9-0 ATS at home as a non-conference favorite after a loss.,"See reasoning_verbatim sidecar; figures are as said on air, not verified.",ASSERTION,TRUE,None offered.,,,,,mechanism
W02-137,COMPRESSED,Buyer of Air Force; altitude and a first real road test for North Dakota State.,Buyer of Air Force; altitude and a first real road test for North Dakota State.,"See reasoning_verbatim sidecar; figures are as said on air, not verified.",ASSERTION,TRUE,None offered.,,,,,mechanism
W02-138,COMPRESSED,No sign of life in the Michigan box score; everything on Underwood.,No sign of life in the Michigan box score; everything on Underwood.,"See reasoning_verbatim sidecar; figures are as said on air, not verified.",ASSERTION,TRUE,None offered.,,,,,mechanism
W02-139,COMPRESSED,Texas has the proven mobile QB and won the trenches last year; top-30 havoc defense.,Texas has the proven mobile QB and won the trenches last year; top-30 havoc defense.,"See reasoning_verbatim sidecar; figures are as said on air, not verified.",ASSERTION,TRUE,None offered.,,,,,mechanism
W02-140,COMPRESSED,Alabama found a running game; Minchie looked in full control; Kentucky showed nothing in week one.,Alabama found a running game; Minchie looked in full control; Kentucky showed nothing in week one.,"See reasoning_verbatim sidecar; figures are as said on air, not verified.",ASSERTION,TRUE,None offered.,,,,,mechanism
W02-141,COMPRESSED,Low-scoring game.,Low-scoring game.,"See reasoning_verbatim sidecar; figures are as said on air, not verified.",ASSERTION,TRUE,None offered.,,,,,mechanism
W02-142,COMPRESSED,Boley had a clean sheet; spread holding while the total drops increases the value of 14.5.,Boley had a clean sheet; spread holding while the total drops increases the value of 14.5.,"See reasoning_verbatim sidecar; figures are as said on air, not verified.",ASSERTION,TRUE,None offered.,,,,,mechanism
W02-143,COMPRESSED,Georgia Tech beat Colorado on yards per play; unproven Tennessee secondary.,Georgia Tech beat Colorado on yards per play; unproven Tennessee secondary.,"See reasoning_verbatim sidecar; figures are as said on air, not verified.",ASSERTION,TRUE,None offered.,,,,,mechanism
W02-144,COMPRESSED,Directly on 14 on the side.,Directly on 14 on the side.,"See reasoning_verbatim sidecar; figures are as said on air, not verified.",ASSERTION,TRUE,None offered.,,,,,mechanism
W02-145,COMPRESSED,Hammond average against Abilene Christian; Texas Tech red-zone trouble.,Hammond average against Abilene Christian; Texas Tech red-zone trouble.,"See reasoning_verbatim sidecar; figures are as said on air, not verified.",ASSERTION,TRUE,None offered.,,,,,mechanism
W02-146,COMPRESSED,Wake could not stop the Akron run; Purdue shows signs of life.,Wake could not stop the Akron run; Purdue shows signs of life.,"See reasoning_verbatim sidecar; figures are as said on air, not verified.",ASSERTION,TRUE,None offered.,,,,,mechanism
W02-147,COMPRESSED,Same read as his Purdue +3.,Same read as his Purdue +3.,"See reasoning_verbatim sidecar; figures are as said on air, not verified.",ASSERTION,TRUE,None offered.,,,,,mechanism
W02-148,COMPRESSED,Navy pass defense is putrid.,Navy pass defense is putrid.,"See reasoning_verbatim sidecar; figures are as said on air, not verified.",ASSERTION,TRUE,None offered.,,,,,mechanism
W02-149,COMPRESSED,"Over is taking money, deservedly.","Over is taking money, deservedly.","See reasoning_verbatim sidecar; figures are as said on air, not verified.",ASSERTION,TRUE,None offered.,,,,,mechanism
W02-150,COMPRESSED,UCLA explosive passing against a San Diego State defense that allowed six pass explosives to Portland State.,UCLA explosive passing against a San Diego State defense that allowed six pass explosives to Portland State.,"See reasoning_verbatim sidecar; figures are as said on air, not verified.",ASSERTION,TRUE,None offered.,,,,,mechanism
W02-151,COMPRESSED,Same explosive-passing read.,Same explosive-passing read.,"See reasoning_verbatim sidecar; figures are as said on air, not verified.",ASSERTION,TRUE,None offered.,,,,,mechanism
W02-152,COMPRESSED,BC matched Cincinnati on yards per play despite losing by 19; UMass ran 68% standard-down success on Rutgers.,BC matched Cincinnati on yards per play despite losing by 19; UMass ran 68% standard-down success on Rutgers.,"See reasoning_verbatim sidecar; figures are as said on air, not verified.",ASSERTION,TRUE,None offered.,,,,,mechanism
W02-153,COMPRESSED,Hardy out; Missouri left tackle issues; Marshall and McMillan are legit.,Hardy out; Missouri left tackle issues; Marshall and McMillan are legit.,"See reasoning_verbatim sidecar; figures are as said on air, not verified.",ASSERTION,TRUE,None offered.,,,,,mechanism
W02-154,COMPRESSED,Same read as his Kansas spread.,Same read as his Kansas spread.,"See reasoning_verbatim sidecar; figures are as said on air, not verified.",ASSERTION,TRUE,None offered.,,,,,mechanism
W02-155,COMPRESSED,Market prices Bowling Green like Ohio; BG just lost to Tarleton State.,Market prices Bowling Green like Ohio; BG just lost to Tarleton State.,"See reasoning_verbatim sidecar; figures are as said on air, not verified.",ASSERTION,TRUE,None offered.,,,,,mechanism
W02-156,COMPRESSED,Better running game; Mississippi State could not stuff ULM.,Better running game; Mississippi State could not stuff ULM.,"See reasoning_verbatim sidecar; figures are as said on air, not verified.",ASSERTION,TRUE,None offered.,,,,,mechanism
W02-157,COMPRESSED,Oklahoma State dumps the ball to Caleb Hawkins out of the backfield.,"Without their blindside tackle, Oklahoma State has to get the ball out quickly; Oregon missed at least four tackles on a similar Boise dump-off TD.",Hawkins was targeted seven times out of the backfield against Tulsa; Oregon missed four or more tackles on the Sire Gaines TD.,STAT_CITED,TRUE,None offered.,Chosen as the alternative if the spread does not reach +24.,,,,
W03-001,FULL,North Dakota State beats Sacramento State by more than the market spread (host fair line at least 28).,Sac State lacks size and depth up front -> NDSU double-tight power run controls the line -> short fields plus special-teams edge produce a multi-score margin.,"Fresno averaged 5.8 ypc and scored on 8 straight drives vs Sac State; backup QB Sharman 15 of 31, 1 INT; Sac State 1 explosive rush in 51 FBS attempts; 1 offensive TD in two games; NDSU late fade at Air Force attributed to 7,000 ft elevation.",STAT_CITED,TRUE,Implied NDSU margin 28+ (stated tolerance); no point projection,Spread only; no alternative discussed,NDSU faded in the fourth quarter at Air Force (raised by Duck himself and dismissed as elevation),OBSERVED,Sac State sustains drives on the ground or Conklin returns at QB.,counter_case_type
W03-002,FULL,New Mexico loses by fewer than 22.5 at Oklahoma.,Oklahoma between Michigan loss and Georgia -> less than full focus; Mateer struggles 0-19 yards downfield and Eck defenses contain mobile QBs -> OU stuck below ~24 points; UNM pace (31.7 s/play) shortens the game.,"Mateer PFF 46.8 on 0-19 yd throws, 0 big-time throws, 2 turnover-worthy plays; CMU QBs 18 carries for 25 yds vs UNM; UNM 125th in seconds per play (31.7); Eck covered +34.5 at Michigan, beat UCLA outright, kept Idaho within 10 at Oregon, covered at Cal, WSU and Indiana.",STAT_CITED,TRUE,No number; 'if OU is held under 24 they won't cover' (stated on prior live show),Spread; slow-pace dog,"Oklahoma defence is very strong and UNM rotates two QBs (Duck, while agreeing)",OBSERVED,"Oklahoma scores 30+ via sustained short passing, or UNM fails to control tempo.",
W03-003,FULL,Kansas State beats Tulane by 21 or more.,Tulane cannot create negative plays -> KSU stays on schedule and converts red-zone trips to TDs -> Tulane offence cannot match possession for possession.,"Tulane 1 sack, 5 TFL on season, 132nd in havoc, 111th early-down defensive success; KSU 12th in success rate, 11 red-zone trips 11 scores 9 TD, 71% third down; Avery Johnson 8.5 ypc, 67%; KSU no offensive TD allowed; Klein presser references 2022 Tulane loss.",STAT_CITED,FALSE,No number,Spread,Tulane back Jalen Lucas ran for 200 vs South Alabama; offence built around the run (Calabrese),OBSERVED,Tulane records multiple sacks/TFLs and KSU settles for field goals in the red zone.,
W03-004,FULL,Colorado State loses by fewer than 17.5 (or wins).,BYU between Arizona and TCU -> less motivated; methodical BYU offence without explosives -> CSU third-down defence forces field goals; Mora teams fight as dogs.,"Mora covered 58% as a dog at UConn; Hejny 65%, 9 TD, 1 INT, 124 rush yds; CSU 15 TFL and 12 PD in two games; Mora presser line about fighting 'like crazy'.",BASE_RATE,FALSE,Scenario: BYU wins by 14-17 and ticket cashes,Spread; the hook on 17 cited as a reason,CSU has played only Wyoming and Southern Utah (Duck); CSU defence could be very bad (Stucky 09-18),OBSERVED,BYU hits multiple explosives and CSU cannot get off the field on third down.,
W03-005,FULL,South Dakota and Boise State combine for 55 or more.,USD's new QB-led passing offence scores ~20 vs Boise -> weak USD secondary allows Boise run/play-action to reach the red zone 5-6 times -> Boise 44+.,"Majewski 11 TD, 720 yds in three games; three field-stretching receivers; USD allowed heavy scoring to CCSU, Northern Colorado, Eastern Washington (torched in second half).",STAT_CITED,FALSE,"44-20 = 64, about 9.5 over the number",Total rather than Boise spread,Boise could run the ball and shorten the game; USD could play slow as vs Wisconsin in past,CONSTRUCTED,"USD adopts a slow, run-first approach or Boise pulls starters early.",counter_case
W03-006,FULL,Louisiana beats UAB by 8 or more.,UAB receiver room raided -> no passing threat -> Louisiana loads the box vs Robinson -> game script forces UAB to throw.,"Burton 8 of 16, 115 yds, TD, INT, QBR 30.5 vs ULM; Winfield QBR 84, 91 rush yds, 2 TD vs USC; UAB lost WRs Thomas, Hooks, Milliner.",STAT_CITED,TRUE,Surprised line is single digits; no number,Spread,UAB competitive into Q4 vs Illinois; some of Winfield's production came against USC backups (Duck),OBSERVED,UAB completes explosive passes or Robinson averages 5+ ypc vs a loaded box.,
W03-007,FULL,Rice beats Western Michigan outright.,WMU off an emotional FCS rout with Boise on deck -> flat; Rice run game sustains possessions and run defence forces WMU into third-and-medium passing -> low-scoring coin flip.,WMU covered 14 of last 16 vs FCS (why they 'took it out' on Monmouth); WMU 95th in havoc; Rice 50th in rush success allowed; Notre Dame's longest run vs Rice 15 yds.,STAT_CITED,FALSE,'17 points gets it done'; close game,ML as the upside expression; spread lean logged separately (W03-008),Rice turned it over repeatedly and QB Quinn Jackson out long term (Calabrese),OBSERVED,WMU connects on downfield passes and Rice cannot run 3-4 yds a carry.,
W03-008,COMPRESSED,Rice loses by fewer than 9.5 or wins.,,See W03-007.,STAT_CITED,,,,,,,
W03-009,FULL,Middle Tennessee beats Nevada outright.,Nevada travel/heat plus a compromised or absent Jones -> offence limited to throws under 10 air yards -> MTSU sure tackling keeps Nevada in third-and-long.,"Nevada backups could not throw 10+ air yards vs Montana State; Lacey 17 rec, 190 yds, 2 TD from slot; MTSU 28th in PFF tackling; one 2-pt conversion from tying Marshall; 92 F kickoff forecast cited.",STAT_CITED,TRUE,Duck: MTSU better than 50-50 if Jones out,ML over spread; underdog parlay format,Duck: depends heavily on Jones's status,OBSERVED,Jones plays at full strength and Nevada completes downfield throws.,
W03-010,FULL,Stanford loses by fewer than 9.5 or wins at Duke.,"Bye week returns LT Prongos, Simeone Paule and WR Nico Brown -> run game and vertical passing restored -> Duke priced at its peak after beating Illinois.",Published ACC depth chart shows returning OL starters and Nico Brown; Duke 10 of 27 on third down; 19 accepted penalties for 165 yds in two games.,ROSTER,TRUE,Close game; possible late tying/winning drive,Spread,Duke beat Illinois outright on the road and has played twice since Stanford last played,CONSTRUCTED,Listed returners do not play or Stanford run game stays below 3.5 ypc.,counter_case
W03-011,FULL,LSU beats Ole Miss (market unclear: side or double-digit alt).,Ole Miss lost offensive staff -> slow starts -> LSU talent and pass rush plus a run game that exploits Ole Miss run defence keeps ball out of Leavitt's hands.,LSU 8th-rated roster (247); Ole Miss 7 opening-drive TDs last year vs 2 scores on 4 drives this year; LT Seaton 2 pressures allowed in two games; Louisville true ypc vs Ole Miss 5+ after removing a 29-yd bad snap.,STAT_CITED,FALSE,No number,Undetermined (see notes),Stucky takes Ole Miss +3 on 09-18 (W03-012),OBSERVED,Ole Miss scores on its opening drives and holds LSU under 4 ypc.,
W03-012,FULL,Ole Miss loses by fewer than 3 or wins.,"Four-point home field in a hostile primetime spot -> LSU must be a touchdown better neutral, which two soft home wins do not show -> Chambliss beats pressure and hits explosives vs a shaky LSU OL.",Assigns 4-pt HFA; LSU played La Tech and a poor Clemson; Leavitt threw picks vs La Tech; concern on LSU OL beyond C and LT; Ole Miss safety coverage busts acknowledged.,ROSTER,TRUE,Implies LSU less than a TD better neutral; no explicit number,Spread at +3 (key number),Colin Wilson takes LSU -3 head-to-head (W03-013),OBSERVED,LSU wins the explosive-play count and Chambliss is pressured into turnovers.,
W03-013,FULL,LSU wins by more than 3 at Ole Miss.,LSU defence (top 10 havoc/success) limits Chambliss -> Ole Miss secondary busts give LSU explosives even from an unsettled offence.,"Prince Wilson 10 pressures, 5 sacks; Louisville had 7 explosive passes and Ole Miss missed 25 tackles, then 10 more vs Charlotte; Joseph and Corr each allowed 6 of 7 targets; LSU OL 23 pressures allowed, 6 drops.",STAT_CITED,FALSE,"LSU -4.5 to -5 at Ole Miss (6.5 better, minus 1.5-2 extra HFA)",Spread at 3; also ML from open,Stucky takes Ole Miss +3 (W03-012),OBSERVED,"LSU offence stalls (drops, pressures) and loses the turnover battle.",
W03-014,FULL,Florida beats Auburn outright.,Florida havoc (9th) vs Auburn havoc allowed (100+) -> Byron Brown mistakes vs cover 3/cover 0 -> turnover-free Florida offence wins.,"Florida #1 offensive finishing drives, top 10 pass success (SOS 133rd caveat); Philo 5-1 TD-INT, 0 TWP; Ball 5 TD; Brown 2 TD, 3 INT, 3.3 yds after contact, 4 forced missed tackles; history poor vs cover 0.",STAT_CITED,FALSE,No number,ML (spread 2.5 not used),"Florida's schedule (FAU, Campbell) makes its numbers unreliable (Stucky)",OBSERVED,Auburn wins the turnover battle or Brown produces explosive runs.,
W03-015,COMPRESSED,Florida wins by 3+.,,Better roster; Sumrall/Faulkner staff; Auburn OL and poor drive finishing vs P4.,ROSTER,,,,,,,
W03-016,FULL,Louisville beats SMU outright.,Louisville's best play (inside zone) meets SMU's weakness vs it -> SMU OL cannot protect Jennings -> SMU mistakes and explosive plays allowed decide it.,"SMU 47% (2025) and 50% (2026) success rate allowed vs inside zone; SMU rush EPA allowed 91st, 60th or worse in rush success; SMU outside top 100 in havoc allowed; Jennings 2 big-time throws vs 4 TWP; Louisville 128th in penalties (7 for 90 vs Villanova).",STAT_CITED,TRUE,No number,ML at -118 instead of -1.5,DT Miko Kennedy likely out for Louisville (raised by Colin),OBSERVED,SMU holds Louisville's inside zone under 4 ypc.,
W03-017,COMPRESSED,Louisville wins by 2+.,,LT O'Neal may return; SMU S Moses not cleared; Louisville DL pair vs SMU RT.,ROSTER,,Louisville -3 (1.5 over market),,,,,
W03-018,FULL,Virginia Tech wins by more than 3 at Maryland.,Franklin's personal grievance with Maryland -> he runs up margin -> VT covers a small number.,"Penn State beat Maryland by a combined 319-42 in wins 2017-2024 excluding 2020; Maryland 125th in defensive finishing drives, 98th in coverage.",BASE_RATE,FALSE,VT -3 (equal to market),Spread,VT was a box-score fraud vs ODU; Maryland won 20 straight non-conference games (raised on air),OBSERVED,Maryland's quick-release passing neutralises VT havoc.,
W03-019,COMPRESSED,Game goes over the total.,,Neither coach will take a knee on a lead.,MOTIVATION,,,,,,,
W03-020,COMPRESSED,UNC loses by fewer than 3 or wins.,,Clemson going to freshman QB; 'I trust Petrino much more than Morris'.,ASSERTION,,,,,,,
W03-021,COMPRESSED,Combined score 43 or fewer.,,"Reynolds 16/28, 0 BTT, 2 fumbles; Clemson 135th quality drives, 137th havoc allowed; UNC 123rd rush EPA, 99th pass EPA; UNC TEs hurt; two lightning delays.",STAT_CITED,TRUE,,,,,,
W03-022,COMPRESSED,First half 21 or fewer.,,See W03-021.,STAT_CITED,,,,,,,
W03-023,COMPRESSED,South Carolina wins by 5+.,,"Taylor 2 BTT vs 2 TWP; MSU 137th SOS, 126th pass rush, outside top 100 stuff rate.",STAT_CITED,TRUE,SC -8.5,,,,,
W03-024,COMPRESSED,Combined score 59 or more.,,Both offences up-tempo (SC 24.1 s/play cited by Colin); both QBs mobile.,SCHEME,,,,,,,
W03-025,COMPRESSED,A&M wins by 18+.,,Kentucky outside top 100 havoc allowed; 138th rush EPA.,STAT_CITED,,,,,,,
W03-027,COMPRESSED,Virginia wins by 11+.,,"UVA #1 defensive finishing drives, #3 quality drives; WVU 91st pass success allowed, 99th pass EPA allowed.",STAT_CITED,,On the number,,Stucky: numbers lean WVU at 9.5 fair,OBSERVED,,
W03-028,COMPRESSED,Combined score 53 or fewer.,,UVA rush rate 73%.,STAT_CITED,,,,,,,
W03-029,COMPRESSED,Central Michigan wins.,,None offered.,NONE,,,,,,,
W03-030,COMPRESSED,Baylor covers.,,La Tech starting QB ruled out; backup cannot throw; no running game; Baylor QB Lagway out again.,ROSTER,,,,,,,
W03-031,FULL,UTSA loses by fewer than 30.,Texas off a top-25 game with Tennessee next -> flat -> experienced UTSA stays inside the number.,Top-25 teams off a top-25 game as 30+ favorites 42% ATS over 20 years (n>200); top-10 version 18-35-1 (34%); most UTSA starters lost 56-7 to Texas two years ago.,BASE_RATE,FALSE,No number,Spread,"UTSA tackles poor vs pressure; McCown 0 BTT, 16 TWP under pressure (Stucky himself); box-score fraud (Colin)",OBSERVED,Texas pressure produces multiple UTSA turnovers.,
W03-032,COMPRESSED,Game goes over.,,UTSA defence gave up yardage even to UTRGV.,ASSERTION,,,,,,,
W03-033,COMPRESSED,New Mexico covers.,,"UNM havoc, success rate and PFF tackling (third) all strong; schedule fair.",STAT_CITED,,,,,,,
W03-034,FULL,New Mexico loses by 21 or fewer.,"Oklahoma between Michigan and Georgia -> flat, limited prep -> slow UNM offence and experienced defence keep it within three TDs.",OU without WR Terrell Harris and LB Kip Lewis; OL injuries; total trending to 45; UNM won at UCLA as 15-pt dog and lost by 17 at Michigan as 35-pt dog last year.,ROSTER,TRUE,Only needs ~10 UNM points,Spread,,,OU scores 35+.,counter_case
W03-035,FULL,Combined score 46 or fewer.,"UNM defence (havoc, success rate, third in PFF tackling) plus UNM slow pace -> few possessions -> low total.","UNM beat CMU and Mercyhurst by nearly 100 combined, opponents totalled ~300 yds; third in PFF tackling.",STAT_CITED,FALSE,37,Total,"Schedule strength (CMU, Mercyhurst)",OBSERVED,OU scores 35+ on its own.,
W03-036,COMPRESSED,Kent State loses by 52 or fewer.,,Top-10 30+ point favorites flat-spot base rate (see W03-031).,BASE_RATE,,58-7 final guess,,,,,
W03-037,COMPRESSED,UTEP loses by 35 or fewer.,,UTEP snapping late in the clock; Michigan will not use QB designed runs; Iowa next.,SCHEME,,,,,,,
W03-038,COMPRESSED,UTEP loses by 35 or fewer.,,"UTEP SOS 20th, top 25 in PFF tackling, 28.9 s/play vs Michigan 30.",STAT_CITED,,,,,,,
W03-039,COMPRESSED,BG loses by 24 or fewer.,,"ISU after Iowa with Utah next, noon kick; ran on 17 of 20 first downs vs Iowa.",MOTIVATION,,,,Colin: Iowa State -24 should be a bet (W03-041),OBSERVED,,
W03-040,COMPRESSED,Combined score 43 or fewer.,,BG has no receivers and weakened OL; ISU defence held Iowa's run game.,ROSTER,,,,,,,
W03-041,COMPRESSED,Iowa State wins by 25+.,,Rogers will run full offence for reps; ISU scoring TDs on nearly every scoring opportunity.,MOTIVATION,,ISU -32,,Stucky BG +24 (W03-039),OBSERVED,,
W03-042,COMPRESSED,Rutgers covers.,,USC 12-31-2 ATS traveling to another time zone (15 seasons); 3-15 excluding Mountain; 1-7 under Riley; USC backups gave up late scores to SJSU and Louisiana.,BASE_RATE,TRUE,,,,,,
W03-043,COMPRESSED,Game goes over.,,Rutgers 20th in offensive pass EPA; KJ Duff; USC 95th in havoc.,STAT_CITED,TRUE,,,,,,
W03-044,COMPRESSED,Georgia State loses by 17 or fewer.,,Cameron Brown at QB; opponent starting QB out.,ROSTER,,,,,,,
W03-045,COMPRESSED,Rice loses by 9 or fewer.,,Rice held ND to 118 rush yds on 32 carries; Monmouth outgained WMU 431-414 with 4 failed fourth downs and -2 turnovers; WMU hosts Boise next.,STAT_CITED,,13-10 type game,,,,,
W03-046,FULL,Rice loses by 9 or fewer.,Market over-weights WMU's Michigan game -> spread 6+ points too high.,Own power rating WMU -3; no supporting stat offered.,ASSERTION,FALSE,WMU -3,Spread; buy to 10 at -120,,,WMU wins by 10+.,counter_case
W03-047,COMPRESSED,CSU loses by 17 or fewer.,,Sitake 4-8 ATS as 14+ favorite vs non-conference; BYU into a bye.,BASE_RATE,,,,CSU defence could be really bad; played Wyoming and an FCS team (Stucky himself),OBSERVED,,
W03-048,FULL,Arkansas loses by 25 or fewer.,Market upgraded Georgia ~20 points on two cupcakes -> number 4.5 over blended rating.,Kirby 9-17 ATS (34.6%) as 21-39 pt SEC favorite; Georgia first SEC road game won by combined 11 over last three seasons (Colin).,BASE_RATE,FALSE,Georgia -21,Full game,Colin on Georgia (W03-049),OBSERVED,Georgia wins by 26+ without fluky turnovers.,
W03-049,FULL,Georgia covers at Arkansas.,"Arkansas cannot block -> no run game, Jackson under pressure -> Georgia defence dominates; Arkansas only covers via penalties and turnovers.","Georgia 9 missed tackles in two games; Arkansas 116th run blocking, 12 TFL allowed, Jackson 20 pressures on 78 dropbacks, holds ball 2.8 s; opponents crossed Arkansas 40 11 times averaging 5.1 points.",STAT_CITED,FALSE,Blended rating ~21 (stated by Stucky),Full game and 1H,Stucky Arkansas +25.5 (W03-048); Georgia's first SEC road game close three years running (Colin himself),OBSERVED,Arkansas runs for 4+ ypc.,
W03-051,COMPRESSED,South Alabama wins by 7+.,,Ohio outgained by 200 yds and won on a kick return; possibly down to third-string redshirt freshman QB; Davenport good vs Tulane.,ROSTER,TRUE,,,,,,
W03-052,COMPRESSED,Game goes under the total.,,JMU plays ODU next for Sun Belt East; SDSU near last in havoc and stuff rate; JMU backup QB.,MOTIVATION,,41.5,,,,,
W03-053,COMPRESSED,Purdue loses by 14 or fewer.,,"None offered beyond 'numbers-wise'; spot is bad for Purdue (OT game, Notre Dame next).",ASSERTION,,,,Bad spot for Purdue (host himself),OBSERVED,,
W03-054,FULL,Wake Forest loses by 20 or fewer.,Miami's two wins came against an injury-riddled Stanford and FAMU -> number inflated; Miami secondary depleted -> Lopez can move the ball.,Miami secondary injuries (detailed by Colin); Lopez reunited with his South Alabama OC; Wake DC strong.,ROSTER,TRUE,No number,Spread,Miami is one of the better teams in the country (host himself),OBSERVED,Miami wins by 21+ with its backups in.,
W03-055,FULL,Wake Forest loses by 20 or fewer.,Miami missing multiple DBs -> Wake passing game finds room; Wake top-20 coverage limits Miami explosives.,"CB Xavier Lucas out, O.J. Frederique out indefinitely, CB Jabari Antone extended absence, Fitzgerald moves to CB, freshman J.J. Dunnigan first start at S; Lopez 4 TD, 0 TWP; Wake top 20 in PFF coverage.",ROSTER,TRUE,No number,Spread,,,Miami holds Wake under 250 yds.,counter_case
W03-056,FULL,Game goes under the total.,TTU gets edge and safety back -> better defence; Houston defence strong; TTU red-zone issues -> fewer points.,Trey White and safety Jordan return; Hammond not healthy; TTU receivers weaker; Houston portal defence.,ROSTER,TRUE,No number,Total,,,,counter_case
W03-057,COMPRESSED,Game goes under the total.,,"vs Oregon State: Houston +1.9 YPP, TTU -2.0 YPP; TTU held 7 straight opponents under 100 rush yds; 4:30 a.m. return from Corvallis.",STAT_CITED,FALSE,,,,,,
W03-058,COMPRESSED,Houston wins outright.,,See W03-057.,STAT_CITED,,,,,,,
W03-059,COMPRESSED,Texas State wins by 3+.,,Texas State lost close/turnover games; North Texas secondary injured; Texas State WRs Sparks and Sample questionable.,ROSTER,TRUE,Over 3,,,,,
W03-060,COMPRESSED,Utah wins by 28+.,,Utah running 31 personnel with Dampier and Bird Ficklin as hybrid QB/RB; Utah State not equipped.,SCHEME,,Utah -31,,,,,
W03-061,COMPRESSED,San Jose State wins outright.,,Fresno's QB performance came vs Sac State and its backup QB.,ASSERTION,,Would make it shorter,,,,,
W03-062,COMPRESSED,San Jose State wins outright.,,None offered.,NONE,,,,,,,
W03-063,COMPRESSED,Coastal Carolina wins outright.,,"Delaware 131st havoc allowed, 97th coverage; Coastal 7th pass rush; Bailey 6 pass TD.",STAT_CITED,,~1 point,,,,,
W03-064,COMPRESSED,Houston more competent vs common opponent; Texas Tech untested in close games.,Houston more competent vs common opponent; Texas Tech untested in close games.,Houston looked far more competent against Oregon State than Texas Tech did; Tech QB rotation questions; Tech staff lost the one close game it coached last year.,ROSTER,FALSE,"Houston within 8, possibly outright.",Instrument named explicitly; no alternative discussed.,Not raised on air; the market price is the counter-case.,CONSTRUCTED,The result lands on the other side of the cited number (+8.5).,depth|mechanism_restates_thesis|falsifier|counter_case
W03-065,COMPRESSED,Agrees with Tom on Houston; two-for-one with the under.,Agrees with Tom on Houston; two-for-one with the under.,None beyond agreement with the preceding pick.,NONE,FALSE,Houston within 8.,Instrument named explicitly; no alternative discussed.,Not raised on air; the market price is the counter-case.,CONSTRUCTED,The result lands on the other side of the cited number (+8.5).,depth|mechanism_restates_thesis|falsifier|counter_case
W03-066,COMPRESSED,"Both defenses improve after Atkinson game; one-possession, low-scoring game.","Both defenses improve after Atkinson game; one-possession, low-scoring game.",Both defences were torched by the same quarterback earlier; Houston's defence expected to step up; Tech was 5 for 5 in the red zone last week.,ASSERTION,FALSE,One-score game in the 40s.,Instrument named explicitly; no alternative discussed.,Named on air: Texas Tech went 5 for 5 in the red zone last week.,OBSERVED,The result lands on the other side of the cited number (51.5).,depth|mechanism_restates_thesis|falsifier
W03-067,COMPRESSED,Ole Miss secondary breakdowns plus Chambliss playmaking point to points both ways.,Ole Miss secondary breakdowns plus Chambliss playmaking point to points both ways.,Ole Miss secondary had an absurd number of coverage breakdowns in two games; Ole Miss has not run the ball well.,ROSTER,FALSE,Both teams score freely; total in the 60s.,Instrument named explicitly; no alternative discussed.,Named on air: considering an emotional hedge on the game.,OBSERVED,The result lands on the other side of the cited number (57.5).,depth|mechanism_restates_thesis|falsifier
W03-068,COMPRESSED,Clear QB edge to Chambliss at home; trusts him over Leavitt.,Clear QB edge to Chambliss at home; trusts him over Leavitt.,"Quarterback edge to Trinidad Chambliss; home field; LSU's Leavitt listed doubtful on the SEC availability report, which the panel reads as gamesmanship.",ROSTER,FALSE,"Ole Miss covers, likely wins.",Instrument named explicitly; no alternative discussed.,Not raised on air; the market price is the counter-case.,CONSTRUCTED,The result lands on the other side of the cited number (+2.5).,depth|mechanism_restates_thesis|falsifier|counter_case
W03-069,COMPRESSED,Louisville more physical and balanced; Kienholz mobility an unlock.,Louisville more physical and balanced; Kienholz mobility an unlock.,Louisville more physical and balanced; Brohm has embraced Kienholz's mobility; SMU's run game has not been great.,SCHEME,FALSE,Louisville wins by 2 or more.,Instrument named explicitly; no alternative discussed.,Not raised on air; the market price is the counter-case.,CONSTRUCTED,The result lands on the other side of the cited number (-1.5).,depth|mechanism_restates_thesis|falsifier|counter_case
W03-070,COMPRESSED,SMU has no FBS first half over 30.5 in 12 games; big-game feel-out.,SMU has no FBS first half over 30.5 in 12 games; big-game feel-out.,"SMU's last 12 FBS games: no first half above 30.5. Louisville first halves against power opponents run low; last exception Boston College early last season (two seasons, current clock rules).",STAT_CITED,TRUE,First half in the 20s.,Instrument named explicitly; no alternative discussed.,Named on air: Kienholz explosiveness could break it.,OBSERVED,The result lands on the other side of the cited number (30.5).,depth|mechanism_restates_thesis|falsifier
W03-071,COMPRESSED,Louisville leans on run game; big-game conservatism under new clock rules.,Louisville leans on run game; big-game conservatism under new clock rules.,Expects Louisville to lean on the run; teams get conservative in big games under the new clock rules.,SCHEME,FALSE,Total in the low 50s.,Instrument named explicitly; no alternative discussed.,"Named on air: could turn into the second half of Ole Miss-Louisville, a track meet.",OBSERVED,The result lands on the other side of the cited number (59.5).,depth|mechanism_restates_thesis|falsifier
W03-072,COMPRESSED,"Size, speed, talent edge plus revenge; sees 35 to 40 before calling dogs off.","Size, speed, talent edge plus revenge; sees 35 to 40 before calling dogs off.",Alabama athleticism and talent edge on offence; home; revenge for last season's loss. Concedes Alabama has not played up-tempo through two games.,ROSTER,FALSE,Alabama scores about 40.,Instrument named explicitly; no alternative discussed.,Named on air: Alabama has not been an up-tempo team.,OBSERVED,The result lands on the other side of the cited number (33.5).,depth|mechanism_restates_thesis|falsifier
W03-073,COMPRESSED,Schiano backed into a corner will score; backdoor-style late points.,Schiano backed into a corner will score; backdoor-style late points.,None beyond expecting Rutgers to score and USC's recent pattern of late backdoor scoring.,ASSERTION,FALSE,Points in all four quarters; 60s.,Instrument named explicitly; no alternative discussed.,Opposed on air by the Producer Pit under 60.5.,OBSERVED,The result lands on the other side of the cited number (59.5).,depth|mechanism_restates_thesis|falsifier
W03-074,COMPRESSED,USC first road trip; look-ahead to Oregon; Rutgers offense weak vs ranked teams.,USC first road trip; look-ahead to Oregon; Rutgers offense weak vs ranked teams.,"USC's first road game, fourth game of the season, Oregon next week; Rutgers does not score against top-25 opponents; credited to SportsLine.",ASSERTION,FALSE,"USC scores, Rutgers a touchdown or two; total in the 40s or 50s.",Instrument named explicitly; no alternative discussed.,Not raised on air; the market price is the counter-case.,CONSTRUCTED,The result lands on the other side of the cited number (60.5).,depth|mechanism_restates_thesis|falsifier|counter_case
W03-075,COMPRESSED,Home team has won every meeting this decade; Ole Miss must start fast.,Home team has won every meeting this decade; Ole Miss must start fast.,Home team has won every LSU-Ole Miss game since LSU's 2019 title team; Ole Miss secondary getting players back.,BASE_RATE,TRUE,Ole Miss wins at home.,Instrument named explicitly; no alternative discussed.,Named on air: Ole Miss secondary has been a concern.,OBSERVED,The result lands on the other side of the cited number (+2.5).,depth|mechanism_restates_thesis|falsifier
W03-076,COMPRESSED,Saw Louisville in person; rates Kienholz highly.,Saw Louisville in person; rates Kienholz highly.,Attended Louisville-Ole Miss in person; rates Kienholz's talent.,ASSERTION,FALSE,Louisville wins.,Instrument named explicitly; no alternative discussed.,Not raised on air; the market price is the counter-case.,CONSTRUCTED,The result lands on the other side of the cited number (-1.5).,depth|mechanism_restates_thesis|falsifier|counter_case
W03-077,COMPRESSED,Angry Alabama comes out firing.,Angry Alabama comes out firing.,None beyond revenge motivation.,MOTIVATION,FALSE,Alabama leads by 6+ after one quarter.,Instrument named explicitly; no alternative discussed.,Not raised on air; the market price is the counter-case.,CONSTRUCTED,The result lands on the other side of the cited number (-5.5).,depth|mechanism_restates_thesis|falsifier|counter_case
W03-078,COMPRESSED,Alabama comes out firing; revenge.,Alabama comes out firing; revenge.,None beyond revenge motivation.,MOTIVATION,FALSE,Alabama 35+.,Instrument named explicitly; no alternative discussed.,Not raised on air; the market price is the counter-case.,CONSTRUCTED,The result lands on the other side of the cited number (34.5).,depth|mechanism_restates_thesis|falsifier|counter_case
W03-079,COMPRESSED,Kamario Taylor impressive; Mississippi State due to pick someone off.,Kamario Taylor impressive; Mississippi State due to pick someone off.,Mississippi State's Kamario Taylor has impressed; notes the Minnesota result.,ROSTER,FALSE,Mississippi State wins outright.,Instrument named explicitly; no alternative discussed.,Named on air by the panel: Dylan Stewart's return could trouble Taylor.,OBSERVED,The result lands on the other side of the cited number (+150).,depth|mechanism_restates_thesis|falsifier
W03-080,COMPRESSED,Florida's roster more ready to win now; Auburn heading the right way but not there.,Florida's roster more ready to win now; Auburn heading the right way but not there.,Florida inherited more roster talent than Auburn.,ROSTER,FALSE,Florida wins by 3+.,Instrument named explicitly; no alternative discussed.,Named on air: Auburn on the plains is always a challenge.,OBSERVED,The result lands on the other side of the cited number (-2.5).,depth|mechanism_restates_thesis|falsifier
W03-081,COMPRESSED,Golesh offense has not topped 20 vs a Power Four team; Florida 30-20.,Golesh offense has not topped 20 vs a Power Four team; Florida 30-20.,"Golesh's offence (effectively the USF offence) has not scored more than 20 against a Power Four team in the last two; projects Florida 30, Auburn 20.",STAT_CITED,TRUE,"Florida 30, Auburn 20.",Instrument named explicitly; no alternative discussed.,Not raised on air; the market price is the counter-case.,CONSTRUCTED,The result lands on the other side of the cited number (-2.5).,depth|mechanism_restates_thesis|falsifier|counter_case
W03-082,COMPRESSED,"Ugly, choppy game; first big start for Florida QB; Auburn defense can keep it close.","Ugly, choppy game; first big start for Florida QB; Auburn defense can keep it close.",Golesh and Byron Brown have found ways to win ugly; Florida QB's first big road start.,ASSERTION,FALSE,Total in the 40s.,Instrument named explicitly; no alternative discussed.,Named on air: Florida's offence has looked good.,OBSERVED,The result lands on the other side of the cited number (53.5).,depth|mechanism_restates_thesis|falsifier
W03-083,COMPRESSED,Lock agreement with Danny; doubts Auburn scores much.,Lock agreement with Danny; doubts Auburn scores much.,None beyond agreement; doubts Auburn's scoring.,NONE,FALSE,Total in the 40s.,Instrument named explicitly; no alternative discussed.,Not raised on air; the market price is the counter-case.,CONSTRUCTED,The result lands on the other side of the cited number (53.5).,depth|mechanism_restates_thesis|falsifier|counter_case
W03-084,COMPRESSED,Kirby ends it fast after the Utah game.,Kirby ends it fast after the Utah game.,None beyond expecting a fast start after last week.,ASSERTION,FALSE,Georgia leads by 7+ after one quarter.,Instrument named explicitly; no alternative discussed.,Not raised on air; the market price is the counter-case.,CONSTRUCTED,The result lands on the other side of the cited number (-6.5).,depth|mechanism_restates_thesis|falsifier|counter_case
W03-085,COMPRESSED,Georgia builds QB confidence; no reason to call off the dogs.,Georgia builds QB confidence; no reason to call off the dogs.,Stockton building confidence; Silverfield called out Georgia a year ago; Arkansas has no quarterback.,MOTIVATION,FALSE,Georgia by 25+.,Instrument named explicitly; no alternative discussed.,Named on air: Bud almost played Arkansas.,OBSERVED,The result lands on the other side of the cited number (-24.5).,depth|mechanism_restates_thesis|falsifier
W03-086,COMPRESSED,Clemson going the wrong way; UNC offense better.,Clemson going the wrong way; UNC offense better.,Clemson declining; UNC's offence better than Clemson's.,ASSERTION,FALSE,"UNC within 3, possibly outright.",Instrument named explicitly; no alternative discussed.,Not raised on air; the market price is the counter-case.,CONSTRUCTED,The result lands on the other side of the cited number (+3.5).,depth|mechanism_restates_thesis|falsifier|counter_case
W03-087,COMPRESSED,Clemson has more room to improve but looks bad; Dabo may be washed.,Clemson has more room to improve but looks bad; Dabo may be washed.,Clemson looked poor against Georgia Southern.,ASSERTION,FALSE,UNC covers.,Instrument named explicitly; no alternative discussed.,Named on air: Clemson has more room to improve than UNC.,OBSERVED,The result lands on the other side of the cited number (+3.5).,depth|mechanism_restates_thesis|falsifier
W03-088,COMPRESSED,Rock fight; Clemson freshman QB vs UNC D-line.,Rock fight; Clemson freshman QB vs UNC D-line.,Doubts Tate Reynolds will fix Clemson's offence; Clemson's effort will be there at home.,ROSTER,FALSE,Total in the 30s.,Instrument named explicitly; no alternative discussed.,Not raised on air; the market price is the counter-case.,CONSTRUCTED,The result lands on the other side of the cited number (43.5).,depth|mechanism_restates_thesis|falsifier|counter_case
W03-089,COMPRESSED,Browns-Titans rock fight; freshman QB vs UNC defensive line.,Browns-Titans rock fight; freshman QB vs UNC defensive line.,"UNC's defensive line is the most trusted unit on either side, facing a true freshman first-time starter; last UNC win in Death Valley 2001, before that 1997 (17-10).",BASE_RATE,TRUE,17-10 style game.,Instrument named explicitly; no alternative discussed.,Not raised on air; the market price is the counter-case.,CONSTRUCTED,The result lands on the other side of the cited number (43.5).,depth|mechanism_restates_thesis|falsifier|counter_case
W03-090,COMPRESSED,Miami's 700-yard offense; Wake lacks bodies and speed.,Miami's 700-yard offense; Wake lacks bodies and speed.,"Miami put up 700 yards last week (opponent quality conceded); Wake lacks bodies, speed and defence.",STAT_CITED,TRUE,Miami leads by 12+ at half.,Instrument named explicitly; no alternative discussed.,Named on air: opponent quality behind the 700 yards.,OBSERVED,The result lands on the other side of the cited number (-11.5).,depth|mechanism_restates_thesis|falsifier
W03-091,COMPRESSED,Houston has the horses; distrusts Tech QB situation.,Houston has the horses; distrusts Tech QB situation.,Distrusts Texas Tech's quarterback situation.,ASSERTION,FALSE,"Houston covers, maybe wins.",Instrument named explicitly; no alternative discussed.,Not raised on air; the market price is the counter-case.,CONSTRUCTED,The result lands on the other side of the cited number (+8.5).,depth|mechanism_restates_thesis|falsifier|counter_case
W03-092,COMPRESSED,Favorites boat race opponents early.,Favorites boat race opponents early.,None beyond expecting fast starts.,ASSERTION,FALSE,Miami leads by 7+ after one quarter.,Instrument named explicitly; no alternative discussed.,Named on air: made earlier in the week; may no longer be available.,OBSERVED,The result lands on the other side of the cited number (-6.5).,depth|mechanism_restates_thesis|falsifier
W03-093,COMPRESSED,His alma mater at home.,His alma mater at home.,None; alma mater pick.,NONE,FALSE,Chattanooga covers.,Instrument named explicitly; no alternative discussed.,Not raised on air; the market price is the counter-case.,CONSTRUCTED,The result lands on the other side of the cited number (+1.5).,depth|mechanism_restates_thesis|falsifier|counter_case
W03-094,COMPRESSED,Kansas State not great; would be hilarious.,Kansas State not great; would be hilarious.,None.,NONE,FALSE,Tulane wins outright.,Instrument named explicitly; no alternative discussed.,Not raised on air; the market price is the counter-case.,CONSTRUCTED,The result lands on the other side of the cited number (+980).,depth|mechanism_restates_thesis|falsifier|counter_case
W03-095,COMPRESSED,Hilarious A&M way to lose.,Hilarious A&M way to lose.,None.,NONE,FALSE,Kentucky wins outright.,Instrument named explicitly; no alternative discussed.,Not raised on air; the market price is the counter-case.,CONSTRUCTED,The result lands on the other side of the cited number (+600).,depth|mechanism_restates_thesis|falsifier|counter_case
W03-096,COMPRESSED,WKU defense among the worst; Indiana ends it in 30 minutes.,WKU defense among the worst; Indiana ends it in 30 minutes.,Western Kentucky's defence among the worst in FBS (panel: possibly the worst D-line); Georgia beat them by 50.,STAT_CITED,TRUE,Indiana leads by 27+ at half.,Instrument named explicitly; no alternative discussed.,Not raised on air; the market price is the counter-case.,CONSTRUCTED,The result lands on the other side of the cited number (-26.5).,depth|mechanism_restates_thesis|falsifier|counter_case
W03-097,COMPRESSED,Likes Coastal QB and receivers from the WVU game; any number over a field goal.,Likes Coastal QB and receivers from the WVU game; any number over a field goal.,Coastal's quarterback and receivers looked good against West Virginia in week one.,ROSTER,FALSE,"Coastal within 5, possibly outright.",Instrument named explicitly; no alternative discussed.,Not raised on air; the market price is the counter-case.,CONSTRUCTED,The result lands on the other side of the cited number (+5).,depth|mechanism_restates_thesis|falsifier|counter_case
W03-098,COMPRESSED,Liked ASU vs A&M; worries about Kansas QB; game in London.,Liked ASU vs A&M; worries about Kansas QB; game in London.,Arizona State looked good against Texas A&M; Kansas QB is a roller coaster; neutral site in London.,ROSTER,FALSE,Arizona State by 5+.,Instrument named explicitly; no alternative discussed.,Named on air: Arizona State flew straight from College Station to London.,OBSERVED,The result lands on the other side of the cited number (-4.5).,depth|mechanism_restates_thesis|falsifier
W03-099,COMPRESSED,Enough explosiveness and defensive breakdowns for long touchdowns.,Enough explosiveness and defensive breakdowns for long touchdowns.,A tailgate quip that Isaiah Marshall accounts for 26 points; expects explosive plays and defensive breakdowns.,ASSERTION,FALSE,Total in the 50s.,Instrument named explicitly; no alternative discussed.,Named on air: travel and the unusual setting may be taxing the total.,OBSERVED,The result lands on the other side of the cited number (50.5).,depth|mechanism_restates_thesis|falsifier
W03-100,COMPRESSED,"Slow start, empty possessions.","Slow start, empty possessions.",None beyond expecting early empty possessions.,ASSERTION,FALSE,First half in the 20s.,Instrument named explicitly; no alternative discussed.,Not raised on air; the market price is the counter-case.,CONSTRUCTED,The result lands on the other side of the cited number (31.5).,depth|mechanism_restates_thesis|falsifier|counter_case
W03-101,COMPRESSED,Texas hangover spot after emotional win; UTSA's Super Bowl.,Texas hangover spot after emotional win; UTSA's Super Bowl.,Hangover spot for Texas after an emotional win; UTSA veteran team and coach; Texas plays down to competition.,MOTIVATION,FALSE,UTSA within 17 at half; Texas pulls away late.,Instrument named explicitly; no alternative discussed.,Named on air: Texas figures it out in the end.,OBSERVED,The result lands on the other side of the cited number (+17.5).,depth|mechanism_restates_thesis|falsifier
W03-102,COMPRESSED,Charlotte may be the worst team in the country and awful defensively.,Charlotte may be the worst team in the country and awful defensively.,Charlotte possibly the worst team in the country and poor on defence; coming off Ole Miss.,ASSERTION,FALSE,App State 35+.,Instrument named explicitly; no alternative discussed.,Not raised on air; the market price is the counter-case.,CONSTRUCTED,The result lands on the other side of the cited number (34.5).,depth|mechanism_restates_thesis|falsifier|counter_case
W03-103,COMPRESSED,App State OL success; Charlotte body blow off Ole Miss.,App State OL success; Charlotte body blow off Ole Miss.,App State's offensive line should have success; Charlotte coming off the Ole Miss game.,ROSTER,FALSE,App State 35+.,Instrument named explicitly; no alternative discussed.,Not raised on air; the market price is the counter-case.,CONSTRUCTED,The result lands on the other side of the cited number (34.5).,depth|mechanism_restates_thesis|falsifier|counter_case
W03-104,COMPRESSED,Heavily favored; three touchdowns before the break.,Heavily favored; three touchdowns before the break.,Full-game team total is 37.5; the first-half number under 21 looked like value.,MARKET,TRUE,Nebraska 21+ at half.,Instrument named explicitly; no alternative discussed.,Not raised on air; the market price is the counter-case.,CONSTRUCTED,The result lands on the other side of the cited number (20.5).,depth|mechanism_restates_thesis|falsifier|counter_case
W03-105,COMPRESSED,Likes FIU QB and coach; FAU sloppy vs Navy.,Likes FIU QB and coach; FAU sloppy vs Navy.,FIU has covered for him twice this year; Willie Simmons' team plays hard; FAU was sloppy against Navy.,ROSTER,FALSE,Within a touchdown.,Instrument named explicitly; no alternative discussed.,Not raised on air; the market price is the counter-case.,CONSTRUCTED,The result lands on the other side of the cited number (+7).,depth|mechanism_restates_thesis|falsifier|counter_case
W03-106,COMPRESSED,Washington's offense sucks.,Washington's offense sucks.,A Washington fan's view that Washington's offence is bad after two weeks.,ASSERTION,FALSE,Total in the 40s.,Instrument named explicitly; no alternative discussed.,Not raised on air; the market price is the counter-case.,CONSTRUCTED,The result lands on the other side of the cited number (57.5).,depth|mechanism_restates_thesis|falsifier|counter_case
W03-107,COMPRESSED,G6 2-37 vs Power Four; American losing by 31.8; Klein offense and Avery Johnson flourishing.,G6 2-37 vs Power Four; American losing by 31.8; Klein offense and Avery Johnson flourishing.,Group of Six is 2-37 against the Power Four; the American is 1-8 and losing by 31.8 points a game; Kansas State running the ball well.,STAT_CITED,TRUE,Kansas State by 21+.,Instrument named explicitly; no alternative discussed.,Named on air: the guest has Tulane on the moneyline.,OBSERVED,The result lands on the other side of the cited number (-20).,depth|mechanism_restates_thesis|falsifier
W03-108,COMPRESSED,Michigan offense not fixed; defense really good.,Michigan offense not fixed; defense really good.,Not convinced Michigan's offence is fixed; Michigan defence very good.,ROSTER,FALSE,Michigan wins in a low-scoring game.,Instrument named explicitly; no alternative discussed.,Not raised on air; the market price is the counter-case.,CONSTRUCTED,The result lands on the other side of the cited number (48.5).,depth|mechanism_restates_thesis|falsifier|counter_case
W03-109,COMPRESSED,Likes starting with the QB and a 20-point head start.,Likes starting with the QB and a 20-point head start.,None beyond liking the quarterback.,ASSERTION,FALSE,Arkansas State within 20.,Instrument named explicitly; no alternative discussed.,Not raised on air; the market price is the counter-case.,CONSTRUCTED,The result lands on the other side of the cited number (+20).,depth|mechanism_restates_thesis|falsifier|counter_case
W03-110,COMPRESSED,Healthier; Davis Warren playing well; double digits.,Healthier; Davis Warren playing well; double digits.,Stanford healthier; Davis Warren playing well at quarterback.,ROSTER,FALSE,Stanford within 10.,Instrument named explicitly; no alternative discussed.,Not raised on air; the market price is the counter-case.,CONSTRUCTED,The result lands on the other side of the cited number (+10.5).,depth|mechanism_restates_thesis|falsifier|counter_case
W03-111,COMPRESSED,Troy scores some; likes Missouri QB.,Troy scores some; likes Missouri QB.,Likes Missouri's quarterback; expects Troy to score.,ASSERTION,FALSE,Total in the 50s.,Instrument named explicitly; no alternative discussed.,Not raised on air; the market price is the counter-case.,CONSTRUCTED,The result lands on the other side of the cited number (49.5).,depth|mechanism_restates_thesis|falsifier|counter_case
W03-112,COMPRESSED,"Good QBs, neither team runs well; high passing volume.","Good QBs, neither team runs well; high passing volume.",Two good quarterbacks; neither side expected to run well against the other.,SCHEME,FALSE,Total in the high 50s.,Instrument named explicitly; no alternative discussed.,Named on air: the number already reflects the quarterbacks.,OBSERVED,The result lands on the other side of the cited number (53.5).,depth|mechanism_restates_thesis|falsifier
W03-113,COMPRESSED,Troy's defensive numbers weaken once adjusted for opponents.,Troy's defensive numbers weaken once adjusted for opponents.,Troy's defensive numbers look average raw and worse adjusted for opponents.,STAT_CITED,TRUE,Missouri 38+.,Instrument named explicitly; no alternative discussed.,Not raised on air; the market price is the counter-case.,CONSTRUCTED,The result lands on the other side of the cited number (37.5).,depth|mechanism_restates_thesis|falsifier|counter_case
W03-114,COMPRESSED,Overreaction to Oklahoma's offense vs Michigan; New Mexico can reach double digits.,Overreaction to Oklahoma's offense vs Michigan; New Mexico can reach double digits.,Oklahoma's offence overrated as bad off one game against Michigan; New Mexico can score double digits.,ASSERTION,FALSE,Total around 50.,Instrument named explicitly; no alternative discussed.,Not raised on air; the market price is the counter-case.,CONSTRUCTED,The result lands on the other side of the cited number (46.5).,depth|mechanism_restates_thesis|falsifier|counter_case
W03-115,COMPRESSED,Last lakefront game; rain and wind.,Last lakefront game; rain and wind.,Forecast rain and wind at the lakefront field.,ASSERTION,TRUE,Total in the 30s or low 40s.,Instrument named explicitly; no alternative discussed.,Not raised on air; the market price is the counter-case.,CONSTRUCTED,The result lands on the other side of the cited number (48).,depth|mechanism_restates_thesis|falsifier|counter_case
W03-116,COMPRESSED,Ohio fortunate last week.,Ohio fortunate last week.,Ohio was fortunate last week.,ASSERTION,FALSE,South Alabama by 7+.,Instrument named explicitly; no alternative discussed.,Not raised on air; the market price is the counter-case.,CONSTRUCTED,The result lands on the other side of the cited number (-6.5).,depth|mechanism_restates_thesis|falsifier|counter_case
W03-117,COMPRESSED,Following Danny's North Texas win last week.,Following Danny's North Texas win last week.,None.,NONE,FALSE,North Texas wins.,Instrument named explicitly; no alternative discussed.,Not raised on air; the market price is the counter-case.,CONSTRUCTED,The result lands on the other side of the cited number (+127).,depth|mechanism_restates_thesis|falsifier|counter_case
W03-118,COMPRESSED,Doesn't want the points.,Doesn't want the points.,None.,NONE,FALSE,UNC wins.,Instrument named explicitly; no alternative discussed.,Not raised on air; the market price is the counter-case.,CONSTRUCTED,The result lands on the other side of the cited number (+145).,depth|mechanism_restates_thesis|falsifier|counter_case
W03-119,COMPRESSED,Northwestern loses its last lakefront game.,Northwestern loses its last lakefront game.,None.,NONE,FALSE,Colorado wins.,Instrument named explicitly; no alternative discussed.,Not raised on air; the market price is the counter-case.,CONSTRUCTED,The result lands on the other side of the cited number (+160).,depth|mechanism_restates_thesis|falsifier|counter_case
W03-120,COMPRESSED,G6 due against the Power Four.,G6 due against the Power Four.,None.,NONE,FALSE,Miami (OH) wins.,Instrument named explicitly; no alternative discussed.,Not raised on air; the market price is the counter-case.,CONSTRUCTED,The result lands on the other side of the cited number (+575).,depth|mechanism_restates_thesis|falsifier|counter_case
W03-121,COMPRESSED,Georgia State looking good to start the year.,Georgia State looking good to start the year.,None.,NONE,FALSE,Georgia State wins.,Instrument named explicitly; no alternative discussed.,Not raised on air; the market price is the counter-case.,CONSTRUCTED,The result lands on the other side of the cited number (+775).,depth|mechanism_restates_thesis|falsifier|counter_case
W03-122,COMPRESSED,None stated.,None stated.,None.,NONE,FALSE,Temple wins.,Instrument named explicitly; no alternative discussed.,Not raised on air; the market price is the counter-case.,CONSTRUCTED,The result lands on the other side of the cited number (+194).,depth|mechanism_restates_thesis|falsifier|counter_case
W03-123,COMPRESSED,None stated.,None stated.,None.,NONE,FALSE,UAB wins.,Instrument named explicitly; no alternative discussed.,Not raised on air; the market price is the counter-case.,CONSTRUCTED,The result lands on the other side of the cited number (+270).,depth|mechanism_restates_thesis|falsifier|counter_case
W03-124,COMPRESSED,None stated.,None stated.,None.,NONE,FALSE,Kentucky wins.,Instrument named explicitly; no alternative discussed.,Not raised on air; the market price is the counter-case.,CONSTRUCTED,The result lands on the other side of the cited number (+700).,depth|mechanism_restates_thesis|falsifier|counter_case
W03-125,COMPRESSED,Troy boy rides again.,Troy boy rides again.,None.,NONE,FALSE,Troy wins.,Instrument named explicitly; no alternative discussed.,Not raised on air; the market price is the counter-case.,CONSTRUCTED,The result lands on the other side of the cited number (+2263).,depth|mechanism_restates_thesis|falsifier|counter_case
W03-126,COMPRESSED,None stated.,None stated.,None.,NONE,FALSE,NC State wins.,Instrument named explicitly; no alternative discussed.,Not raised on air; the market price is the counter-case.,CONSTRUCTED,The result lands on the other side of the cited number (+140).,depth|mechanism_restates_thesis|falsifier|counter_case
W03-127,COMPRESSED,None stated.,None stated.,None.,NONE,FALSE,FIU wins.,Instrument named explicitly; no alternative discussed.,Not raised on air; the market price is the counter-case.,CONSTRUCTED,The result lands on the other side of the cited number (+230).,depth|mechanism_restates_thesis|falsifier|counter_case
W03-128,COMPRESSED,None stated.,None stated.,None.,NONE,FALSE,Auburn wins.,Instrument named explicitly; no alternative discussed.,Not raised on air; the market price is the counter-case.,CONSTRUCTED,The result lands on the other side of the cited number (+115).,depth|mechanism_restates_thesis|falsifier|counter_case
W03-129,COMPRESSED,Backing up his Ole Miss +2.5.,Backing up his Ole Miss +2.5.,None.,NONE,FALSE,Ole Miss wins.,Instrument named explicitly; no alternative discussed.,Not raised on air; the market price is the counter-case.,CONSTRUCTED,The result lands on the other side of the cited number (+115).,depth|mechanism_restates_thesis|falsifier|counter_case
W03-130,COMPRESSED,None stated.,None stated.,None.,NONE,FALSE,Houston wins.,Instrument named explicitly; no alternative discussed.,Not raised on air; the market price is the counter-case.,CONSTRUCTED,The result lands on the other side of the cited number (+277).,depth|mechanism_restates_thesis|falsifier|counter_case
W03-131,COMPRESSED,Agrees with Tom.,Agrees with Tom.,None.,NONE,FALSE,UNC wins.,Instrument named explicitly; no alternative discussed.,Not raised on air; the market price is the counter-case.,CONSTRUCTED,The result lands on the other side of the cited number (+145).,depth|mechanism_restates_thesis|falsifier|counter_case
W03-132,COMPRESSED,"New Mexico a good team with a good coach, playing loose.","New Mexico a good team with a good coach, playing loose.",New Mexico described as a good team with a good coach.,ASSERTION,FALSE,New Mexico wins.,Instrument named explicitly; no alternative discussed.,Not raised on air; the market price is the counter-case.,CONSTRUCTED,The result lands on the other side of the cited number (+1300).,depth|mechanism_restates_thesis|falsifier|counter_case
W04-001,FULL,Miami beats Central Michigan by more than 41.,Central Michigan cannot pass -> three-and-outs and punts -> short fields for Miami; Mensah finds a rhythm against no pass rush -> Miami scores 52-plus while CMU is close to shut out; Cristobal demands full effort after the Wake Forest letdown.,"CMU: 7 explosive plays on 176 snaps, no completion over 18 yards, 138 passing yards in three games, 119th in early-down success rate, QB Angel Flores has more carries than any two teammates; CMU's three opponents were poor offenses (an FCS team, New Mexico, Wyoming); Cristobal addressed effort and special teams in his presser.",STAT_CITED,TRUE,Miami 52-plus; CMU may not score,Full-game spread; first-half -24.5 and first-half team total over 27.5 discussed as hedges against a fourth-quarter throttle-down,"Calabrese: Miami let Wake Forest back in late last week, so Cristobal's fourth-quarter aggression is uncertain (backdoor risk)",OBSERVED,Miami pulls its starters early and CMU sustains drives on quarterback runs; margin 41 or less.,falsifier
W04-002,FULL,Florida Atlantic wins at UL Monroe by 14 or more.,"FAU's pass-first offense faces the nation's worst coverage unit -> about 400 passing yards and repeated red-zone trips; ULM is forced to throw with an inaccurate, turnover-prone quarterback -> one-dimensional, and FAU's second-year defensive staff can spy the running quarterback.","ULM 138th of 138 in PFF coverage and 124th in opposing QB rating; allows 11-plus completions of 10-plus yards per game; lost outright to FCS Southeastern Louisiana; coach 8-19 straight up in year three; announced attendance 13,000 for the last home game, which the host says overstated the crowd; UAB held ULM to 257 total yards.",STAT_CITED,TRUE,FAU throws for 400 yards; two-plus touchdown margin,Spread below the two-touchdown threshold; no alternative discussed,"Fading the bottom of FBS invites overconfidence, and FAU scored only 16 offensive points last week (raised by Calabrese himself)",OBSERVED,ULM's run game with Carlisle sustains drives or FAU turns it over; margin under 14.,falsifier
W04-003,FULL,Oregon State and UTEP combine for 55 or more.,"Oregon State's passing game beats a weak UTEP secondary for 40-plus; UTEP, trailing early, abandons its slow tempo and attacks a porous Oregon State defense -> shootout.","Atkinson 8 TD, 1 INT, 373 passing yards per game (vs Houston, Texas Tech, Montana); Legree 9th nationally among WRs with 20-plus catches; Oregon State 111th in total defense, 116th vs the pass, 89th tackling, 118th in 30-plus-yard plays allowed; UTEP went from 10th fastest to bottom 10 in tempo, but plays at 26 s when successful; Colson 4 TD vs Texas Southern and 7 of 9, 2 TD vs Michigan; UTEP scored 17 on Michigan.",STAT_CITED,TRUE,Oregon State 40 to 50; UTEP adds points through the air,Game total rather than the Oregon State team total because UTEP contributes points too,UTEP deliberately slows down against better teams to shorten the game (raised himself),OBSERVED,UTEP stays at bottom-10 tempo and Oregon State's offense stalls; total under 55.,falsifier
W04-004,FULL,Oregon State scores 34 or more at UTEP.,UTEP's weak pass coverage cannot handle Legree; UTEP's poor third-down offense and 28-yard net punting hand Oregon State short fields -> shots off sudden change -> about 40 points.,"UTEP 104th in PFF pass coverage, 90th in pass explosiveness allowed; Legree 476 receiving yards at 28 per catch; three other Beavers WRs with 10-plus catches; Michigan outscored UTEP heavily in the second half; UTEP team net punting 28 yards.",STAT_CITED,TRUE,Oregon State 40; wins by two or three touchdowns,Team total isolates Oregon State's offense,UTEP can move the ball some; Oregon State's secondary gave up yards to Houston and Montana (raised himself),OBSERVED,Oregon State is held under 34 because UTEP's slow tempo limits possessions.,falsifier
W04-005,FULL,Fresno State beats Rice by 14 or more.,Fresno's coverage and run defense take away an already poor Rice offense (no Quentin Jackson) -> third-and-long; Rice's poor tackling gives up explosives -> Fresno pulls away in the second half.,Rice 133rd in pass-play success rate; 3 of 22 on third down the last two weeks; Rice's HBU scores came off short fields; Fresno allowed one run over 20 yards on 64 rushes the last two weeks; opponents 9 of 30 on third down; San Jose State had 199 yards through three quarters; Abell says Rice will try to throw more.,STAT_CITED,TRUE,Fresno by three scores,Spread; no alternative discussed,Not raised on air; the market price is the counter-case.,CONSTRUCTED,Rice converts third downs and keeps it within two touchdowns.,counter_case|falsifier
W04-006,FULL,UMass wins at Sacramento State by 5 or more.,"UMass's balanced, methodical offense with a mobile quarterback keeps Sac State guessing and finishes drives; UMass's top-30 pass rush pressures Sharman behind a poor line -> turnovers and third-down stops.","UMass 11 red-zone trips, 11 scores; beat two FCS teams 37-10 and 36-14; top-30 pass rush (shown vs Rutgers); 5th nationally on third-down defense (22.5%); Sac State OL 111th in PFF pass blocking; Sharman vs FBS: 55% completions, 1 TD, 3 INT, QBR 26.5.",STAT_CITED,TRUE,No margin projection stated,Spread under a touchdown; no alternative discussed,Cross-country travel for UMass (raised and dismissed: 6 p.m. local kick),OBSERVED,Sac State protects Sharman and UMass stalls in the red zone; margin under 5.,falsifier
W04-007,FULL,UAB beats Navy outright.,Navy's backup quarterback must run the offense on the road; Navy's offense lacks punch and must convert third downs against a UAB defense that limits explosives; UAB's backs and Burton move the ball on a weak Navy defense.,"Braxton Woodson out, Jackson Gutierrez starts; UAB allowed 2 explosive rushes on 53 Louisiana attempts and a longest run of 18 vs ULM; opponents 9 of 27 on third down; 7 of Navy's first 8 possessions vs FAU produced zero points; UAB covered on the road at Illinois and Louisiana; Friday night home spot on ESPN.",STAT_CITED,TRUE,UAB has a chance to win late,Moneyline as a parlay leg; he also holds UAB +7.5 (W04-008),Not raised on air; the market price is the counter-case.,CONSTRUCTED,Navy's option offense sustains drives with Gutierrez and UAB loses.,counter_case|falsifier
W04-008,COMPRESSED,"UAB loses by 7 or fewer, or wins.",See W04-007: Navy's backup quarterback on the road against a UAB defense that limits explosives.,See W04-007.,STAT_CITED,TRUE,UAB has a chance to win late,Spread already held; moneyline added in the parlay,Not raised on air; the market price is the counter-case.,CONSTRUCTED,Navy wins by 8 or more.,counter_case|falsifier
W04-009,FULL,Tulsa beats Arkansas outright.,"Tulsa's defense travels and keeps Arkansas from explosives; Arkansas is demoralized, rotating two quarterbacks, and cannot stop the run near its goal line; Tulsa's top-11 PFF rushing attack and an experienced backup quarterback can win it.","Oklahoma State held to 4.0 yards per attempt and 3.4 per carry; Sam Houston had 222 yards outside one 94-yard touchdown; Arkansas has allowed 10 rushing TDs (near last); Tulsa 11th in PFF rushing; Williams 3 TD, no turnover-worthy play, 42 points vs East Texas A&M; fans with bags on their heads.",STAT_CITED,TRUE,Tulsa wins; a second P4 win for CFP positioning,Moneyline as a parlay leg,Baylor Hayes likely out (raised himself),OBSERVED,Arkansas runs at will and Williams turns it over.,falsifier
W04-010,FULL,Virginia Tech wins at Boston College by 14 or more.,Virginia Tech's run defense stuffs BC -> third-and-long against a sack-heavy front; BC's line cannot protect; heavy rain and wind kill BC's passing -> Virginia Tech's run and play-action offense reaches 24-plus.,"Maryland 3.0 yards per carry with one explosive run; ODU 45 yards on 30 carries outside one 76-yard TD; BC 109 rushes, 2 explosive, vs Rutgers, Maine and Cincinnati; BC 118th in PFF pass blocking; VT 14 sacks, 37 TFL; BC 12 of 37 on third down and 3 TD in 11 red-zone trips; forecast heavy rain and 18 mph sustained wind.",STAT_CITED,TRUE,"If Virginia Tech scores 24, it covers",Spread; no alternative discussed,Not raised on air; the market price is the counter-case.,CONSTRUCTED,The weather also suppresses Virginia Tech and BC's defense holds it under 24.,counter_case|falsifier
W04-011,FULL,Oklahoma State and West Virginia combine for 60 or more.,Both teams snap about every 24 seconds -> extra possessions; Oklahoma State's offense has clicked for eight quarters; West Virginia's spread-option run game is hard to stop -> one or both teams reach 40.,"Both about 24 s per snap, top 20 among P4 teams in tempo; Oklahoma State 554 yards and 39 points vs Oregon despite a red-zone INT; Mestemaker 300 passing and 100 rushing vs Oregon; Hawkins 2nd nationally in QBR (5 pass TD, 6 rush TD); Cam Cook 23 broken tackles (3rd) and 100-plus yards per game; WVU 3rd-highest rushing average among non-service academies.",STAT_CITED,TRUE,One or both teams hit 40,Game total; no alternative discussed,Not raised on air; the market price is the counter-case.,CONSTRUCTED,The defenses win early downs and pace produces fewer points per possession; total under 60.,counter_case|falsifier
W04-012,COMPRESSED,"Crosswinds hurt two deep-shot passing offenses; tight game, fewer chances taken late.","Crosswinds hurt two deep-shot passing offenses; tight game, fewer chances taken late.",Wind and a changing-season front forecast in Conway; Coastal's Deuce Bailey (from Missouri State with Ryan Beard) likes to sit back and chuck it; accuracy already a challenge.,SCHEME,TRUE,Lower score in a tight game,Instrument named explicitly; no alternative discussed.,Not raised on air; the market price is the counter-case.,CONSTRUCTED,The result lands on the other side of the cited number (50.5).,depth|mechanism_restates_thesis|counter_case|falsifier
W04-013,COMPRESSED,Indiana wins the fourth quarter by 4 or more.,Indiana wins the fourth quarter by 4 or more.,Recent eligibility rulings make Indiana stronger from a personnel perspective; Northwestern's win over Colorado did not change his estimate; 'foot on the gas pedal'.,ROSTER,FALSE,Indiana finishes strong,Instrument named explicitly; no alternative discussed.,Not raised on air; the market price is the counter-case.,CONSTRUCTED,The result lands on the other side of the cited number (-3.5).,depth|mechanism_restates_thesis|counter_case|falsifier
W04-014,COMPRESSED,Both offenses hit explosives; Texas's interior pass rush and banged-up pieces favor scoring.,Both offenses hit explosives; Texas's interior pass rush and banged-up pieces favor scoring.,Tennessee's offense 'pretty damn good'; Texas lacks serious interior pass rushers; Colin Simmons dinged; Hollywood Smothers did not practice (per 247Sports' Eric Henry); Tennessee's explosive prevention came against Kent State and Georgia Tech.,ROSTER,TRUE,Both teams score; pace and explosives,Instrument named explicitly; no alternative discussed.,"Tennessee has been tremendous at preventing explosives (raised himself, discounted for opponents).",OBSERVED,The result lands on the other side of the cited number (55.5).,depth|mechanism_restates_thesis|falsifier
W04-015,COMPRESSED,Texas shows something closer to its floor; a live home dog with 4.5 points of cushion.,Texas shows something closer to its floor; a live home dog with 4.5 points of cushion.,Texas does not look miles better than the rest of the top seven; Tennessee has not yet been asked to prove itself; home underdog.,ASSERTION,FALSE,Tennessee has a shot to win outright,Instrument named explicitly; no alternative discussed.,Not raised on air; the market price is the counter-case.,CONSTRUCTED,The result lands on the other side of the cited number (+4.5).,depth|mechanism_restates_thesis|counter_case|falsifier
W04-016,COMPRESSED,Tennessee starts fast at home; crowd noise and pressure make Texas shaky early.,Tennessee starts fast at home; crowd noise and pressure make Texas shaky early.,Electric crowd; Texas may struggle with the snap count; possible early pressure on Arch Manning.,MOTIVATION,FALSE,Tennessee leads or trails by one after the first quarter,Instrument named explicitly; no alternative discussed.,Chip: it could also be 14-14 after the first quarter.,OBSERVED,The result lands on the other side of the cited number (+1.5).,depth|mechanism_restates_thesis|falsifier
W04-017,FULL,"Slow, run-heavy, penalty-conscious first half.",Florida leans on the run early and plays conservative coverage rather than a shootout with Chambliss -> slower pace; officials conscious of holding after Auburn-Florida -> flags stall drives -> first half stays under 31.,"Expects a big early dose of the Florida run game and conservative coverage; Florida's defensive line is good; Auburn 'got away with crazy holding' against Florida last week, so a flag-filled first half is expected.",SCHEME,FALSE,Slower-paced first half,Instrument named explicitly; no alternative discussed.,Tom Fornelli takes the full-game over 58.5 in the same segment (W04-021).,OBSERVED,The result lands on the other side of the cited number (30.5).,falsifier
W04-018,COMPRESSED,Both teams carry an emotional hangover from last week; take first-half unders instead of fading Ole Miss.,Both teams carry an emotional hangover from last week; take first-half unders instead of fading Ole Miss.,Planned all season to fade LSU and Ole Miss the week after their game; will not bet against Trinidad Chambliss with Ole Miss a four-point dog.,MOTIVATION,FALSE,Low-scoring first half,Instrument named explicitly; no alternative discussed.,Not raised on air; the market price is the counter-case.,CONSTRUCTED,The result lands on the other side of the cited number (30.5).,depth|mechanism_restates_thesis|counter_case|falsifier
W04-019,COMPRESSED,Emotional hangover for LSU after the Ole Miss game shows up in a slow first half.,Emotional hangover for LSU after the Ole Miss game shows up in a slow first half.,Same season-long plan to fade LSU and Ole Miss the week after their game.,MOTIVATION,FALSE,Low-scoring first half,Instrument named explicitly; no alternative discussed.,Not raised on air; the market price is the counter-case.,CONSTRUCTED,The result lands on the other side of the cited number (26.5).,depth|mechanism_restates_thesis|counter_case|falsifier
W04-020,COMPRESSED,Vanderbilt takes a while to find its rhythm; Auburn leads by 7-plus at half.,Vanderbilt takes a while to find its rhythm; Auburn leads by 7-plus at half.,"Vanderbilt 3-0 but with tough first halves, including trailing Delaware at halftime; young quarterback.",BASE_RATE,FALSE,Auburn by a touchdown-plus at half,Instrument named explicitly; no alternative discussed.,Not raised on air; the market price is the counter-case.,CONSTRUCTED,The result lands on the other side of the cited number (-6.5).,depth|mechanism_restates_thesis|counter_case|falsifier
W04-021,COMPRESSED,Neither defense can be trusted; shootout.,Neither defense can be trusted; shootout.,"Ole Miss's best defensive game was vs LSU and could revert to its Louisville form; Florida's underlying defensive numbers vs Campbell and FAU were weak, and it allowed 39 to an Auburn team that could barely move the ball vs Baylor.",STAT_CITED,FALSE,High-scoring game,Instrument named explicitly; no alternative discussed.,"Bud Elliott and The Dentist take the first-half under (W04-017, W04-018).",OBSERVED,The result lands on the other side of the cited number (58.5).,depth|mechanism_restates_thesis|falsifier
W04-022,COMPRESSED,Florida controls the line of scrimmage with Jaden Baugh against a weak Ole Miss run defense.,Florida controls the line of scrimmage with Jaden Baugh against a weak Ole Miss run defense.,Healthy dose of Baugh expected; Ole Miss's run defense has struggled; Auburn 'got away with holding' last week; risk is an Aaron Philo multi-turnover game.,ROSTER,FALSE,Florida wins by more than a field goal,Instrument named explicitly; no alternative discussed.,Aaron Philo turnovers (raised himself).,OBSERVED,The result lands on the other side of the cited number (-3).,depth|mechanism_restates_thesis|falsifier
W04-023,COMPRESSED,Florida's opening scripts produce three first-half scores.,Florida's opening scripts produce three first-half scores.,Buster Faulkner's opening scripts have been very good this year (competition acknowledged).,SCHEME,FALSE,Florida 15-plus in the first half,Instrument named explicitly; no alternative discussed.,Not raised on air; the market price is the counter-case.,CONSTRUCTED,The result lands on the other side of the cited number (14.5).,depth|mechanism_restates_thesis|counter_case|falsifier
W04-024,COMPRESSED,Texas A&M cannot score on the road; either way the game stays under.,Texas A&M cannot score on the road; either way the game stays under.,Distrusts A&M's offense on the road; Sam Leavitt may not have a great game; total opened near 58 (would rather have had that number).,ASSERTION,FALSE,Under the total whether LSU blows them out or not,Instrument named explicitly; no alternative discussed.,Not raised on air; the market price is the counter-case.,CONSTRUCTED,The result lands on the other side of the cited number (52).,depth|mechanism_restates_thesis|counter_case|falsifier
W04-025,COMPRESSED,LSU rebounds from an emotional loss; A&M is far from last year's team.,LSU rebounds from an emotional loss; A&M is far from last year's team.,LSU was in the Ole Miss game at the end; Leavitt should calm down and hit easier throws; concerns about Marcel Reed on the road in this environment.,MOTIVATION,FALSE,LSU by more than 8,Instrument named explicitly; no alternative discussed.,Not raised on air; the market price is the counter-case.,CONSTRUCTED,The result lands on the other side of the cited number (-8.5).,depth|mechanism_restates_thesis|counter_case|falsifier
W04-026,COMPRESSED,USC's defense cannot stop Oregon and Oregon's defense is suspect; the series runs high.,USC's defense cannot stop Oregon and Oregon's defense is suspect; the series runs high.,"USC's defense could not stop Rutgers; USC tackles poorly; 10 meetings since 2009 averaged 74.6 points, none under 54; last year's meeting under the same clock rules had 69.",BASE_RATE,TRUE,Well over 61.5,Instrument named explicitly; no alternative discussed.,Not raised on air; the market price is the counter-case.,CONSTRUCTED,The result lands on the other side of the cited number (61.5).,depth|mechanism_restates_thesis|counter_case|falsifier
W04-027,COMPRESSED,Two quarterbacks he trusts on a fast track in perfect weather; Oregon's defense is not dominant.,Two quarterbacks he trusts on a fast track in perfect weather; Oregon's defense is not dominant.,USC did not miss Trent Mosley last week; Lincoln Riley one of the best offensive minds; Oregon's offense adjusting to a new play caller; plenty of weapons on both sides.,ROSTER,TRUE,High-scoring game,Instrument named explicitly; no alternative discussed.,Not raised on air; the market price is the counter-case.,CONSTRUCTED,The result lands on the other side of the cited number (61.5).,depth|mechanism_restates_thesis|counter_case|falsifier
W04-028,COMPRESSED,Oregon is the better team on paper and wins a high-scoring game.,Oregon is the better team on paper and wins a high-scoring game.,Oregon better on paper; USC has performed a shade better so far; expects Oregon's offense to move the ball.,ASSERTION,FALSE,Oregon wins outright,Instrument named explicitly; no alternative discussed.,Not raised on air; the market price is the counter-case.,CONSTRUCTED,The result lands on the other side of the cited number (-3).,depth|mechanism_restates_thesis|counter_case|falsifier
W04-029,COMPRESSED,Both offenses keep scoring; USC's defense is leaky.,Both offenses keep scoring; USC's defense is leaky.,USC gave up 35 to Rutgers; 69 points in last year's meeting; since 2022 the first and third scoring offenses in FBS; Lincoln Riley's USC averages 42.8 at home and allows 23.,STAT_CITED,TRUE,Over 61.5,Instrument named explicitly; no alternative discussed.,Not raised on air; the market price is the counter-case.,CONSTRUCTED,The result lands on the other side of the cited number (61.5).,depth|mechanism_restates_thesis|counter_case|falsifier
W04-030,COMPRESSED,Classic Big Ten rock fight; neither offense scores.,Classic Big Ten rock fight; neither offense scores.,Not sold that Bryce Underwood is fixed; Phil Parker's Iowa defense; Iowa will struggle to score on Michigan's defense; '13 to 10 written all over it'.,ASSERTION,FALSE,About 13-10,Instrument named explicitly; no alternative discussed.,Not raised on air; the market price is the counter-case.,CONSTRUCTED,The result lands on the other side of the cited number (39).,depth|mechanism_restates_thesis|counter_case|falsifier
W04-031,COMPRESSED,Iowa's offense is not solved and Iowa scores little as a road dog to ranked conference teams.,Iowa's offense is not solved and Iowa scores little as a road dog to ranked conference teams.,"Iowa scored 16 vs Iowa State, the best team it has faced; Hank Brown's 12 of 12 last week not a sign; Iowa 1-9 as an underdog in 10 conference road games vs ranked teams since 2014, averaging 12.5 points, 17-plus only three times.",BASE_RATE,FALSE,Iowa about 12-13 points,Instrument named explicitly; no alternative discussed.,Bryce Underwood throwing a pick deep in his own territory gives Iowa a short field (raised himself).,OBSERVED,The result lands on the other side of the cited number (16.5).,depth|mechanism_restates_thesis|falsifier
W04-032,COMPRESSED,Georgia's explosiveness is inflated by weak opponents; Oklahoma's defense keeps it close.,Georgia's explosiveness is inflated by weak opponents; Oklahoma's defense keeps it close.,Arkansas's defensive linemen were doing drills in the second half; Mateer is a wild card if he avoids the pick-six he threw vs Michigan; Oklahoma's top-10 defense.,ROSTER,FALSE,Surprisingly close,Instrument named explicitly; no alternative discussed.,"Raised on air by the panel: Oklahoma's offense under Mateer so far, and a missing starting tackle with no backup who can play.",OBSERVED,The result lands on the other side of the cited number (+14).,depth|mechanism_restates_thesis|falsifier
W04-033,COMPRESSED,Georgia can win 30-3; wins by two touchdowns over 60 minutes.,Georgia can win 30-3; wins by two touchdowns over 60 minutes.,None beyond expecting Georgia to break it open and sit on it against a top-10 defense.,ASSERTION,FALSE,"Georgia by two touchdowns-plus, possibly 30-3",Instrument named explicitly; no alternative discussed.,Not raised on air; the market price is the counter-case.,CONSTRUCTED,The result lands on the other side of the cited number (-13.5).,depth|mechanism_restates_thesis|counter_case|falsifier
W04-034,COMPRESSED,"Uglier, lower-scoring game.","Uglier, lower-scoring game.",Mateer's tendency to throw bad picks; lower scoring is why he likes Oklahoma.,ASSERTION,FALSE,Low-scoring game,Instrument named explicitly; no alternative discussed.,Not raised on air; the market price is the counter-case.,CONSTRUCTED,The result lands on the other side of the cited number (45).,depth|mechanism_restates_thesis|counter_case|falsifier
W04-035,COMPRESSED,Maryland's quarterback outclasses UCLA's defense after a cross-country trip.,Maryland's quarterback outclasses UCLA's defense after a cross-country trip.,Rates Malik Washington slightly above Ryan Brown; UCLA's defense gave up yards and points to Purdue; UCLA travels cross-country after a late Saturday game.,ROSTER,FALSE,Maryland 28-plus,Instrument named explicitly; no alternative discussed.,Not raised on air; the market price is the counter-case.,CONSTRUCTED,The result lands on the other side of the cited number (27.5).,depth|mechanism_restates_thesis|counter_case|falsifier
W04-036,COMPRESSED,Matt Rhule's Nebraska has not covered as a road favorite.,Matt Rhule's Nebraska has not covered as a road favorite.,"Rhule 4-10 on the road at Nebraska, 6-7-1 ATS; as a road favorite 2-2 straight up and 1-3 ATS, the only cover vs a 2024 Purdue team that went 1-11.",BASE_RATE,FALSE,Michigan State within a touchdown,Instrument named explicitly; no alternative discussed.,Not raised on air; the market price is the counter-case.,CONSTRUCTED,The result lands on the other side of the cited number (+6).,depth|mechanism_restates_thesis|counter_case|falsifier
W04-037,COMPRESSED,Utah's passing offense is untested; Iowa State's defense is salty; defensive coaching.,Utah's passing offense is untested; Iowa State's defense is salty; defensive coaching.,Utah's passing offense has faced suspect competition; Iowa State's defense 'kind of salty'; Jimmy Rogers plays defensive style; first conference road game.,ROSTER,FALSE,"Low-scoring, tighter game",Instrument named explicitly; no alternative discussed.,Not raised on air; the market price is the counter-case.,CONSTRUCTED,The result lands on the other side of the cited number (48.5).,depth|mechanism_restates_thesis|counter_case|falsifier
W04-038,COMPRESSED,He underestimated Iowa State's defense; more than a touchdown is enough.,He underestimated Iowa State's defense; more than a touchdown is enough.,Impressed by Iowa State's defense; getting more than a touchdown including a two-point conversion.,ASSERTION,FALSE,Utah wins but not a given,Instrument named explicitly; no alternative discussed.,Not raised on air; the market price is the counter-case.,CONSTRUCTED,The result lands on the other side of the cited number (+8.5).,depth|mechanism_restates_thesis|counter_case|falsifier
W04-039,COMPRESSED,Colorado is in turmoil after dismissals; Baylor is better and must win.,Colorado is in turmoil after dismissals; Baylor is better and must win.,A couple of Colorado players dismissed after the Northwestern loss; Baylor better top to bottom; a game Baylor has to win.,MOTIVATION,FALSE,Baylor by double digits,Instrument named explicitly; no alternative discussed.,Not raised on air; the market price is the counter-case.,CONSTRUCTED,The result lands on the other side of the cited number (-9.5).,depth|mechanism_restates_thesis|counter_case|falsifier
W04-040,COMPRESSED,Colorado's offense is ineffective; Baylor at home with Lagway back.,Colorado's offense is ineffective; Baylor at home with Lagway back.,Colorado completed one pass vs Georgia Tech; 0.95 points per possession in two games vs power opponents; DJ Lagway listed probable; locker-room turmoil.,STAT_CITED,TRUE,Baylor covers,Instrument named explicitly; no alternative discussed.,Not raised on air; the market price is the counter-case.,CONSTRUCTED,The result lands on the other side of the cited number (-9.5).,depth|mechanism_restates_thesis|counter_case|falsifier
W04-041,COMPRESSED,UMass's offense travels; Sac State is vulnerable through the air and UMass finishes drives.,UMass's offense travels; Sac State is vulnerable through the air and UMass finishes drives.,Sacramento State vulnerable to the pass (Watson can exploit it); UMass excellent at finishing drives in the red zone.,SCHEME,FALSE,UMass 27-plus,Instrument named explicitly; no alternative discussed.,Not raised on air; the market price is the counter-case.,CONSTRUCTED,The result lands on the other side of the cited number (26.5).,depth|mechanism_restates_thesis|counter_case|falsifier
W04-042,COMPRESSED,Penn State faces its first Big Ten defense; Wisconsin's QB struggles on the road; defenses reign.,Penn State faces its first Big Ten defense; Wisconsin's QB struggles on the road; defenses reign.,"Rocco Becht 70%, 9 TD, 0 INT but no Big Ten defense faced; Wisconsin will give its best effort; Colton Joseph could struggle on the road.",ASSERTION,FALSE,Low-scoring Big Ten game,Instrument named explicitly; no alternative discussed.,Not raised on air; the market price is the counter-case.,CONSTRUCTED,The result lands on the other side of the cited number (45).,depth|mechanism_restates_thesis|counter_case|falsifier
W04-043,COMPRESSED,Penn State loses its best pass catcher and has not faced a real defense.,Penn State loses its best pass catcher and has not faced a real defense.,"Kobe (Colby) Howard out for a couple of weeks; Penn State's opponents Buffalo, Marshall and Temple are poor defenses; low-scoring game makes big numbers hard.",ROSTER,TRUE,Penn State under 29,Instrument named explicitly; no alternative discussed.,Not raised on air; the market price is the counter-case.,CONSTRUCTED,The result lands on the other side of the cited number (28.5).,depth|mechanism_restates_thesis|counter_case|falsifier
W04-044,COMPRESSED,Hawaii's pass-first offense struggles on the road in wind; home dog.,Hawaii's pass-first offense struggles on the road in wind; home dog.,'Wyoming four and one the last five at home' (as heard; whether that is the series or overall is unclear); drastic home-road splits for Hawaii; windy game in Laramie.,BASE_RATE,TRUE,Wyoming covers,Instrument named explicitly; no alternative discussed.,Not raised on air; the market price is the counter-case.,CONSTRUCTED,The result lands on the other side of the cited number (+3.5).,depth|mechanism_restates_thesis|counter_case|falsifier
W04-045,COMPRESSED,Iowa stops the run; Michigan must rely on Bryce Underwood's passing.,Iowa stops the run; Michigan must rely on Bryce Underwood's passing.,Iowa allowing 2.2 yards per carry (3.8 last year); Michigan would have to rely on Underwood to pass; ugly game makes a 5.5 cover hard.,STAT_CITED,FALSE,Iowa within 5,Instrument named explicitly; no alternative discussed.,Not raised on air; the market price is the counter-case.,CONSTRUCTED,The result lands on the other side of the cited number (+5.5).,depth|mechanism_restates_thesis|counter_case|falsifier
W04-046,COMPRESSED,He was wrong about Wyoming; Hawaii's defense is good enough.,He was wrong about Wyoming; Hawaii's defense is good enough.,"Hawaii's defense handled New Mexico State's offense; Wyoming lost to UNLV, which then lost to North Texas.",ASSERTION,FALSE,Hawaii by more than 3,Instrument named explicitly; no alternative discussed.,Not raised on air; the market price is the counter-case.,CONSTRUCTED,The result lands on the other side of the cited number (-3).,depth|mechanism_restates_thesis|counter_case|falsifier
W04-047,COMPRESSED,Purdue's offense is underrated; plenty of open space; Notre Dame supplies the rest.,Purdue's offense is underrated; plenty of open space; Notre Dame supplies the rest.,Purdue's offense underappreciated this year; concern that Notre Dame's defense is elite.,ASSERTION,FALSE,"Purdue about 14, Notre Dame the rest",Instrument named explicitly; no alternative discussed.,Notre Dame's elite defense could stop Purdue (raised himself).,OBSERVED,The result lands on the other side of the cited number (57.5).,depth|mechanism_restates_thesis|falsifier
W04-048,COMPRESSED,Washington's offense has not gotten right.,Washington's offense has not gotten right.,None beyond Washington not having looked right this year.,ASSERTION,FALSE,Washington under 29,Instrument named explicitly; no alternative discussed.,Not raised on air; the market price is the counter-case.,CONSTRUCTED,The result lands on the other side of the cited number (28.5).,depth|mechanism_restates_thesis|counter_case|falsifier
W04-049,COMPRESSED,Alabama corrects its slow starts; Russell comes out firing.,Alabama corrects its slow starts; Russell comes out firing.,Alabama started slowly this year; expects 20-plus in the first half vs South Carolina.,ASSERTION,FALSE,Alabama 20-plus in the first half,Instrument named explicitly; no alternative discussed.,Not raised on air; the market price is the counter-case.,CONSTRUCTED,The result lands on the other side of the cited number (17.5).,depth|mechanism_restates_thesis|counter_case|falsifier
W04-050,COMPRESSED,Keeps backing Mississippi State until it lets him down.,Keeps backing Mississippi State until it lets him down.,None beyond backing Kamario Taylor and the Bulldogs.,ASSERTION,FALSE,Mississippi State by a touchdown-plus,Instrument named explicitly; no alternative discussed.,Not raised on air; the market price is the counter-case.,CONSTRUCTED,The result lands on the other side of the cited number (-6).,depth|mechanism_restates_thesis|counter_case|falsifier
W04-051,COMPRESSED,Boston College cannot score; under even if Virginia Tech stunts.,Boston College cannot score; under even if Virginia Tech stunts.,Does not see Boston College putting many points on the board.,ASSERTION,FALSE,Low-scoring game,Instrument named explicitly; no alternative discussed.,Not raised on air; the market price is the counter-case.,CONSTRUCTED,The result lands on the other side of the cited number (47.5).,depth|mechanism_restates_thesis|counter_case|falsifier
W04-052,COMPRESSED,The total is a little too high.,The total is a little too high.,None beyond a numbers play.,ASSERTION,FALSE,Under 48,Instrument named explicitly; no alternative discussed.,Not raised on air; the market price is the counter-case.,CONSTRUCTED,The result lands on the other side of the cited number (48).,depth|mechanism_restates_thesis|counter_case|falsifier
W04-053,COMPRESSED,Arkansas has bad vibes and an empty stadium; take the points with Tulsa even with the backup.,Arkansas has bad vibes and an empty stadium; take the points with Tulsa even with the backup.,Arkansas's stadium was empty for Georgia; 'no good vibes coming out of Arkansas'.,MOTIVATION,FALSE,Tulsa within a touchdown,Instrument named explicitly; no alternative discussed.,Not raised on air; the market price is the counter-case.,CONSTRUCTED,The result lands on the other side of the cited number (+7.5).,depth|mechanism_restates_thesis|counter_case|falsifier
W04-054,COMPRESSED,Colorado State's quarterback is doubtful or limited; UTSA is strong at home and bounces back.,Colorado State's quarterback is doubtful or limited; UTSA is strong at home and bounces back.,Jim Mora: Hauss Hejny a game-time decision with a hamstring; the backups are a noticeable downgrade; UTSA 'a monster' at home.,ROSTER,TRUE,UTSA by two touchdowns-plus,Instrument named explicitly; no alternative discussed.,Not raised on air; the market price is the counter-case.,CONSTRUCTED,The result lands on the other side of the cited number (-13.5).,depth|mechanism_restates_thesis|counter_case|falsifier
W04-055,COMPRESSED,SMU comes off an emotional loss into a non-conference game against a friend's team.,SMU comes off an emotional loss into a non-conference game against a friend's team.,Casey Woods spent four years at SMU; SMU off an emotional loss to Louisville; odd non-conference game between conference games.,MOTIVATION,FALSE,SMU wins but inside 35,Instrument named explicitly; no alternative discussed.,Not raised on air; the market price is the counter-case.,CONSTRUCTED,The result lands on the other side of the cited number (+34.5).,depth|mechanism_restates_thesis|counter_case|falsifier
W04-056,COMPRESSED,If App State stays within a touchdown it keeps fighting to win.,If App State stays within a touchdown it keeps fighting to win.,None beyond game-flow reasoning.,ASSERTION,FALSE,App State wins outright,Instrument named explicitly; no alternative discussed.,Not raised on air; the market price is the counter-case.,CONSTRUCTED,The result lands on the other side of the cited number (+488).,depth|mechanism_restates_thesis|counter_case|falsifier
W04-057,COMPRESSED,None stated clearly.,None stated clearly.,Garbled by ASR; refers to a rivalry win over FIU.,NONE,FALSE,UL Monroe wins outright,Instrument named explicitly; no alternative discussed.,Not raised on air; the market price is the counter-case.,CONSTRUCTED,The result lands on the other side of the cited number (+450).,depth|mechanism_restates_thesis|counter_case|falsifier
W04-058,COMPRESSED,UTEP is not that bad and Oregon State faces an odd road trip.,UTEP is not that bad and Oregon State faces an odd road trip.,None beyond the road trip.,ASSERTION,FALSE,UTEP wins outright,Instrument named explicitly; no alternative discussed.,Not raised on air; the market price is the counter-case.,CONSTRUCTED,The result lands on the other side of the cited number (+376).,depth|mechanism_restates_thesis|counter_case|falsifier
W04-059,COMPRESSED,He has been out on Washington all year.,He has been out on Washington all year.,Concerned about Minnesota's offensive-line injuries.,ASSERTION,FALSE,Minnesota wins outright,Instrument named explicitly; no alternative discussed.,Not raised on air; the market price is the counter-case.,CONSTRUCTED,The result lands on the other side of the cited number (+316).,depth|mechanism_restates_thesis|counter_case|falsifier
W04-060,COMPRESSED,Washington is nowhere near its preseason rating; competitive late.,Washington is nowhere near its preseason rating; competitive late.,Minnesota was poor away from home last season (raised himself).,ASSERTION,FALSE,Competitive late; Minnesota wins,Instrument named explicitly; no alternative discussed.,Minnesota was not good away from home last season (raised himself).,OBSERVED,The result lands on the other side of the cited number (+310).,depth|mechanism_restates_thesis|falsifier
W04-061,COMPRESSED,Western Michigan at home with a confident program.,Western Michigan at home with a confident program.,Community confidence after the Michigan game and last season; Boise State in town.,MOTIVATION,FALSE,Western Michigan wins outright,Instrument named explicitly; no alternative discussed.,Not raised on air; the market price is the counter-case.,CONSTRUCTED,The result lands on the other side of the cited number (+240).,depth|mechanism_restates_thesis|counter_case|falsifier
W04-062,COMPRESSED,Same read as his Tennessee +4.5.,Same read as his Tennessee +4.5.,See W04-015.,ASSERTION,FALSE,Tennessee wins outright,Instrument named explicitly; no alternative discussed.,Not raised on air; the market price is the counter-case.,CONSTRUCTED,The result lands on the other side of the cited number (+170).,depth|mechanism_restates_thesis|counter_case|falsifier
W04-063,COMPRESSED,A home dog that could surprise.,A home dog that could surprise.,None beyond agreement.,ASSERTION,FALSE,Western Michigan wins outright,Instrument named explicitly; no alternative discussed.,Not raised on air; the market price is the counter-case.,CONSTRUCTED,The result lands on the other side of the cited number (+240).,depth|mechanism_restates_thesis|counter_case|falsifier
W04-064,COMPRESSED,A home dog that could surprise.,A home dog that could surprise.,None beyond agreement.,ASSERTION,FALSE,Tennessee wins outright,Instrument named explicitly; no alternative discussed.,Not raised on air; the market price is the counter-case.,CONSTRUCTED,The result lands on the other side of the cited number (+170).,depth|mechanism_restates_thesis|counter_case|falsifier
W04-065,COMPRESSED,An easy one with UCLA making a cross-country trip.,An easy one with UCLA making a cross-country trip.,UCLA's cross-country travel.,MOTIVATION,FALSE,Maryland wins,Instrument named explicitly; no alternative discussed.,Not raised on air; the market price is the counter-case.,CONSTRUCTED,The result lands on the other side of the cited number (+105).,depth|mechanism_restates_thesis|counter_case|falsifier
W04-066,COMPRESSED,Matt Rhule's poor road record at Nebraska.,Matt Rhule's poor road record at Nebraska.,Rhule's road record (Tom's stat).,BASE_RATE,FALSE,Michigan State wins,Instrument named explicitly; no alternative discussed.,Not raised on air; the market price is the counter-case.,CONSTRUCTED,The result lands on the other side of the cited number (+189).,depth|mechanism_restates_thesis|counter_case|falsifier
W04-067,COMPRESSED,None stated.,None stated.,None.,NONE,FALSE,Maryland wins,Instrument named explicitly; no alternative discussed.,Not raised on air; the market price is the counter-case.,CONSTRUCTED,The result lands on the other side of the cited number (+108).,depth|mechanism_restates_thesis|counter_case|falsifier
W04-068,COMPRESSED,Same read as his Michigan State +6.,Same read as his Michigan State +6.,See W04-036.,BASE_RATE,FALSE,Michigan State wins,Instrument named explicitly; no alternative discussed.,Not raised on air; the market price is the counter-case.,CONSTRUCTED,The result lands on the other side of the cited number (+189).,depth|mechanism_restates_thesis|counter_case|falsifier
W04-069,COMPRESSED,UMass has played two FCS teams since beating Rutgers and now travels cross-country as a favorite.,UMass has played two FCS teams since beating Rutgers and now travels cross-country as a favorite.,UMass played Stonehill and Stony Brook after Rutgers; cross-country road trip; Sacramento State not super impressive.,MOTIVATION,FALSE,Sacramento State wins outright,Instrument named explicitly; no alternative discussed.,Not raised on air; the market price is the counter-case.,CONSTRUCTED,The result lands on the other side of the cited number (+160).,depth|mechanism_restates_thesis|counter_case|falsifier
W04-070,COMPRESSED,Ole Miss may not let down; Chambliss is really good; Florida may not have played a bowl team yet.,Ole Miss may not let down; Chambliss is really good; Florida may not have played a bowl team yet.,Auburn might not make a bowl; Florida's schedule untested.,ASSERTION,FALSE,Ole Miss wins outright,Instrument named explicitly; no alternative discussed.,Not raised on air; the market price is the counter-case.,CONSTRUCTED,The result lands on the other side of the cited number (+150).,depth|mechanism_restates_thesis|counter_case|falsifier
W04-071,COMPRESSED,Iowa State is better than he thought; Utah's first road trip into a packed Ames.,Iowa State is better than he thought; Utah's first road trip into a packed Ames.,Utah's first road trip; Ames never an easy place to play.,MOTIVATION,FALSE,Iowa State wins outright,Instrument named explicitly; no alternative discussed.,Not raised on air; the market price is the counter-case.,CONSTRUCTED,The result lands on the other side of the cited number (+292).,depth|mechanism_restates_thesis|counter_case|falsifier
W04-072,COMPRESSED,Arkansas looks like a team that has quit.,Arkansas looks like a team that has quit.,First month on the job for Arkansas's coach; team looks disengaged.,MOTIVATION,FALSE,Tulsa wins outright,Instrument named explicitly; no alternative discussed.,Not raised on air; the market price is the counter-case.,CONSTRUCTED,The result lands on the other side of the cited number (+230).,depth|mechanism_restates_thesis|counter_case|falsifier
W04-073,COMPRESSED,Georgia Tech travels cross-country as a favorite and has not looked impressive.,Georgia Tech travels cross-country as a favorite and has not looked impressive.,Georgia Tech lost to Colorado; jet lag.,MOTIVATION,FALSE,Stanford wins at home,Instrument named explicitly; no alternative discussed.,Not raised on air; the market price is the counter-case.,CONSTRUCTED,The result lands on the other side of the cited number (+160).,depth|mechanism_restates_thesis|counter_case|falsifier
W04-074,COMPRESSED,Bad teams win sometimes; variance.,Bad teams win sometimes; variance.,None beyond variance ('stuff happens').,ASSERTION,FALSE,Charlotte wins outright,Instrument named explicitly; no alternative discussed.,Not raised on air; the market price is the counter-case.,CONSTRUCTED,The result lands on the other side of the cited number (+360).,depth|mechanism_restates_thesis|counter_case|falsifier
W04-075,FULL,Florida beats Ole Miss by 3 or more.,"Florida is a top-10 team with one of the best home fields -> fair line near -3.6 before the spot; Ole Miss comes off a year-long hype game and may lack Kewon Lacy -> Florida establishes the run, sets up play action, and its line creates negative plays against Chambliss; Summerall has prepared for Ole Miss three times.","Has Ole Miss 1 to 1.5 points better on a neutral field; Florida home field about 4 in a ranked game; +1 for the spot -> 3.6; Florida outgained Auburn 475-220 until late; Summerall 25-12-1 ATS as a single-digit favorite (15-4-1 in a subset, covering by about 8 per game), second only to Willie Fritz.",STAT_CITED,TRUE,Florida -3.6 fair; 'should be at like four',Spread under 3 even with juice; would not play at 4,Chambliss will make Florida work and put up points; total about 60 (raised himself),OBSERVED,Chambliss hits explosives and Florida's run game stalls; Ole Miss within 2 or wins.,falsifier
W04-076,FULL,Florida beats Ole Miss and covers the 3.,"Florida's pass rush (Obadezo, Woods) and top-10 havoc defense under Brad White, elite play-calling under Faulkner, and Baugh's elusive running control the game; Ole Miss's tackling problems persist.","Ole Miss held LSU to 27% passing-down success but missed 18 tackles (53 on the season); Obadezo and Woods combined for 11 pressures; Florida top 10 in havoc, 3rd in the middle eight, about 131st in penalties; Baugh 162 yards and 3 TD vs Auburn, 8 TD on 55 carries, 30 forced missed tackles, 4.6 yards after contact.",STAT_CITED,TRUE,Florida wins outright ('They're going to beat Ole Miss'),"Spread; 'I don't think the three matters... take the three, drink the juice'",Ole Miss's defense surprised him vs LSU (raised himself),OBSERVED,Florida's penalties and turnovers keep Ole Miss within 3.,falsifier
W04-077,FULL,Tennessee covers or wins; the Texas offense is the fade.,Texas cannot run the ball behind a poor line -> predictable passing downs; receivers drop balls and Arch has a turnover-worthy play every game -> stalled drives against a Tennessee defense playing at home.,"Texas outside the top 100 in havoc allowed; Smothers and Brown each two rushes over 15 yards; Brown 2.1 yards after contact; nine drops (only Cam Coleman without one); Arch's drop rate 8% -> 13%, five big-time throws and three turnover-worthy plays, one in every game; Texas's defense has allowed two plays over 20 yards.",STAT_CITED,TRUE,Tennessee wins,Market not stated on air (spread or ML),Texas's defense has been good (two plays over 20 yards allowed); Colin Simmons' availability (raised himself),OBSERVED,Texas establishes the run and Arch plays clean; Texas by 5-plus.,falsifier
W04-078,FULL,Tennessee wins; Texas does not pass the eye test.,Texas has defensive holes on the back end and a struggling line; Sarkisian's road record is poor; Knowles has beaten Sarkisian twice -> Tennessee at home with an electric crowd.,"Texas needed nine plays to go right to beat Ohio State; Arch 50% vs UTSA; Smothers banged up; Sarkisian about 30% ATS on the road as Texas coach; Knowles 2-0 vs Sarkisian (Oklahoma State, Ohio State).",ASSERTION,FALSE,Tennessee wins,Market not named,Freshman QB Faizon Brandon has not played a game this big; Tennessee's defense has faced little (raised himself),OBSERVED,Texas's offense clicks and Brandon struggles; Texas by 5-plus.,falsifier
W04-079,FULL,Game lands under the total.,Oregon leans on the run and play action; both defenses can create negative plays against shaky lines; USC's young skill players bring drops and jitters -> about 54 points.,Oregon's tackles and line are bad and Dante Moore has never been good under pressure; USC relying on many freshmen; Oregon's tight end Johnson questionable; Oregon's receiver lost; Trent Mosley out for USC.,ROSTER,TRUE,60 fair; about 30-24,Would prefer 64,USC's defense has questions and Oregon's defense has not looked as good; the game could reach the 40s per team (raised himself),OBSERVED,Explosive plays on both sides push it past 62.,falsifier
W04-080,FULL,Oregon wins by more than 3; the Oklahoma State loss was tipped plays.,"Oklahoma State decoded Oregon's alignments, which does not carry to USC; Oregon's secondary is strong and plays mostly quarters, Maiava's worst coverage -> Oregon's pass rush and coverage beat a USC defense that cannot generate havoc.","Oklahoma State stuffed 11 of 26 Oregon rushes but only about 20% vs Murray State; Moore 20 pressures, pressure-to-sack 16% -> 30%; Oregon 14th in PFF coverage, 15th in pass EPA allowed; USC needed a 99-yard pick-six at Rutgers; Louisiana averaged 7 yards per play vs USC; USC outside the top 100 in opponent passing success and EPA, bottom 20 in havoc; Maiava's worst success and EPA over three seasons came vs quarters.",STAT_CITED,TRUE,Oregon covers,Spread,Oregon's line must improve under pressure (raised himself),OBSERVED,USC's pass rush gets home on Moore and Maiava beats quarters coverage.,falsifier
W04-081,FULL,Game goes under; Oklahoma cannot move the ball and Georgia's passing explosiveness is overstated.,"Oklahoma cannot run and is missing its best lineman and Trell Harris -> short drives; Georgia relies on the run and tight ends against an elite defense -> field-position game, about 24-13.","Oklahoma's offense broken vs Michigan and New Mexico; Stockton has thrown 44 passes, 20 behind the line and 15 short; Georgia's opponents weak; Oklahoma linebacker injuries (Kip Lewis should return; David Stone questionable).",STAT_CITED,FALSE,Georgia 24-13,Total rather than the side at 13.5,Mateer pick-sixes are the main risk to an under (raised himself),OBSERVED,Georgia hits explosives or Oklahoma gives up a defensive score; total 45-plus.,falsifier
W04-082,FULL,Neither offense moves the ball; Oklahoma's defense is elite and its offense is broken.,Oklahoma's primary run concept produces negative plays and Georgia defends inside zone well -> Oklahoma stalls; Oklahoma's pass defense and finishing-drive defense hold Georgia to field goals.,"Oklahoma inside zone negative on 60% of attempts; Georgia 54% success vs inside zone; Oklahoma 127th in havoc allowed; Oklahoma number one vs the pass by success rate and top 10 in quality and finishing drives, against a top-40 schedule; Georgia 47 standard-down and 16 passing-down plays vs Arkansas; Nate Frazier questionable (Chauncey Bowens more a short-yardage back).",STAT_CITED,FALSE,38 total; 'can this game end 13-0?',Total; wants nothing to do with the side,Not raised on air; the market price is the counter-case.,CONSTRUCTED,Georgia's passing game finds explosives; total 45-plus.,counter_case|falsifier
W04-083,COMPRESSED,Oklahoma covers two touchdowns; Georgia's young offensive line faces its first real defense.,Georgia's offense goes from pillows to one of the best defenses -> shell shock; Oklahoma plays for its season.,Youth on Georgia's offensive line; Georgia's first month against weak opponents.,ROSTER,FALSE,Georgia by about 11,Only at 14,Oklahoma's offense cannot move the ball (his own under thesis),OBSERVED,Georgia wins by 15-plus.,falsifier
W04-084,FULL,Iowa State covers and likely wins outright.,Iowa State's defense (Rogers and Bobbitt scheme) shuts down Utah's new offensive line and run game; Aiden Flora runs on a Utah defense that lost its best run defenders -> Iowa State controls the clock; special teams and home field add points.,"Rogers 9-1 ATS in his last 10 vs FBS, covering by 17 per game (four close losses as 14- to 34-point dogs); Iowa ran 30 for 90 vs Iowa State; Utah lost five OL starters and was 114th in yards per rush allowed last year; home underdogs of more than a touchdown in Ames 65% ATS over 20 years, covering by 5; one of the best kickers in the country.",BASE_RATE,TRUE,Utah -7 fair; Iowa State may win outright,Spread at two numbers plus the ML in a parlay,"Colin: Raynor has a turnover-worthy play every game and struggles vs man coverage, which Utah plays about half the time",OBSERVED,Utah's run game works and Raynor turns it over; Utah by 9-plus.,falsifier
W04-085,FULL,Game stays under 38.5; both teams shorten it.,"Iowa's passing game is backs and tight ends against two NFL corners; Michigan runs Underwood's legs and bleeds clock -> field-position game, about 17-10.","About 88% of Iowa's targets go to backs or tight ends; Michigan's corners; strong lines on both sides; neither team scored much vs real competition (Iowa vs Iowa State, Michigan vs Oklahoma and Western Michigan).",STAT_CITED,FALSE,Michigan 17-10,Total at 38 or better,A Hank Brown pick-six or an Underwood turnover (raised himself),OBSERVED,A defensive or special-teams score pushes it over.,falsifier
W04-086,COMPRESSED,Michigan wins by 6 or more.,Michigan wins a low-scoring game by a touchdown.,None beyond his number (7).,ASSERTION,FALSE,Michigan -7,Lean,Underwood turnovers (raised himself),OBSERVED,Iowa within 5.,falsifier
W04-087,COMPRESSED,Michigan covers.,Michigan's run game grinds out a low-scoring win.,None offered for the side ('I can't tell why').,ASSERTION,FALSE,Low-scoring Michigan win,Lean; paired with a live under plan,"Iowa's defense excels against inside zone, Michigan's strength (raised himself)",OBSERVED,Iowa within 5.,falsifier
W04-088,FULL,Sell Penn State and buy Wisconsin; Wisconsin keeps it within 10.,"Penn State's numbers come from Temple, Buffalo and Marshall; losing Colby Howard removes Becht's deep-ball target; Wisconsin's healthier line and improved defense keep it close.","Wisconsin played Notre Dame close apart from a gifted 7 and a pick-six; Colton Joseph gave national champion Indiana a game while at ODU; Howard leads the country at nearly 30 yards per catch with double any teammate's receiving yards, out for an 'extended period of time' per the head coach.",ROSTER,TRUE,Penn State -8 fair,Spread at 10 or better,"Colin: Colton Joseph 2 big-time throws, 5 turnover-worthy plays; Wisconsin bottom 15 in rushing success",OBSERVED,Penn State's offense is fine without Howard; Penn State by 11-plus.,falsifier
W04-089,FULL,Game goes under; Wisconsin's offense is broken and the wind hurts both teams.,Colton Joseph is turnover-prone and Wisconsin cannot run or finish drives -> few Badgers points; double-digit crosswinds suppress passing.,"Joseph 2 big-time throws, 5 turnover-worthy plays (3 vs Eastern Michigan) plus a fumble; Wisconsin bottom 15 in rushing success, 117th in finishing drives; double-digit crosswinds forecast.",STAT_CITED,TRUE,Low-scoring game,Total rather than Wisconsin's side,Not raised on air; the market price is the counter-case.,CONSTRUCTED,Penn State scores freely despite the wind.,counter_case|falsifier
W04-090,FULL,LSU buries Texas A&M if it shows up.,A&M cannot run -> no play action -> Reed drops back behind a bad line against LSU pressure -> LSU buries them.,A&M replaced NFL linemen with poor transfers; receivers hurt; Reed struggles with pressure and cover two; LSU injuries to monitor.,ROSTER,FALSE,LSU -9.9,Lean only,LSU injuries and a possible emotional letdown (raised himself),OBSERVED,A&M's defense keeps it within 9.,falsifier
W04-092,FULL,Boise State wins by more than a touchdown.,"The way to beat Boise is through the air, which is not Western Michigan's game; Boise's defensive line holds; Boise runs and hits shots over the top.",Monmouth put up 450 yards on Boise's defense; Boise has thrown more downfield this year; freshman receiver impressive.,SCHEME,FALSE,Boise covers 7,Lean at 7 or better,Kalamazoo will be electric; Western's best effort (raised himself),OBSERVED,Western Michigan within 7.,falsifier
W04-093,FULL,Boise State wins outright.,"Boise runs 60% of the time, mostly power and man-gap, which Western Michigan defends poorly -> Boise controls the game.",Western Michigan's defensive success rate against those two concepts stated as 42% and 34%; Dylan Riley 5 yards after contact and 19 forced missed tackles.,STAT_CITED,FALSE,Boise wins,Moneyline parlay leg,Not raised on air; the market price is the counter-case.,CONSTRUCTED,Western Michigan wins at home.,counter_case|falsifier
W04-094,FULL,West Virginia wins at home.,West Virginia's blitzes create negative plays and turnovers against a shaky Oklahoma State line; Oklahoma State's thin defense gets no stops against West Virginia's tempo.,Oklahoma State got trucked by Tulsa; Zach Alley's blitzing worked vs Virginia last week; Oklahoma State's line beaten up.,SCHEME,FALSE,West Virginia wins,Lean,Colin: his arguments support the under more than the side,OBSERVED,Oklahoma State wins.,falsifier
W04-095,FULL,Game goes under despite the tempo.,Both defenses win on quality and finishing drives -> fast possessions without many touchdowns; Oklahoma State's offense lacks juice.,Oklahoma State outside the top 100 in both EPA measures; both defenses hold the analytic edge in quality and finishing drives.,STAT_CITED,FALSE,Under,Lean; wants a higher key,Tempo: both offenses extremely fast (raised himself),OBSERVED,Tempo produces 60-plus.,falsifier
W04-096,FULL,South Florida is overvalued and flat on the road.,South Florida should be 1-2 and just got embarrassed -> low motivation at Bowling Green; the number is too high.,South Florida should have lost to FIU and needed a miracle vs Army; Bowling Green gave up two special-teams TDs vs Iowa State.,MOTIVATION,FALSE,Bowling Green within 18,Spread,Bowling Green is the worst team in the country and lost its top corner (raised himself),OBSERVED,South Florida wins by 19-plus.,falsifier
W04-097,FULL,Georgia Southern stays within 18.5 at home.,"Georgia Southern's run defense and short passing keep it close; Houston is in a letdown spot after a heartbreaking ranked loss, and Fritz will not run it up on his old school.","Georgia Southern 35-20-2 ATS at home vs FBS since 2014 (63.6%); should have beaten Jacksonville State, competitive with Clemson; first Power 4 opponent ever in Statesboro.",BASE_RATE,FALSE,Georgia Southern within 18,Spread,Not raised on air; the market price is the counter-case.,CONSTRUCTED,Houston wins by 19-plus.,counter_case|falsifier
W04-098,COMPRESSED,Georgia Southern covers with Fritz not running it up.,Fritz will not embarrass his old program; backdoor cover available.,None beyond the Fritz connection.,MOTIVATION,FALSE,Houston -20 fair,Spread at 17.5,His own number (Houston -20) says the other side,OBSERVED,Houston wins by 18-plus.,falsifier
W04-099,FULL,Utah State wins by 3 or more in a spot play.,Utah State was over-penalized by the market for an FCS loss and is desperate at 0-3; Troy travels to altitude for a second straight road game after an all-out effort; Utah State's run defense stymies Troy.,Utah State 32-15 ATS as a home favorite vs FBS since 2005 (68%); nearly upset Washington as a four-touchdown dog; Charlotte's analogous rebound after losing to The Citadel.,BASE_RATE,FALSE,Utah State wins,Laying under a field goal,Not raised on air; the market price is the counter-case.,CONSTRUCTED,Troy wins or loses by 2 or fewer.,counter_case|falsifier
W04-100,COMPRESSED,Game stays well under the total.,Projects a low-scoring game (41).,'Numerous reasons' not detailed on air; his projection 41.,ASSERTION,FALSE,41 total,"Total, written up in the app Sunday",Not raised on air; the market price is the counter-case.,CONSTRUCTED,Total 51-plus.,counter_case|falsifier
W04-101,FULL,SMU does not cover a 34.5-point number against a friend's team after a ranked loss.,Teams favored by 30-plus after a ranked loss rarely cover; Lashley will not run it up on his former coordinator; Missouri State's offense has improved.,"Teams after a ranked loss favored by 30-plus 26% ATS since 1980, 11-28 since 2005, failing by 7 per game (one of the wins a Hail Mary).",BASE_RATE,FALSE,SMU wins by less than 35,Spread,Not raised on air; the market price is the counter-case.,CONSTRUCTED,SMU wins by 35-plus.,counter_case|falsifier
W04-102,COMPRESSED,Lashley will not run it up on Casey Woods.,Coaching friendship limits SMU's margin.,Woods and Lashley one of the stronger connections out there.,MOTIVATION,FALSE,SMU -36 fair,Spread,His own number (SMU -36) says the other side,OBSERVED,SMU wins by 35-plus.,falsifier
W04-103,COMPRESSED,Fade of Kennesaw State.,Fade of Kennesaw State.,None beyond 'enough said'.,ASSERTION,FALSE,Arkansas State by a touchdown,Spread,Not raised on air; the market price is the counter-case.,CONSTRUCTED,Kennesaw State within 5.,mechanism_restates_thesis|counter_case|falsifier
W04-104,FULL,The game should be close to a pick'em; take the points with Sacramento State.,"UMass's recent scores were flattered by opponent turnovers; cross-country travel -> pick'em game, so the points are value.",Stonehill committed three second-half turnovers; Pop Watson had a turnover-worthy play vs Stonehill; Sac State 8 giveaways and 2 takeaways but 17th in defensive rushing success rate.,STAT_CITED,TRUE,Pick'em,Spread,Stucky: Sac State's numbers are really bad; backup QB horrendous if Conklin sits,OBSERVED,UMass wins by 5-plus.,falsifier
W04-105,FULL,Game goes under; pace without efficiency.,San Diego State is near last in passing success and quality drives -> empty possessions despite tempo; its defense stops Toledo's explosive runs and tackles well.,"San Diego State almost dead last in passing success rate and quality drives; 24.9 seconds per play; top 15 in tackling, strong vs explosive runs.",STAT_CITED,FALSE,42 total,Lean,Both teams play with pace; total took over money (raised by Stucky),OBSERVED,Tempo produces 52-plus.,falsifier
W04-106,COMPRESSED,UAB beats Navy outright.,Fade of Navy with its quarterback questions.,Navy quarterback health questions; UAB taking money every week.,ASSERTION,FALSE,UAB wins,Moneyline round robin,Not raised on air; the market price is the counter-case.,CONSTRUCTED,Navy wins.,counter_case|falsifier
W04-107,FULL,Indiana covers now that the number is under 21.,"Cignetti wants to make a statement after no covers; Northwestern is missing its best lineman, a top defensive back and an edge rusher; Indiana gets two studs back.",Big favorites 0-3 ATS against teams 3-0 ATS historically 'smash'; Northwestern lost its best offensive lineman; Indiana gets Daly and Wyatt back (snap counts likely).,ROSTER,FALSE,Indiana covers,Lean,The Chip Kelly and Chiles pairing is working at Northwestern (raised himself),OBSERVED,Northwestern within 20.,falsifier
W04-108,COMPRESSED,Indiana covers; his number is 26.,Indiana wins by more than the market.,His number (26).,ASSERTION,FALSE,Indiana -26,'Some form or fashion',The move from 21 to 20 is unexplained (raised himself),OBSERVED,Northwestern within 20.,falsifier
W04-109,FULL,Tempo on both sides and poor defenses push the total over.,Clemson went to more tempo after its rain delay; Cal plays with tempo; neither defense is good; Reynolds has confidence -> 51-plus.,Clemson increased tempo after the rain delay; neither defense good.,SCHEME,FALSE,Above 51,Total at 50.5 or better,Hates both play callers (raised himself),OBSERVED,Total 50 or under.,falsifier
W04-110,COMPRESSED,Clemson covers; a numbers play on the opening line.,The open was mispriced toward Cal.,None beyond his number.,ASSERTION,FALSE,Close game,Spread on open,"Stucky: a tough spot for Clemson (seven-hour trip, short week, late kick)",OBSERVED,Cal wins by 2-plus.,falsifier
W04-111,FULL,Auburn wins by 10-plus in a bounce-back spot.,Vanderbilt's true freshman makes his first road start in a hostile place; Auburn's line can handle Vanderbilt's front; Auburn's defense has had this game circled.,Auburn's coach ('Golish' as heard) has been very good as a favorite of more than a touchdown and keeps his foot on the pedal; Vanderbilt ripped through Auburn's defense the last year or two.,MOTIVATION,FALSE,Auburn by more than 10,Spread under 10,Not raised on air; the market price is the counter-case.,CONSTRUCTED,Vanderbilt within 8.,counter_case|falsifier
W04-112,FULL,Louisville covers; Wake Forest's quarterback is hurt and its passing game cannot beat cover three.,"Louisville's zone-read backs gash Wake's poor run defense; Louisville shows cover three, which Wake cannot throw against -> blowout, more so if Lopez sits.","'40% success rate against inside zone' (as stated), Wake 128th in havoc, bottom 15 in quality drives allowed; Wake 38% success on 94 snaps vs cover three; Wake's eight explosive passes vs Miami came against a non-cover-three defense.",STAT_CITED,TRUE,Won't close 13.5 if Lopez is out,Spread in the overdog parlay,Stucky: Brohm is 12-22 ATS as a favorite of a touchdown-plus vs FBS; Louisville sloppy,OBSERVED,Lopez plays well and Wake stays within 13.,falsifier
W04-113,FULL,Wake Forest stays within 13.,"Louisville is off SMU and Ole Miss on a short week, sloppy and poor on special teams; Brohm is weak as a big favorite -> Wake covers if Lopez is healthy.","Brohm 'horrendous as a favorite': 12-22 ATS, and 35% ATS vs FBS when favored by more than a touchdown; Louisville sloppy with penalties and special teams; Lopez excelled in this offense under Rob Pazella at South Alabama.",BASE_RATE,TRUE,Close if Lopez plays; blowout if not,Spread,"If Lopez is out or hobbled, Wake gets buried (raised himself)",OBSERVED,Lopez sits and Louisville wins by 14-plus.,falsifier
W04-114,COMPRESSED,Iowa State wins outright.,See W04-084.,See W04-084.,BASE_RATE,FALSE,Iowa State wins,Underdog ML parlay,Not raised on air; the market price is the counter-case.,CONSTRUCTED,Utah wins.,counter_case|falsifier
W04-115,COMPRESSED,Tennessee beats Texas at home.,See W04-077.,See W04-077.,STAT_CITED,FALSE,Tennessee wins,Underdog ML parlay,Not raised on air; the market price is the counter-case.,CONSTRUCTED,Texas wins.,counter_case|falsifier
W05-001,FULL,Liberty wins at Delaware by more than 7.,"Liberty's offense has looked rejuvenated, led by Makai Jackson's big-play receiving -> Delaware is short-handed with key injuries -> a fully focused Liberty controls a team it handled last year.","Makai Jackson: 5 catches, 149 yards, 2 TD at Coastal Carolina; 14 catches this season, a touchdown in every game, 27.1 yards per catch; Liberty 'had a great showing last year against Delaware'; Delaware 'dealing with some key injuries' (not named by Duck; the BBOC preview two days later names QB Minacucci's knee).",STAT_CITED,TRUE,no projection offered,Market not named; logged as the spread,Calabrese raises the scar tissue himself: the last two years Liberty lost games as big favorites in this league and 'never got off the mat' after the Fiesta Bowl blowout against Oregon.,OBSERVED,"Delaware's offense functions with its quarterback situation, or Liberty's red-zone problems (flagged at Coastal) recur; Liberty wins by 7 or fewer.",instrument_rationale|falsifier
W05-002,FULL,Central Michigan beats Akron by 7 or more in the MAC opener.,"Akron's battered front cannot stop the run -> CMU, with two offensive linemen and its fullback back, controls the clock on early downs -> Akron's third-string quarterback and explosive-less offense must drive 75 to 80 yards against a defense that prevents big plays -> the CMU margin grows.","Akron 95th in early-down success rate allowed and 123rd in early-down explosiveness allowed, coming off rush-heavy UNLV and Minnesota; Akron down to third-string QB Braden Rogow; Akron's ground attack about 3 yards per carry over the last couple of weeks; 137th in offensive explosiveness, 134th in average starting field position, no return game; CMU defense 17th in preventing explosive plays; CMU found a passing game last week and gets back two offensive linemen and fullback Rusty Van Wazinga; CMU did what it wanted at home against Colgate and Wyoming.",STAT_CITED,TRUE,No number; a 'slow and steady' CMU win by more than 6.5,Full-game spread; tolerance 'anything under a touchdown' (-7 excluded),"Calabrese: Central Michigan's offensive limitations keep him off the favorite, although he agrees Akron lacks size up front.",OBSERVED,CMU cannot run efficiently on early downs or Akron hits explosive plays; margin 6 or fewer.,falsifier
W05-003,FULL,Oregon State and Colorado State combine for 62 or more.,"Colorado State cannot pressure without blitzing -> Atkinson works through his reads in a clean pocket and Oregon State scores 40-plus; Colorado State's quarterback pushes the ball downfield against Oregon State's exploitable back end -> both teams play fast, so possessions stack up.","Oregon State scored 33 against UTEP even though UTEP ran 26 fourth-quarter plays on two drives; another 300-plus passing day for Atkinson ('reminds me of a young Drew Brees'); Colorado State's pass rush 123rd per PFF with six sacks all season, three of them against FCS Southern Utah; CSU just allowed 542 yards and 59 points to UTSA; Farrar 344 passing yards and 2 TD against UTSA; both teams top 40 in tempo.",STAT_CITED,TRUE,Oregon State could score 50; no game number offered,Game total rather than an Oregon State team total because Colorado State's offense adds points too,"Raised himself, then dismissed: a team that sits on the ball to shrink the game, as UTEP did last week, can kill an over; Colorado State would have to stop doing what it does.",OBSERVED,"Colorado State slows the game down and grinds the clock, or Oregon State stalls in the red zone; total 61 or fewer.",instrument_rationale|falsifier
W05-004,FULL,UTSA wins at Rice by 12 or more.,"Rice's offense runs through Jacuri Brown, now hobbled -> Rice cannot sustain drives, so its defense is on the field late -> UTSA's run game hits explosives against a defense that fades in second halves -> trailing Rice cannot throw its way back.","Brown leads Rice in passing and rushing by a wide margin and was fatigued and hurt (ankle rolled up on) late against Fresno State; Rice's defense exposed in second halves, worst against Fresno State; Owen McCown 69% completions, 7 TD to 1 INT; UTSA averaging nearly 6 yards per carry; Rice 126th in rush-play explosiveness allowed; UTSA won four of the last five meetings by 20-plus, 61-13 last year; UTSA sees option looks regularly; UTSA won at Texas State and played well at Texas; Jeff Traylor called last week's defense 'not good enough'.",STAT_CITED,TRUE,"Blowout possible: Duck, 'This could be a margin call situation here for the Roadrunners'; Calabrese floated an alternate line near three touchdowns; no number from Duck","Full-game spread at 11.5 (12 acceptable); an alternate ladder was discussed, not taken",Calabrese's 'gambling scar tissue': UTSA laid an egg at Temple at this point last year and scored no more than 28 on the road all of 2025.,OBSERVED,"Brown plays near full speed and Rice wins time of possession, or UTSA's road offense stalls; margin 11 or fewer.",falsifier
W05-005,FULL,Texas State wins at San Diego State by 5 or more.,"Without its two feature backs San Diego State becomes one-dimensional -> Texas State gets off the field and blitzes an inaccurate quarterback -> turnovers and punts feed an offense that has scored 112 in two weeks -> an early 7-10 point lead becomes a 10-14 point win, closed out with a long clock-killing drive.","Lucky Sutton and Javion Kennard banged up; Denigal under 40% completions when blitzed, no TD, 5.8 yards per attempt with an aDOT over 13; Texas State blitzed Owen McCown 45% of the time; SDSU allowed nearly 300 passing and 210 rushing yards to Toledo; Brad Jackson better on the road than at home; Bo Sparks back to full health (TD on fewer than 25 snaps last week); 112 points in the past two weeks; Texas State's pass-defense numbers come against Arch Manning, McCown and Travian Jackson; forecast high 70s, no wind.",STAT_CITED,TRUE,Texas State could score 45; wins by 10 to 14 (Duck: '38-28 still gets you home'),"Full-game spread, acceptable 'up to the verge of a full touchdown' (whether -7 itself is included was not stated)",Calabrese downgrades Texas State on the road himself (its defense was 'ghastly on the road last season'); Cover 3's Bud Elliott sprinkles San Diego State ML +270 as a bounce-back.,OBSERVED,"SDSU's backs play and run well, or Denigal completes 60% or more against the blitz; Texas State wins by 4 or fewer or loses.",falsifier
W05-006,FULL,San José State and Hawai'i combine for 51 or fewer.,"Neither offense creates explosive plays -> both must string together long drives -> drives stall in the red zone and end in field goals -> a slow, feeling-out rivalry game stays in the 40s.","Hawaii 116th in offensive explosiveness and 132nd in pass-play explosives; Micah Alohado 60% completions, 5.6 yards per attempt, 3 passing TD, sacked 11 times; Hawaii 11 scores on 16 red-zone trips, 7 touchdowns; SJSU's secondary 8th in pass-play explosives allowed and 3 passing TD allowed in three weeks; SJSU 101st in pass-play explosives, 6 red-zone TD on 9 trips, only 5 trips in the last three weeks; the last three meetings in Hawaii averaged 41 points; Jabari Bates 22 carries per game over the last three (Calabrese).",STAT_CITED,TRUE,Expects the market to close 49.5; recent series average 41,Full-game under while it sits above the key number of 51,"Duck's own point cuts both ways: San José State should run well against a depleted Hawaii front, and long drives can end in touchdowns as easily as field goals; 10-15 mph wind is not enough to take kicking away.",CONSTRUCTED,"Either red-zone offense converts touchdowns at a high rate, or Hawaii finds a downfield passing game; total 52 or more.",counter_case|falsifier
W05-007,FULL,Marshall stays within 18 at James Madison.,The market overreacted to Marshall's near-loss to Gardner-Webb (a look-ahead spot) and JMU's flattering 46-20 win -> a healthy Del Rio-Wilson gives Marshall a balanced offense that can score 24 -> JMU would have to score more than six touchdowns ('north of 42') to cover.,"Del Rio-Wilson 386 passing yards, 48 rushing, 3 TD last week; Marshall would have run away from Middle Tennessee had he played the whole game (7 of 8 before he got hurt); JMU's 46-20 over Old Dominion came against a backup QB with multiple short fields; Duck adds that JMU's metrics are aided by an 87-3 win over FCS Wagner, a San Diego State team 'that doesn't have an offense' and a Liberty team 'still working the kinks out'; Brad Lambert back as Marshall's coordinator blending a 3-3-5; Marshall pounded at Penn State in a paycheck game.",STAT_CITED,FALSE,Marshall +14 fair ('closer to two touchdowns'); Duck 13.5; 'Give me 24 points Marshall offense and force James Madison to go north of 42',"Full-game spread 'beyond the key number of 17, clearly clearing that 18 and a half'",BBOC's Colin Wilson laid James Madison -15.5 on Sunday; Duck concedes Marshall has 'looked about as bad as you could possibly envision'.,OBSERVED,Marshall scores under 17 or turns it over several times; James Madison wins by 19 or more.,falsifier
W05-008,FULL,Coastal Carolina beats Georgia Southern outright at home.,Georgia Southern's defense has collapsed and has no pass rush -> Deuce Bailey and five capable receivers hit explosives -> Coastal's red-zone defense forces field goals -> a 'save your season' home team beats a Georgia Southern side exhaling after three play-up spots.,"Georgia Southern allowing 6.6 yards per play over the last couple of weeks; two sacks in the last three weeks after six against Charleston Southern; Bailey 1,039 passing yards, 10 TD to 2 INT; Coastal led Delaware and Liberty in the first half; Coastal's red-zone defense 7 TD on 15 trips, 5 empty trips; Georgia Southern's run of play-up spots (Clemson, Jacksonville State, Houston) before JMU, ODU and a bye.",STAT_CITED,FALSE,"'Coastal Carolina wins this game, and I think they could win this game convincingly'",Home-dog moneyline as a parlay leg,Raised himself: 'Coastal is not a great football team'; Calabrese's own intro calls Coastal 'drawing dead' for bowl eligibility.,OBSERVED,Georgia Southern's pass rush gets home and Bailey turns it over; Coastal loses.,falsifier
W05-009,FULL,Eastern Michigan beats UMass outright.,"UMass's record rests on Rutgers and three weak opponents -> its metrics (top-25 pass defense, elite pass rush) are inflated -> Chris Creighton's teams win as MAC underdogs, and Noah Kim is good enough against MAC defenses to keep Eastern in it.","UMass beat Rutgers (75th in Bill Connelly's SP+ top 722), Sacramento State (153rd), Sacred Heart (257th) and Stonehill (335th); UMass already cashed its season win total over and is fourth in MAC futures at 8-1; Creighton third most profitable MAC coach ATS since 2014, covering nearly 59% as a dog with 27 outright upsets (tied fifth most in 12 seasons); Noah Kim last year against Miami, Western and Ohio: 8 TD passes, 1 rushing TD, 61% completions; strip out Wisconsin and Michigan State.",STAT_CITED,FALSE,No number; 'I have a feeling we're getting to the window',"Moneyline dog, parlayed with Coastal (+559 combined)",Raised himself: Pop Watson is 'the embodiment of everything that is awesome about G6 football' and UMass is the talk of the office.,OBSERVED,UMass's pass rush overwhelms Kim; Eastern Michigan loses.,falsifier
W05-010,FULL,Syracuse wins at UConn by 7 or more.,"Syracuse has played better than its 1-2 record -> UConn's coverage is among the worst in FBS and its pass rush is minimal -> Syracuse throws at will and wins the trenches -> a motivated, must-win Syracuse pulls away.","Syracuse blew the Cal game and was even with Pitt for three and a half quarters minus turnovers; UConn has allowed 300 passing yards and 400 total in every FBS game, including Southern Miss and Miami (OH); UConn's coverage grades among the worst in FBS per PFF; sacks and tackles for loss piling up against UConn's offense; motivation: last year Syracuse blew a multi-score fourth-quarter lead against UConn before winning in overtime, and Fran Brown made the Orange run gassers in full pads in front of the fans; 'They've talked about it this week in the locker room.'",STAT_CITED,FALSE,Syracuse by 14 to 17,Full-game spread,Calabrese (head-to-head): Syracuse's quarterback 'does not have it' and Fran Brown stuck with him over a backup who went 7 for 7; he avoids Jason Candle as a favorite but is 'interested in him as a dog here'.,OBSERVED,"Syracuse's passing game stalls or turnovers recur; margin 6 or fewer, or a UConn win.",falsifier
W05-011,FULL,UConn loses by 6 or fewer or beats Syracuse.,Quarterback is the one Syracuse position not playing better than its results -> Fran Brown kept the starter over a 7-for-7 backup -> he avoids Jason Candle as a favorite but is 'interested in him as a dog here' -> UConn keeps it within a touchdown.,"The Syracuse starter 'does not have it'; the backup went 7 for 7 in the last game and Brown is sticking with the starter anyway; avoids Candle as a favorite, interested in him as a dog.",ROSTER,FALSE,no projection offered,Takes the points rather than the moneyline,Duck (head-to-head): UConn has allowed 300 passing yards in every FBS game and it is 'a must-win game for Syracuse' after last year's meeting (Syracuse blew a multi-score fourth-quarter lead before winning in overtime).,OBSERVED,Syracuse throws for 300-plus and wins by 7 or more.,falsifier
W05-012,FULL,Alabama and Mississippi State combine for 60 or more.,Taylor's deep passing and Mississippi State's tackle-breakers exploit an Alabama defense that tackles poorly -> Mississippi State scores; Mississippi State's pass defense and rush are bad and blitzing Keelan Russell is dangerous -> Alabama scores at its 48-per-game clip -> a trailing Mississippi State goes 'full NASCAR tempo' -> shootout.,"Taylor ninth in QBR; the only QB with 16-plus deep attempts, 7-plus deep TD and no interceptions; Mississippi State 114th in pass defense and 130th in pass rush (Austin Simmons threw for 295 and 3 TD on them); Russell 75% completions and the 11th-best clean-pocket passer rating per PFF, plus a 57-yard TD run against a Florida State blitz; Alabama 48 points per game (4th), 19 red-zone trips, 19 scores, 79% TD rate; Alabama 93rd in tackling, allowed 377 passing yards and 36 points to Florida State; Bothwell and Anthony Evans III top 15 in forced missed tackles at their positions; Lebby snaps every 23 seconds (top 10).",STAT_CITED,FALSE,'This could land in the 70s',Full-game total,Cover 3's Danny Kanell takes the first-half under 30.5: an 11 a.m. local kick and two young quarterbacks who have started slowly.,OBSERVED,"Alabama starts slowly again (its first drives against main opponents went interception, fumble, punt, punt, punt) and Mississippi State cannot run; total 59 or fewer.",falsifier
W05-013,FULL,Pitt and Virginia Tech combine for 55 or more.,"Both quarterbacks are good and Grunkemeyer can solve Narduzzi's defense for explosives -> Pitt also scores on the Hokies -> each team's scoring so far was suppressed by a game 'unpassable due to rain', so in normal conditions the game plays to about 57.5.",Pitt-UCF was played in rain bad enough to need a stationary/drone camera for most of the broadcast; Boston College-Virginia Tech the same last weekend; he projects 57.5 and calls it 'a really strong play to still be there this late in the week'.,SCHEME,TRUE,57.5 (3 points over the 54.5 he took),Full-game over,"BBOC's Colin Wilson takes the under: Virginia Tech and Pitt rank first and second nationally in defensive stuff rate and line yards, and Virginia Tech's offensive line is banged up.",OBSERVED,Both defenses own the line of scrimmage and the game sits in the 40s entering the fourth; total 54 or fewer.,falsifier
W05-014,FULL,Pitt loses by 3 or fewer or wins at Virginia Tech.,"Evenly matched teams -> Pitt's offense can turn it into a track meet -> Pitt has the better defensive front ('total defensive front... better') and Heintschel 'is going to get time to throw the ball' -> Pitt can 'keep it close', inside the hook.","Teams 'very evenly matched'; Mason Heintschel has not played well in Pitt's two P4 games, but one was a weather game and one 'just a bad game'; Pitt's offense can make it a track meet; Pitt has a better defensive line than the Hokies (a co-host, unlabeled, disputes this on air).",ASSERTION,FALSE,Close game; no number,Spread only while on the hook side of 3,"Danny Kanell (lock fight): Heintschel has not faced good pressure, Lane Stadium's first big ACC home game will be loud, and Virginia Tech had seven sacks last week (he concedes they came against Old Dominion, 'so the number's a little bit skewed').",OBSERVED,Virginia Tech's pass rush gets to Heintschel and Virginia Tech wins by 4 or more.,falsifier
W05-015,FULL,Virginia Tech beats Pitt by 3 or more at home.,Heintschel has not seen good pressure -> Virginia Tech's pass rush and the crowd at Lane in the first big ACC home game disrupt him -> Virginia Tech wins a top-25-caliber game by a field goal-plus.,"Virginia Tech had seven sacks last week (he concedes it came against Old Dominion, so the number is skewed); crowd noise at Lane; people may judge both teams off the Boston College and UCF games, but 'I think both of these teams are way better'; 'a top 25 matchup going toe to toe'.",STAT_CITED,FALSE,Close game won by Virginia Tech,"Spread; wanted -3, took -2.5 when two-and-a-halves appeared",Tom Fornelli (lock fight): evenly matched and Pitt's defensive line is better; BBOC's Stucky leans Pitt moneyline because Virginia Tech will not throw deep against Narduzzi's quarters.,OBSERVED,Heintschel handles the pressure without turnovers; Virginia Tech wins by 2 or fewer or loses.,falsifier
W05-016,FULL,Northwestern scores 22 or fewer against Penn State.,"Northwestern 'emptied the clip' against Indiana -> its new wrinkles are on film -> Matt Campbell's defense prepares for them -> with Penn State's offense limited too, a low-scoring game keeps Northwestern under 23.","No faith in Penn State's offense with its quarterback situation, but Campbell will have the defense ready; expects a low-scoring game; Northwestern's second-leading receiver doubtful (added by Chip).",SCHEME,TRUE,Low-scoring game,Team total under preferred 'slightly more' than the full-game under,Danny Kanell: Northwestern's quarterback is the better one in the game (Aidan Chiles outplayed Josh Hoover last week) and Chip Kelly 'might have a few more tricks up his sleeve'.,OBSERVED,Northwestern scores 23 or more.,falsifier
W05-017,FULL,Northwestern loses by 2 or fewer or beats Penn State at home.,"Penn State's vibes are bad after losing to Wisconsin (players chewed out by fans, panic about Matt Campbell) -> Northwestern opens its new stadium believing, after an Indiana game 'much closer than we thought' and a 41-7 win over Colorado -> the better quarterback and Chip Kelly's tricks keep a lower-scoring game close.",Penn State lost to Wisconsin and was chewed out by its own fans in the tunnel; Northwestern's Indiana game was 'much closer than we thought'; Northwestern beat Colorado 41-7; Aidan Chiles outplayed Josh Hoover last week; Wisconsin showed it can be done 'in their own house'.,MOTIVATION,FALSE,Lower-scoring game; no winner stated (Braun has them 'believing they can win this game'),Spread at +3,Bud Elliott takes the Northwestern team total under 22.5: Northwestern emptied its playbook last week and Campbell will be ready.,OBSERVED,Penn State's offense functions without turnovers and wins by 4 or more (3 pushes).,falsifier
W05-018,FULL,Alabama and Mississippi State combine for 61 or more.,"If Mississippi State competes, it does so in a higher-scoring game -> both teams have played in high-scoring games and have two awesome quarterbacks -> the over is the script for any competitive game.",Alabama 'a very profitable over team' this season; Mississippi State's over is 2-2 but its over margin per game is top 15 nationally (as stated); 'two awesome quarterbacks'.,BASE_RATE,FALSE,High-scoring; no number,Full-game total at the best 60 available,"Danny Kanell's first-half under 30.5 (early kick, slow-starting young quarterbacks); an unlabeled host (possibly Danny, whose first-half under follows in the same breath) leans Alabama and the under, 'not really lock level'.",OBSERVED,Both defenses win early downs and the game sits in the 40s entering the fourth; total 60 or fewer (60 pushes).,falsifier
W05-019,FULL,Alabama and Mississippi State score 30 or fewer combined in the first half.,An 11 a.m. local kick makes teams sluggish -> both young quarterbacks have needed time to settle in -> defenses arrive with plans to contain them -> a slow first half before the game 'gets loose later'.,Keelan Russell took a while to settle against Kentucky and Florida State; Kamario Taylor started slowly at South Carolina (as stated); early kick; both defenses will have plans.,ASSERTION,FALSE,The game 'could get loose later',First-half under rather than the full game because he expects the game to open up after halftime,"Chip Patterson and BBOC's Mike Calabrese take the full-game over (60, 59.5): two awesome quarterbacks and explosive offenses.",OBSERVED,Either team scores touchdowns on two of its first three drives; first half 31 or more.,falsifier
W05-020,FULL,Alabama wins at Mississippi State by 6 or more.,Mississippi State has ridden a hot streak and is now 'too hyped' -> Fluff Bothwell looked banged up after Missouri -> Alabama 'owns' the series and covers.,"Mississippi State would have covered this line exactly three times since 2000, two of them in 2006-07 (bad Alabama years); Bothwell looked banged up at the end of the Missouri game.",BASE_RATE,TRUE,no projection offered,Full-game spread,BBOC's Colin Wilson takes Mississippi State +6 (he makes it Alabama -5): Alabama cannot tackle in space and has started slowly.,OBSERVED,Mississippi State's run game works with a healthy Bothwell; Alabama wins by 5 or fewer or loses.,falsifier
W05-021,FULL,Georgia leads Vanderbilt by 15 or more at halftime.,Georgia has something prepared for Jared Curtis -> Vanderbilt struggles early -> Georgia builds a big first-half lead.,Only a Jared Curtis reference ('they know they're going to have something for Curtis apparently'); the rest is garbled in the transcript.,ASSERTION,TRUE,no projection offered,First-half spread,"Vanderbilt will try to shorten the game (BBOC's Stucky), which compresses first-half margins; if Curtis sits, the backup may simply hand off and burn clock.",CONSTRUCTED,Georgia leads by 14 or fewer at halftime.,mechanism|counter_case|falsifier
W05-022,FULL,Notre Dame and North Carolina score 24 or fewer combined in the first half.,"North Carolina's defensive line can resist early -> North Carolina's offense finds little against Notre Dame's defense, the strongest unit -> CJ Carr needs time to warm up -> a slow first half before Notre Dame breaks loose after halftime.","North Carolina's defensive line and defense have performed well; no faith in North Carolina's offense; Notre Dame's identity 'very much in flux' against quality competition; a co-host (unlabeled): 'the last time they faced Petrino, it was not good for Bobby's offense last year in Arkansas'.",ASSERTION,FALSE,"No projection offered ('21, three gets me' is an example half that still cashes; speaker unlabeled)",First half rather than the full game: if Notre Dame breaks loose after halftime it could threaten 47.5 alone,No standing objection on air: a co-host's 'Don't hate the idea. Don't like the number' came from misreading the line as 20.5 and was withdrawn ('Cool. I like it now'). Constructed: CJ Carr and Notre Dame's offense could start fast against a North Carolina defense untested at this level.,CONSTRUCTED,Notre Dame scores on two of its first three drives or North Carolina schemes early explosives; first half 25 or more.,counter_case|falsifier
W05-023,FULL,Ohio State and Iowa combine for 45 or fewer.,Iowa has an identity at home and Phil Parker will have a plan for Jeremiah Smith -> Iowa keeps the game low-scoring -> even an Ohio State blowout of the 35-7 type stays under.,Iowa tough to beat at home; Iowa 'has an identity now'; Parker will plan to contain Jeremiah Smith; wants to see whether Iowa can make Julian Sayin uncomfortable.,ASSERTION,FALSE,Ohio State could win 35-7 and the under still cashes,"Total rather than the side, as 'protection from the blowout'","Tom Fornelli (lock fight): Ohio State's defense is vulnerable against the run, Iowa's defense is below its usual level (two Michigan receivers over 100 yards last week), and a 45.5 total in an Ohio State game is rare.",OBSERVED,Iowa moves the ball against Ohio State's soft run defense while Smith hits explosives; total 46 or more.,falsifier
W05-024,FULL,Ohio State and Iowa combine for 46 or more.,"Ohio State's defensive line is not stopping the run -> Iowa moves the ball some; Iowa's defense, with secondary injuries, cannot stop Jeremiah Smith after letting two Michigan receivers go over 100 yards -> scoring on both sides clears a low total.","Ohio State's defense 'has not been great', vulnerable on the defensive line against the run; Iowa's defense below its usual standard; Bryce Underwood's best game of the season against Iowa, with Andrew Marsh and JJ Buchanan both over 100 yards; injuries in Iowa's secondary; Iowa's early opponents were not good offenses; a 45.5 total in an Ohio State game is rare.",STAT_CITED,FALSE,no projection offered,Full-game over,Danny Kanell (lock fight): Iowa's home identity and Parker's plan keep it low.,OBSERVED,Iowa cannot run on Ohio State and the score looks like 31-7; total 45 or fewer.,falsifier
W05-025,FULL,Ohio State leads Iowa by 8 or more at halftime.,Iowa's win last week was luck-driven -> Ohio State is probably the best team in the country -> Ohio State shuts Iowa down from the first snap and leads by more than a touchdown at the half.,"Iowa was 'extremely lucky to hit any of their explosive plays' last week, plus a kickoff return ('not really something you can count on each week'); Ohio State probably No. 1 or close; Iowa not in his top 25 power rating.",ASSERTION,FALSE,No number; 'I think they come out and smoke them',Instrument named explicitly; no alternative discussed,Danny Kanell: Iowa is tough at home and Parker will have a plan for Jeremiah Smith.,OBSERVED,Iowa's defense holds Ohio State under 14 in the first half; lead 7 or fewer at halftime.,falsifier
W05-026,FULL,Missouri loses by 5 or fewer or beats Florida at home.,"An 'overreaction' line ('Why aren't they a touchdown underdog? Missouri just lost to Mississippi State on the road'): 'time to sell some of your Gator stock' -> SEC parity makes it 'a tough, tricky game' for Florida -> Austin Simmons 'can catch some big plays', and Missouri has to get off the field against Jaden Baugh to keep it close.",Missouri just lost at Mississippi State; parity inside the SEC 'including with the Florida Gators'; Simmons can hit big plays; Aaron Philo on the road again for Florida.,ASSERTION,FALSE,"A 'tough, tricky game' for Florida",Spread at +5.5,"Tom Fornelli: Missouri's average touchdown drive is 44 yards (11 of 17 TD drives were 50 yards or shorter), so it cannot keep up; Chip: Drinkwitz is winless against SEC teams that finish with a winning conference record and Missouri is 1-3 ATS.",OBSERVED,Florida scores on most possessions while Missouri needs short fields; Florida wins by 6 or more.,falsifier
W05-027,FULL,Florida beats Missouri by 5 or more.,"Missouri scores mostly off short fields -> against a Florida offense few defenses can stop, Missouri cannot keep pace on long fields -> Florida wins by 5 or more.","Missouri's track record in these games over two years; Missouri's average touchdown drive 44 yards: 17 TD drives, 11 of 50 yards or fewer, only three over 70; few defenses in the country could stop Florida right now; Simmons and the receivers will move the ball, so Missouri will not be blown out.",STAT_CITED,FALSE,Missouri competitive but beaten,Spread at -4.5,"Danny Kanell (lock fight): 'time to sell some of your Gator stock', an 'overreaction' line, SEC parity. BBOC's Stucky (Missouri +5.5): Drinkwitz is 10-4 ATS as a conference home dog and Florida is in a letdown spot without receiver Vernell Brown.",OBSERVED,Missouri sustains long drives (two or more touchdown drives of 70-plus yards) or Florida turns it over; Florida wins by 4 or fewer or loses.,falsifier
W05-028,FULL,Florida beats Missouri by 5 or more.,"Missouri beats teams below it and loses to teams above it -> Florida is a team that will finish with a winning SEC record -> Missouri, already missing numbers by almost six a game, does not cover.","Drinkwitz has yet to beat an SEC opponent that finished with a winning SEC record (0-16, stated on air; speaker unlabeled); Missouri 1-3 ATS, 109th in cover margin, missing the number by about 5.75 points per game.",BASE_RATE,FALSE,Florida by a touchdown,Spread at -4.5,"Danny Kanell (lock fight): an 'overreaction' line, 'time to sell some of your Gator stock'; a host (unlabeled): 'if you're bad enough to lose to Missouri, how are you expected to finish with a winning record in the SEC?', so the stat partly describes itself.",OBSERVED,Missouri wins or loses by 4 or fewer.,falsifier
W05-029,FULL,Miami and Clemson combine for 47 or fewer.,Clemson's offense struggles to score even in good weather -> Miami's defense stops it -> a wet ball from the hurricane remnants limits Darian Mensah's explosive passing -> low-scoring game.,Remnants of the hurricane crossing the country; Clemson 'have not figured out things by any means' on offense; Miami should stop them; a slippery ball could cut Miami's explosiveness; injuries mounting.,ASSERTION,TRUE,A lower-scoring game,Full-game under,"Tom Fornelli, on the same play, concedes Miami could 'completely blow the doors off' and get there alone; another host (unlabeled), who would play the Clemson team total under 15.5 'but not a lock', worries that 'Reynolds is that bad that he could throw a lot of turnovers to Miami'.",OBSERVED,Miami's passing game is unaffected by the conditions and Miami scores 35-plus; total 48 or more (48 pushes).,falsifier
W05-030,FULL,Miami and Clemson combine for 47 or fewer.,"Clemson's pass defense is the one strength it can hang its hat on -> Miami, with nicks on both sides, is less explosive -> Dabo kicks field goals whenever he gets close -> scoring stays down.",Ashton Hampton projects as an NFL player; key Clemson defensive backs came from the transfer portal; Miami has nicks and bruises on both sides of the ball; 'Big game Dabo' does not go for it on fourth down from anywhere in plus territory; the play 'fits a lot of systems' before weather.,ROSTER,FALSE,no projection offered,Full-game under,Tom Fornelli: Miami could blow the doors off Clemson and score it alone.,OBSERVED,Miami's passing attack beats Clemson's secondary for multiple explosives; total 48 or more.,falsifier
W05-031,FULL,Miami and Clemson combine for 47 or fewer.,Clemson may do nothing on offense -> the weather depresses scoring a little -> even a Miami blowout stays under 48.,Miami could blow the doors off while Clemson does nothing; weather will 'depress the scoring in the game just a little bit'.,ASSERTION,TRUE,no projection offered,Full-game under because no Clemson team-total number appealed,Raised himself: Miami could score enough to beat the total on its own.,OBSERVED,Miami scores 40 or more; total 49 or more (48 pushes).,falsifier
W05-032,FULL,Navy and Air Force combine for 46 or more.,"Both defenses are bad -> familiarity and pace notwithstanding, both offenses hit explosive plays -> scoring beats a low service-academy total.",'Both these defenses are cheeks'; 'I think they'll both hit explosive plays'; acknowledges they know each other ('I know like the pace is whatever').,ASSERTION,FALSE,no projection offered,Full-game over against the service-academy under trend,Tom Fornelli (lock fight) plays 'the principle of the service academy under' (the show's sounder: 40-9-1 since 2005; 'We don't even bother updating the sounder').,OBSERVED,Both teams grind long drives that end in punts or field goals; total 45 or fewer.,falsifier
W05-033,FULL,Navy and Air Force combine for 46 or fewer.,Service-academy games are historically low-scoring -> the trend holds.,The service-academy under is 40-9-1 since 2005 (the show's sounder; Tom invokes 'the principle of the service academy under').,BASE_RATE,FALSE,no projection offered,Full-game under at 46.5,Bud Elliott (lock fight): both defenses are bad and both offenses will hit explosives; BBOC's Colin Wilson sees big line-yard and stuff-rate edges for both offenses.,OBSERVED,Each offense scores three or more touchdowns; total 47 or more.,mechanism|falsifier
W05-034,FULL,Georgia State beats Old Dominion by 3 or more.,"Georgia State was 1-11 and 2-10 ATS last year, so it is easy to sell -> the market has not caught up to its year-over-year improvement (it runs the ball well) -> ODU's inefficient deep-shot offense, coming off Virginia Tech and JMU back to back, loses by a touchdown.",Georgia State 1-11 straight up and 2-10 ATS last year; ODU had a rough couple of weeks against Virginia Tech (seven sacks) and JMU; ODU 'very willing to throw it 30 yards down the field but not all that efficient'; Georgia State running the ball pretty effectively; 'Sun Belt good'.,MARKET,FALSE,Georgia State by a touchdown 'if they are as improved as I think they are',Spread at -2.5,"Not raised on air. The improvement is a small sample, and a deep-shot offense like ODU's can swing a short number with one or two connections.",CONSTRUCTED,ODU's downfield passing hits multiple explosives; Georgia State wins by 2 or fewer or loses.,counter_case|falsifier
W05-035,FULL,Georgia State beats Old Dominion by 3 or more.,The market has not caught on to Georgia State's improvement -> Georgia State wins comfortably.,'I don't think the market's caught on to what Georgia State has done.',MARKET,FALSE,no projection offered,Spread at -2.5,"Not raised on air. The improvement is a small sample, and ODU's deep passing can swing a short number.",CONSTRUCTED,Georgia State wins by 2 or fewer or loses.,mechanism|counter_case|falsifier
W05-036,FULL,"Maryland loses at Nebraska by 14 or fewer, or wins.","The line prices Maryland as a team that has quit -> if Maryland is still competing, his number is below 15 ('I can't get to this number') -> a coin flip on effort with value on the 'not quit' side.","'Priced as if Maryland has quit'; if not, 'I can't get to this number'; Nebraska off a big conference road win with Indiana next (mentioned, discounted).",MARKET,FALSE,Fair if Maryland has quit; value if not,"Spread at +15, plus a +547 moneyline sprinkle","Raised himself: if Maryland has quit, the line is fair.",OBSERVED,Maryland's offense cannot move the ball and Nebraska wins by 16 or more.,falsifier
W05-037,FULL,Michigan State scores 16 or fewer at Wisconsin.,Wisconsin's defense has improved each week -> Michigan State's offense is getting worse with K.M. Edwards out for the year -> Wisconsin stacks a second good week and Michigan State stays under 17.,Wisconsin's defense improving week to week (Notre Dame's early points aside); K.M. Edwards out for the year (from the reaction pod); Wisconsin coming off its win at Penn State.,ROSTER,TRUE,no projection offered,Team total under rather than a side,Co-host: 'the Colton Joseph of it all. That he leads to easy points for Sparty'.,OBSERVED,"Michigan State scores 17 or more, often off Wisconsin turnovers.",falsifier
W05-038,FULL,Arizona State beats Baylor by 5 or more.,Arizona State had a longer break after its London trip and has settled -> DJ Lagway is turnover-prone -> Arizona State forces mistakes and wins by more than 4.,ASU had a longer break coming back from London; not convinced Lagway is the answer; a couple of Lagway interceptions almost cost Baylor the cover last week.,ROSTER,FALSE,no projection offered,Spread at -4,Not raised on air. Baylor beat and covered against Colorado last week with Lagway; a turnover-free Lagway game removes the thesis.,CONSTRUCTED,Lagway plays turnover-free football; Arizona State wins by 3 or fewer or loses (4 pushes).,counter_case|falsifier
W05-039,FULL,Arizona beats Cincinnati by 7 or more.,"Cincinnati has trailed early in its wins -> Arizona, with Fifita still very good and a strong run defense, will not let it come back -> Arizona covers a touchdown.","Cincinnati came back from 28-7 against Miami (OH) and 10-0 against Kansas State; Noah Fifita 'still really good'; Cincinnati runs the ball well but has not faced a run defense like Arizona's, strong against the run last year and this year.",STAT_CITED,FALSE,no projection offered,"Spread; wanted 7, took 6.5","BBOC's Colin Wilson (Cincinnati): Cincinnati is top 10 in rush EPA with heavy outside zone, Arizona's defense loses 12 points of success rate against outside zone and is 117th in opponent EPA on passing downs; Chip Patterson calls the game 'more of a coin flip' (Cincinnati ML).",OBSERVED,Cincinnati's outside-zone run game works and it leads or stays within a touchdown; Arizona wins by 6 or fewer or loses.,falsifier
W05-040,FULL,USC beats Washington by 10 or more.,"USC lost to Oregon and reasserts itself against an overrated brand, as LSU did last week -> Washington is reeling on offense -> USC's defense gets well, Jayden Maiava produces and Lincoln Riley runs it up for his fan base.",LSU's bounce-back over Texas A&M after losing to Ole Miss as the template; Washington 'reeling somewhat trying to figure things out offensively'; trusts Maiava; Riley needs to get back on track with the fan base.,MOTIVATION,FALSE,'They could even run it up',"Spread, only under 10",Chip Patterson sprinkles Washington ML +325: 'get up off the mat and beat USC in the Coliseum'.,OBSERVED,Washington's scramble-driven offense keeps it within 9.,falsifier
W05-041,FULL,USC beats Washington by 10 or more.,The reaction to USC losing to Oregon was too dramatic -> Washington's offense has been bad all year with no one coming back to fix it -> USC handles them.,USC 'can't beat Oregon' but can handle Washington; Washington's offense 'sad all year long'; no injured starter returning to change it.,ASSERTION,FALSE,no projection offered,Spread at -9.5,Chip Patterson sprinkles Washington ML +325.,OBSERVED,USC wins by 9 or fewer or loses.,mechanism|falsifier
W05-042,FULL,Michigan beats Minnesota by 6 or more.,"Michigan's loss to Iowa was one of the most flukish of the season -> Michigan plays to its expected level -> credit to Minnesota for winning on the road, 'but Washington looks awful' -> Michigan covers 5.",Michigan's offense 'much improved'; Connelly had Michigan at a 93% win expectancy in the Iowa loss; Minnesota's win came against a Washington team that 'looks awful'.,STAT_CITED,FALSE,no projection offered,Spread; shopped from 5.5 to 5,Danny Kanell sprinkles Minnesota ML +199.,OBSERVED,Minnesota controls the game on the ground; Michigan wins by 4 or fewer or loses (5 pushes).,falsifier
W05-043,FULL,Michigan beats Minnesota by 6 or more.,"Michigan is much better than its loss indicates -> Michigan's defense is 'by far the best defense Minnesota has played' (possibly a co-host's interjection, answered 'Yes.' [INF]) -> it takes away what Minnesota does well and forces it to do what it does not.","Minnesota's win 'said far more about Washington'; 'by far the best defense Minnesota has played' (possibly a co-host's interjection, answered 'Yes.' [INF]).",ASSERTION,FALSE,no projection offered,Spread at -5,A co-host: Michigan has to prove it away from Ann Arbor with this staff; Danny Kanell sprinkles Minnesota ML +199.,OBSERVED,Minnesota's offense moves the ball; Michigan wins by 5 or fewer or loses.,falsifier
W05-044,FULL,BYU wins at TCU by 7 or more.,BYU is an early-season machine -> it comes off a bye while TCU lost and threw picks at UCF -> BYU covers (he cites last year's 44-13 BYU win in Provo).,"BYU 19-0 in games between August and October since 2024; 3-0 ATS this year; covered eight straight when Bear Bachmeier starts, averaging 39 points; BYU off a bye; TCU threw picks in a loss at UCF; last year BYU won 44-13 in Provo, one of Bachmeier's best games.",BASE_RATE,FALSE,no projection offered,Spread at -6.5,"Bud Elliott (lock fight): 'I don't think TCU's run defense is terr[ible]' and 'I don't trust BYU to drop back and pass in obvious passing situations'; both 'will play a slow tempo game', so 'six and a half points to me is a decent bit here'.",OBSERVED,BYU's passing game stalls on third downs and TCU stays within a touchdown.,falsifier
W05-045,FULL,TCU loses by 6 or fewer or wins.,TCU's run defense is not terrible and Bud does not trust BYU to drop back and pass on obvious passing downs -> both teams play slow -> fewer possessions make 7 points worth more.,TCU's run defense is not terrible; he does not trust BYU to drop back and pass in obvious passing situations; both teams play a slow tempo.,SCHEME,FALSE,no projection offered,Spread at 7 (shopped from 6.5),"Producer: BYU is 19-0 from August to October since 2024, has covered eight straight with Bachmeier, and comes off a bye.",OBSERVED,BYU runs on TCU's defense and wins by 8 or more.,falsifier
W05-046,FULL,BYU and TCU combine for 47 or fewer.,"TCU's run defense limits BYU -> TCU's offense struggles -> both teams play slow, and any weather in the Metroplex makes it sloppy -> low total.",Ties the read to Bud's breakdown; TCU's run defense pretty good; TCU's offense 'a big time struggle'; possible conditions in the Metroplex; both teams playing slow.,ASSERTION,TRUE,no projection offered,"Full-game under, upgraded from 47.5 to 48",Not raised on air. The producer's own numbers cut against it: BYU averages 39 points in Bachmeier starts and won last year's meeting 44-13.,CONSTRUCTED,BYU scores 35 or more; total 48 or more.,counter_case|falsifier
W05-047,FULL,BYU and TCU combine for 47 or fewer.,"Neither offense is trustworthy -> a slow, low-scoring game stays under.",'I don't trust either one of these offenses all that much in this game.',ASSERTION,FALSE,no projection offered,Full-game under at 48,Producer: BYU averages 39 points in Bachmeier starts and won last year's meeting 44-13.,OBSERVED,Total 48 or more.,mechanism|falsifier
W05-048,FULL,Stanford and Wake Forest combine for 54 or more.,"Stanford's offense (Davis Warren) showed life in its Georgia Tech comeback -> Wake's defense has names on the availability report -> Wake's offense (Gio Lopez, Carlos Hernandez) is buzzing -> over 60 minutes both teams score.",Stanford roared back against Georgia Tech; his Davis Warren praise 'still stands'; names on Wake's defensive availability report worth monitoring; Wake's defense created problems for Louisville; Gio Lopez and Carlos Hernandez have Wake's offense 'absolutely buzzing'.,ROSTER,TRUE,no projection offered,Full-game over at 53.5,"Raised himself: Stanford may start slowly after a late Week 4 game, 'coming over here and playing out here at a legacy stadium in Winston Salem'.",OBSERVED,Stanford's offense stalls on the road and Wake wins a low-scoring game; total 53 or fewer.,falsifier
W05-049,FULL,Purdue and Illinois combine for 62 or more.,"Illinois fired its new defensive coordinator with six days to prepare -> the defense stays a mess -> Purdue, feisty against non-elite defenses, scores; Illinois' very good offense faces a Purdue defense that is worse still -> a 70-point game.","Illinois fired the new DC it brought in with a new system and staff, after four games, between games, with six days to prepare; Purdue 'pretty feisty' on offense when not facing an elite defense like Notre Dame; Purdue's explosive-play rate allowed 'at like 18%' (stated as uncertain).",ROSTER,FALSE,'There's going to be 70',"Full-game over, plus a Purdue +320 moneyline","Not raised on air. A midseason coordinator change can produce a simplified, sounder defense in the short term.",CONSTRUCTED,Illinois' defense holds Purdue under 20; total 61 or fewer.,counter_case|falsifier
W05-050,FULL,Wyoming and North Dakota State combine for 45 or fewer.,"Wyoming poses little threat to North Dakota State's defense -> North Dakota State wants to be physical and run -> a clock-heavy, low-scoring game in a dome.",Wyoming does not pose a great threat offensively against North Dakota State's defense; North Dakota State has 'signaled they want to be mean and they want to run that football'.,ASSERTION,FALSE,Low-scoring,"Full game rather than the Wyoming team total, for more ways to win","Not raised on air. North Dakota State is a 17.5-point favorite (DraftKings, 2 Oct pull; not said on air) and could score 35-plus on its own against a weak Wyoming team.",CONSTRUCTED,North Dakota State scores 35 or more; total 46 or more.,counter_case|falsifier
W05-051,FULL,California loses by 2 or fewer or wins at UNLV.,Cal's record is worse than its football (it beat itself) -> UNLV has been unimpressive all season -> Cal covers on the road.,Cal's underlying metrics relative to UNLV 'weren't awful'; Cal won on the road at Syracuse; UNLV lost at home to Memphis on 29 Aug; she has faded UNLV in multiple ways all season.,ASSERTION,FALSE,no projection offered,Spread at +2.5,"Not raised on air. UNLV beat Akron easily last week (per BBOC's Stucky), its one recent sign of form.",CONSTRUCTED,UNLV wins by 3 or more.,counter_case|falsifier
W05-052,FULL,Hawai'i beats San José State at home by more than 3.,Hawaii's home and road splits are extreme -> San José State has played ugly football -> back Hawaii on the islands.,Hawaii +13 point differential at home vs -10 on the road; allows about 20 points per game at home vs about 30 on the road; San José State beat its FCS opponent by about 10 as a roughly 20-point favorite.,STAT_CITED,FALSE,no projection offered,Market not named; logged as the spread,"BBOC's Duck (under 51.5, best bet): Hawaii's offense is 116th in explosiveness, Alohado is battered, and its defensive front is banged up.",OBSERVED,Hawaii's offense stays inefficient and it wins by 3 or fewer or loses.,instrument_rationale|falsifier
W05-053,FULL,Temple and South Florida combine for 48 or fewer.,His own numbers put the total below 48.5 -> not a high-scoring game.,'Just don't feel like that's going to be a high scoring game. My numbers say that's a little too high.',ASSERTION,FALSE,His number is below 48.5; plays it 'as long as it's over 45',Full-game under at any number over 45,"Chip, right after the pick ('monitoring'; small sample): 'USF has had very strong second halves this season. Their third quarter margin and their second half margin. Very good.'",OBSERVED,Total 49 or more.,mechanism|falsifier
W05-054,COMPRESSED,Arkansas beats Texas A&M outright.,Arkansas beats Texas A&M outright.,"None offered beyond the bit ('It can't get worse, right?' 'Hell, yeah, it can get worse').",NONE,FALSE,no projection offered,Moneyline sprinkle,"BBOC's Stucky lays Texas A&M -13.5 (A&M 'flexes' after being buried; Arkansas cannot defend mobile quarterbacks); BBOC's Colin Wilson, an Arkansas fan: Arkansas is dead last in rush EPA.",OBSERVED,Arkansas does not win outright.,depth|mechanism_restates_thesis|falsifier
W05-055,COMPRESSED,Washington beats USC outright in the Coliseum.,Washington beats USC outright in the Coliseum.,None offered beyond 'get up off the mat'.,NONE,FALSE,no projection offered,Moneyline sprinkle,Danny Kanell and Tom Fornelli lay USC -9.5; BBOC's Colin Wilson has USC -9 and a USC team total over 34.5.,OBSERVED,Washington does not win outright.,depth|mechanism_restates_thesis|falsifier
W05-056,COMPRESSED,Cincinnati beats Arizona outright.,Cincinnati's offensive line can get its offense going -> Arizona's defense is ordinary -> a game closer to a coin flip than the price.,Cincinnati is not 'awesome' but the game is more of a coin flip than the price says; Cincinnati's offensive line is pretty good; concedes Noah Fifita could be tough to stop; Arizona's defense 'not world beaters to my eyes'.,ASSERTION,FALSE,no projection offered,Moneyline sprinkle,Danny Kanell lays Arizona -6.5 (Cincinnati's comebacks will not work against Arizona); BBOC's Stucky lays Arizona -7 ('the most fraudulent 4-0').,OBSERVED,Cincinnati does not win outright.,depth|falsifier
W05-057,COMPRESSED,California beats UNLV outright.,California beats UNLV outright.,'I just can't quit them.',NONE,FALSE,no projection offered,Moneyline sprinkle,Not raised on air. At +120 the price implies about 45% (vig included); the market makes California the underdog.,CONSTRUCTED,California does not win outright.,depth|mechanism_restates_thesis|counter_case|falsifier
W05-058,COMPRESSED,San Diego State beats Texas State outright.,San Diego State beats Texas State outright.,"'Little bounce back opportunity there'; asked 'With the mumps?', he answered 'We'll see.'",MOTIVATION,FALSE,no projection offered,Moneyline sprinkle,"BBOC's Mike Calabrese (Texas State -4.5, his best bet) and Colin Wilson (Texas State in the overdog parlay): San Diego State cannot run or pass; the BBOC preview adds a mumps outbreak with multiple starters out.",OBSERVED,San Diego State does not win outright.,depth|mechanism_restates_thesis|falsifier
W05-059,COMPRESSED,Rice beats UTSA outright.,Rice beats UTSA outright.,UTSA 'away from the dome' (its home-road split).,ASSERTION,FALSE,no projection offered,Moneyline sprinkle,BBOC's Duck lays UTSA -11.5: Rice's quarterback is hobbled and UTSA won last year's meeting 61-13.,OBSERVED,Rice does not win outright.,depth|mechanism_restates_thesis|falsifier
W05-060,COMPRESSED,Coastal Carolina beats Georgia Southern outright.,Coastal Carolina beats Georgia Southern outright.,'There's a shot there'; 'high variance team'.,ASSERTION,FALSE,no projection offered,Moneyline sprinkle,Not raised on air. At +127 the price implies about 44% (vig included); the market makes Coastal Carolina the underdog.,CONSTRUCTED,Coastal Carolina does not win outright.,depth|mechanism_restates_thesis|counter_case|falsifier
W05-061,COMPRESSED,Bowling Green beats Miami (OH) outright.,Bowling Green beats Miami (OH) outright.,None offered ('Whatever. I don't care. It's time to sicko mode.').,NONE,FALSE,no projection offered,Moneyline sprinkle,Not raised on air. At +475 the price implies about 17% (vig included); the market makes Bowling Green the underdog.,CONSTRUCTED,Bowling Green does not win outright.,depth|mechanism_restates_thesis|counter_case|falsifier
W05-062,COMPRESSED,Stanford beats Wake Forest outright.,Stanford beats Wake Forest outright.,None offered ('Why not?').,NONE,FALSE,no projection offered,Moneyline sprinkle,Not raised on air. At +456 the price implies about 18% (vig included); the market makes Stanford the underdog.,CONSTRUCTED,Stanford does not win outright.,depth|mechanism_restates_thesis|counter_case|falsifier
W05-063,COMPRESSED,Maryland beats Nebraska outright.,Maryland beats Nebraska outright.,Same read as his Maryland +15: the line prices Maryland as a team that has quit.,MARKET,FALSE,no projection offered,Moneyline sprinkle,"Raised himself on the spread: if Maryland has quit, the price is fair.",OBSERVED,Maryland does not win outright.,depth|mechanism_restates_thesis|falsifier
W05-064,COMPRESSED,Middle Tennessee beats Kansas outright.,Middle Tennessee beats Kansas outright.,'I don't think Kansas should be that big of a favorite against anybody'; a co-host notes Kansas QB Isaiah Marshall 'can score for both teams'; Derek Mason talking confidently.,ASSERTION,FALSE,no projection offered,Moneyline sprinkle,Not raised on air. At +1000 the price implies about 9% (vig included); the market makes Middle Tennessee the underdog.,CONSTRUCTED,Middle Tennessee does not win outright.,depth|mechanism_restates_thesis|counter_case|falsifier
W05-065,COMPRESSED,Minnesota beats Michigan outright.,Minnesota beats Michigan outright.,None offered (read aloud by Chip from Danny's text).,NONE,FALSE,no projection offered,Moneyline sprinkle,Bud Elliott and Tom Fornelli lay Michigan -5: Michigan's Iowa loss was flukish (93% postgame win expectancy).,OBSERVED,Minnesota does not win outright.,depth|mechanism_restates_thesis|falsifier
W05-066,COMPRESSED,California beats UNLV outright.,California beats UNLV outright.,None offered (read aloud by Chip from Danny's text).,NONE,FALSE,no projection offered,Moneyline sprinkle,Not raised on air. At +120 the price implies about 45% (vig included); the market makes California the underdog.,CONSTRUCTED,California does not win outright.,depth|mechanism_restates_thesis|counter_case|falsifier
W05-067,COMPRESSED,Florida State beats Virginia outright.,Florida State beats Virginia outright.,None offered (read aloud by Chip: 'you guys are going to be shocked to learn this').,NONE,FALSE,no projection offered,Moneyline sprinkle,Not raised on air. At +125 the price implies about 44% (vig included); the market makes Florida State the underdog.,CONSTRUCTED,Florida State does not win outright.,depth|mechanism_restates_thesis|counter_case|falsifier
W05-068,COMPRESSED,Northwestern beats Penn State outright.,Northwestern beats Penn State outright.,'On Friday night in their new stadium.',MOTIVATION,FALSE,no projection offered,Moneyline sprinkle,Bud Elliott's Northwestern team total under 22.5 (Northwestern's playbook is on film).,OBSERVED,Northwestern does not win outright.,depth|mechanism_restates_thesis|falsifier
W05-069,COMPRESSED,Pitt beats Virginia Tech outright.,Pitt beats Virginia Tech outright.,"Another Friday night dog; see his Pitt +3.5 (evenly matched, Pitt's defensive line).",ASSERTION,FALSE,no projection offered,Moneyline sprinkle,Danny Kanell lays Virginia Tech -2.5: Heintschel has not faced pressure like this.,OBSERVED,Pittsburgh does not win outright.,depth|mechanism_restates_thesis|falsifier
W05-070,COMPRESSED,Navy beats Air Force outright.,Navy beats Air Force outright.,Does not trust Air Force enough to think it wins.,ASSERTION,FALSE,no projection offered,Moneyline sprinkle,Not raised on air. At +144 the price implies about 41% (vig included); the market makes Navy the underdog.,CONSTRUCTED,Navy does not win outright.,depth|mechanism_restates_thesis|counter_case|falsifier
W05-071,COMPRESSED,Purdue beats Illinois outright.,Purdue beats Illinois outright.,"Cannot trust Illinois' defense to let the Illini pull away ('let the line I pull away', ASR); 'I expect it will be close in the fourth quarter', and a one-score game entering the fourth at +320 is worth it ('how can you not?').",ASSERTION,FALSE,no projection offered,Moneyline sprinkle,Not raised on air. At +320 the price implies about 24% (vig included); the market makes Purdue the underdog.,CONSTRUCTED,Purdue does not win outright.,depth|mechanism_restates_thesis|counter_case|falsifier
W05-072,COMPRESSED,Tulsa covers or wins against North Texas.,None stated on air.,None offered beyond having the bet ('Some funky line movement').,NONE,FALSE,no projection offered,Market not named; logged as the spread,Stucky: 'I kind of like North Texas.',OBSERVED,North Texas wins by more than 3.,depth|mechanism|instrument_rationale|falsifier
W05-073,COMPRESSED,North Texas beats Tulsa by more than 3.,None stated on air.,"None offered ('I kind of like North Texas, so we'll see').",NONE,FALSE,no projection offered,Market not named; logged as the spread,Colin Wilson: 'We'll see how tonight goes with Tulsa' (read as a Tulsa position [INF]).,OBSERVED,North Texas wins by 3 or fewer or loses.,depth|mechanism|instrument_rationale|falsifier
W05-074,FULL,Mississippi State loses by 5 or fewer or beats Alabama.,"Alabama tackles poorly in space and struggles to stop drives -> Mississippi State's playmakers in space (Anthony Evans, Fluff Bothwell off outside zone, Kamario Taylor) produce points -> a back-and-forth possession game that Alabama wins by less than 6 or loses.","Alabama outside the top 90 in defensive tackling and finishing drives (94th in tackle grading); Taylor tripled his career TD total and is 14-2 TD-INT, but he is 'even in big-time throws and turnover-worthy plays' and 'underneath the hood' no better than other leading quarterbacks; Taylor 54% success rate against cover three; 200 rushing yards, half on designed runs; Bothwell back up to 4 yards after first contact; Alabama 'pretty tepid' against outside zone; Evans 20 more targets than any teammate, 3 yards per route run; on the other side Alabama is top 25 in rushing success, 4th in finishing drives (5.4 points per trip) and Russell takes 3.1 seconds to throw.",STAT_CITED,FALSE,Alabama -5 (his number) vs the market's 6; total 59 vs 60.5,"Spread; waited for 6.5 to return, then took 6","Cover 3's The Dentist lays Alabama -5.5 (Mississippi State would have covered this number only three times since 2000); Stucky worries that Mississippi State's weak left side of the line (Myles McVay, DJ Chester) gets exposed by Alabama blitzes.",OBSERVED,Alabama's pressure wrecks Mississippi State's left side and Taylor turns it over; Alabama wins by 7 or more.,falsifier
W05-075,FULL,Missouri loses by 5 or fewer or beats Florida.,Florida comes off a rout of Ole Miss and is 'hearing how great they are' -> a natural emotional letdown on the road -> Florida's receiver room is thinned -> Missouri runs power to control the clock and keeps it within a field goal or so.,"His number 3 last week, about 3.5 now; Florida's Ole Miss win helped by turnover luck and Lacy's absence; Vernell Brown likely out, Singleton back but 'not really cutting', Stockton might miss; Missouri's tackles (Caden Green, Luke Work) can handle Florida's edge rushers; Missouri a top-15 schedule-adjusted defense in his numbers; Drinkwitz 10-4 ATS as a conference home dog at Missouri.",STAT_CITED,TRUE,Florida -3.5 fair (2 points inside the market); 'a field goal Gators win',Spread at 5.5; would love 7,"Raised himself: Austin Simmons is 'a turnover machine historically' with a boatload of turnover-worthy plays, and Buster Faulkner's offense is 'cooking everyone'. Cover 3's Tom Fornelli: Missouri's average touchdown drive is 44 yards.",OBSERVED,Simmons commits multiple turnovers or Missouri's run game fails; Florida wins by 6 or more.,falsifier
W05-076,FULL,Ohio State wins at Iowa by 15 or more.,"Iowa cannot throw (no explosiveness) or run against competent opponents, and its defense gets no push or pressure -> Jeremiah Smith and Julian Sayin build a lead -> Iowa cannot come from behind, and an Ohio State team that blew a 20-point fourth-quarter lead at Texas keeps burying them.",Iowa's win last week was a 'Houdini act' (about a 7% postgame win expectancy per Connelly; outgained roughly 350 to 110 before the final drive; a kickoff-return TD; all its explosives on tipped passes); Iowa's rushing numbers 'atrocious' against Michigan and Iowa State; Iowa's defensive line yards very poor with no pressure; Bryce Underwood's two 100-yard receivers last week; Ohio State's urgency after an 'underwhelming' defensive effort against Illinois.,STAT_CITED,FALSE,'Ohio State blows the doors off of Iowa',Spread at 14 or better,Cover 3's Danny Kanell: Iowa is tough at home with an identity and Phil Parker will plan for Jeremiah Smith (his under 45.5).,OBSERVED,Iowa's defense limits Smith and Iowa stays within two touchdowns.,falsifier
W05-077,FULL,Ohio State wins at Iowa by 15 or more.,Phil Parker plays a lot of quarters and Sayin shreds quarters -> Iowa's receivers cannot win contested balls and its outside-zone run game meets the one concept Ohio State defends well -> Ohio State scores and Iowa does not.,"Sayin one turnover-worthy play all season; against quarters since last year: 70% success rate and +0.5 EPA; Cam Buffington nearly doubles Iowa's second-leading tackler; Ohio State 100th in success rate against the run and outside the top 60 in line yards, but top 25 in havoc with 26 pass breakups; Iowa's receivers 5 of 15 on 50-50 balls; Iowa's 20-yard runs and third-ranked rush EPA came against Northern Iowa and Northern Illinois; Ohio State defends outside zone; Day's 2017 loss at Kinnick still sticks with him.",STAT_CITED,FALSE,Ohio State -17 (3 points over the market),Spread at 14 or nothing,"Cover 3's Danny Kanell takes the under, arguing Iowa's home identity keeps it close and low.",OBSERVED,Iowa's run game finds success and Ohio State wins by 14 or fewer (14 pushes).,falsifier
W05-078,FULL,Vanderbilt and Georgia combine for 51 or fewer.,"Rain all game plus a Vanderbilt offense that may be without Curtis -> Vanderbilt might not score -> Georgia, with Alabama on deck, keeps it on the ground ('This could be like 50 rushing attempts, five passing attempts').","Projects 45; Curtis questionable; Nate Frazier probably out, so Chauncey Bowens (more a red-zone back) carries most; 'I think, 50% the entire game of just pure rain'; Georgia has Alabama on deck.",ROSTER,TRUE,45 (6.5 under the 51.5 on the board),Full-game under,"Stucky's hesitation before joining: the Curtis uncertainty ('the Curtis uncertainty, I need more'), and Georgia has been a covering machine with all its games going over.",OBSERVED,"Curtis plays and Vanderbilt hits explosives in the rain, or Georgia scores 40 alone; total 52 or more.",falsifier
W05-079,FULL,Vanderbilt and Georgia combine for 51 or fewer.,"Vanderbilt will try to ugly the game up and shorten it -> Georgia, with Alabama next week, has no reason to run it up -> low total.",Vanderbilt will shorten the game at all costs; Georgia just beat Oklahoma and goes to Alabama next week; the under 'at 51 or better'.,MOTIVATION,TRUE,no projection offered,Full-game under at 51 or better,Raised himself: Georgia has been a covering machine and all of its games have gone over.,OBSERVED,Total 52 or more.,falsifier
W05-080,FULL,South Carolina beats Kentucky by 3 or more.,"The line collapsed from 7 to under 3 after South Carolina lost to Alabama -> South Carolina's run game attacks Kentucky's leaky run defense -> its secondary, fresh off Taylor and Russell, handles Kenny Minchey -> Kentucky, riding high with LSU next, comes out flat.","Look-ahead line was 7; both teams were blown out by Alabama, Kentucky at home; Kentucky barely covered against South Alabama's backup QB; South Carolina's run game 'very, very good', Kentucky's run defense 'leaking'; South Carolina just faced Kamario Taylor and Keelan Russell; possible pressure on Beamer's job; Kentucky has LSU at home next.",MOTIVATION,FALSE,no projection offered,"Spread at 2.5, playable to 3","Colin Wilson: LaNorris Sellers faced 30 pressures in two games, South Carolina has 14 drops already (more than in all of 2024 or 2025), and its pass defense is near last in success rate and EPA.",OBSERVED,"South Carolina's passing game sputters with drops and pressure, and Kentucky throws on its defense; South Carolina wins by 2 or fewer or loses.",falsifier
W05-081,FULL,Kentucky and South Carolina combine for 55 or more.,"South Carolina's inside-zone run game (Fuller, Sellers) gashes Kentucky -> South Carolina's defense lays down against everyone's passing game -> Kentucky can throw -> both teams score.","Matt Fuller 5.1 yards after first contact; Kentucky 43% success rate allowed against inside zone; South Carolina near dead last in defensive finishing drives and close to last in defensive passing success rate and EPA; Sellers four big-time throws, seven turnover-worthy plays, 30 pressures in two games; South Carolina 14 drops already.",STAT_CITED,FALSE,54 (his number) against 54.5; wants it before 55,Over rather than a side: problems with both teams,"His own number (54) sits half a point under the market he leans over, and South Carolina's drops and pressure can stall drives as easily as extend games.",CONSTRUCTED,Total 54 or fewer.,counter_case|falsifier
W05-082,FULL,Clemson loses by 17 or fewer or wins.,"Miami has played one real opponent and is overvalued -> Clemson's legit secondary slows Miami's passing, more so in rain -> Clemson runs, uglies the game and limits possessions -> Cristobal turns conservative as a big favorite.","Projects Miami -15; a cluster of Miami injuries in the secondary; Miami's schedule (Florida A&M, Central Michigan) about 100 spots weaker than Clemson's; Cristobal 'a terrible big favorite historically', too conservative; Miami could have lost at Wake; Clemson's portal transfers hit at safety, Ashton Hampton a possible first-rounder; Tate Reynolds has helped the run game; possible rain.",ROSTER,TRUE,Miami -15 (2.5 inside the 17.5 he took),Spread over 17,"Colin Wilson: Reynolds has no big-time throws and five turnover-worthy plays, Clemson has no offensive advanced stat in the top 100 (133rd on third downs), and Mark Fletcher should return for Miami.",OBSERVED,Clemson cannot run and Reynolds turns it over; Miami wins by 18 or more.,falsifier
W05-083,FULL,Central Michigan beats Akron by 7 or more.,"Akron is 'missing Hoffenberger' (transfer QB, as heard) and its defense 'lost all of their best players to season-ending injuries' -> it was destroyed by UNLV -> a focused Central Michigan, still stewing over last year's loss to Akron, buries them.","Akron missing its transfer QB (Hoffenberger, as heard); its defense lost all of its best players to season-ending injuries; destroyed by UNLV last week; the Central Michigan coach says he thinks about last year's Akron loss '50 times every night'.",ROSTER,TRUE,'Central Michigan buries them',Spread at 6.5 (aside; not placed on the board),Raised himself: 'I know it's hard to lay... why is central Michigan laying six and a half?'; Sixth Gear's Calabrese avoids Central Michigan for its offensive limitations.,OBSERVED,Central Michigan's offense stalls and Akron stays within 6.,falsifier
W05-084,FULL,Arizona beats Cincinnati by 8 or more.,"Cincinnati's 4-0 is fraudulent (comebacks and weak opponents) -> Arizona's run defense handles Cincinnati's run game while Fifita, with Richardson back, throws over a weak secondary -> sell high on a team traveling west late; Satterfield struggles as a dog stepping up in class.","Cincinnati trailed in its wins (28-10 against Miami OH; 17-7 at half against Kansas State) and was outgained by 50 by Boston College (388 yards allowed); Arizona yet to cover; Richardson had 5 catches on 7 first-quarter targets against BYU before getting hurt; JC French barely throws downfield; an 11 p.m. ET West Coast kickoff worth about a point historically; Satterfield 12-23-2 ATS (34%) as a conference dog, 0-6 catching a touchdown or more.",STAT_CITED,TRUE,no projection offered (wanted 7 or better),Spread at 7,"Colin Wilson (head-to-head): he makes it Arizona -4; Cincinnati is top 10 in rush EPA, the Arizona defense has 'a 12% drop in success rate from defending inside zone to outside zone' and is 117th in opponent EPA on passing downs, and Fifita's receivers are 4 of 12 on 50-50 balls.",OBSERVED,Cincinnati's outside-zone runs control the clock and it stays within 7.,falsifier
W05-085,FULL,Cincinnati loses by fewer than 7 or wins at Arizona.,Cincinnati's heavy outside-zone run game attacks a light Arizona front that is much worse against outside zone -> Cincinnati stays on schedule and puts Arizona's poor passing-down defense in third-and-long -> Arizona's contested-catch problems cap Fifita.,"Projects Arizona -4; Cincinnati dominated Kansas State on the ground in the second half; Jabran Payne 4.4 yards after first contact; Cincinnati top 10 in rush EPA; Arizona's nickel uses two or three down linemen; Arizona's success rate drops 12% from inside zone to outside zone; Arizona 117th in opponent EPA on passing downs; JC French 68% success against cover one, Arizona's preferred coverage; Arizona's back (Kendrick Ruscano, as heard) has one run over 15 yards in 39 carries; Fifita 10 big-time throws and 2 turnover-worthy plays, but his receivers are 4 of 12 on 50-50 balls.",STAT_CITED,FALSE,Arizona -4 (3 points of value at +7),Market not named; logged as the spread,"Stucky (head-to-head, Arizona -7): Cincinnati's 4-0 is fraudulent, it trails every week, and Satterfield, as an underdog in conference games at Louisville and Cincinnati, is 12-23-2 ATS (34%) and 0-6 when catching a touchdown or more.",OBSERVED,Cincinnati trails early again and has to throw; Arizona wins by 8 or more.,instrument_rationale|falsifier
W05-086,FULL,USC beats Washington by 10 or more.,"Washington's offense lives on DeMond Williams escaping a line that cannot block -> its backs go down on contact -> Washington's defense is only 44th in quality drives despite facing Minnesota, Eastern Washington, Utah State and Washington State -> USC covers comfortably.","Brian Bonner and Trey Cooley under 2 yards after first contact; Washington 44th in quality drives allowed, against Minnesota, Eastern Washington, Utah State and Washington State; Stucky: Washington has not covered a game, has the worst cover margin in the country and still takes money every week; Stucky: no Denzel Boston, injuries at receiver, many true freshmen; Stucky: Washington plays 'a ton of man'.",STAT_CITED,FALSE,no projection offered,"Spread, plus a USC team total over 34.5",Cover 3's Chip Patterson sprinkles Washington ML +325.,OBSERVED,Williams's scrambles produce explosives and Washington stays within 9.,falsifier
W05-087,COMPRESSED,USC scores 35 or more against Washington.,"Washington's drive defense (44th in quality drives, built against weak offenses) cannot stop USC's offense (see his USC -9).",Same as his USC -9: Washington's quality-drive defense rank (44th) built against weak offenses.,STAT_CITED,FALSE,no projection offered,Team total over alongside the spread,"Washington's slow, scramble-driven offense can shorten the game and cap USC's possessions.",CONSTRUCTED,USC scores 34 or fewer.,depth|mechanism|counter_case|falsifier
W05-088,FULL,Notre Dame and North Carolina combine for 47 or fewer.,"North Carolina cannot pass-protect against the country's best defense -> Notre Dame cannot run and is not an explosive passing team, while North Carolina's pass defense and rush create negative plays -> the Belichicks, with two weeks to prepare, condense the game into field goals.","Billy Edwards can't play under pressure; Notre Dame 'the best defense in the country' and still unable to run; North Carolina's pass defense good with a good pass rush; Petrino, 'with a much more talented offense' last year, 'couldn't do anything against' Notre Dame; North Carolina off a bye; 'this has like 27-6 written all over it'.",SCHEME,FALSE,"27-6 (33 total, 14.5 under)",Full-game under,"Raised himself: Notre Dame unders 'keep getting screwed in the last 30 seconds every week', and pick-sixes are a risk.",OBSERVED,Notre Dame's passing game hits explosives or defensive scores pile up; total 48 or more.,falsifier
W05-089,FULL,Notre Dame and North Carolina combine for 47 or fewer.,Rain takes away the passing game -> Notre Dame's run game is only average -> North Carolina's line moves piles but runs into an elite red-zone defense -> low total.,"50% chance of rain all game and some wind; Nolan James 3.5 yards after first contact; Aneyas Williams subpar in elusiveness; Notre Dame's rushing attack just inside the top 40; North Carolina fifth in line yards and 10th in rushing success, Benjamin Hall five explosives; Notre Dame 'extremely elite in the red zone'.",STAT_CITED,TRUE,Projection cut off in the transcript ('I project this...'),Full-game under,Stucky's own caveat: Notre Dame unders have been lost late.,OBSERVED,Total 48 or more.,falsifier
W05-090,FULL,Navy and Air Force combine for 46 or more.,"Each offense has a big line-of-scrimmage edge (line yards, stuff rate) -> methodical drives work for both and finish in touchdowns -> 'the scoring position should turn into touchdowns for both' (Stucky adds 'more explosives in this game than you're used to').","'Massive advantages to each offense' in line yards, stuff rate, quality drives and finishing drives (no figures given); Stucky: Navy can't defend the pass, Air Force can't defend the run.",SCHEME,FALSE,no projection offered,Full-game over,Cover 3's Tom Fornelli plays 'the principle of the service academy under' (the show's sounder: 40-9-1 since 2005).,OBSERVED,Total 45 or fewer.,falsifier
W05-091,FULL,Navy and Air Force combine for 46 or more.,Each defense is weak against what the other offense does -> more explosives than a typical service-academy game.,Navy can't defend the pass; Air Force can't defend the run; 'This isn't your older brother's service academy game'; made the side 3.,ASSERTION,FALSE,Side made 3; no total number,Full-game over (lean),Cover 3's Tom Fornelli plays 'the principle of the service academy under' (the show's sounder: 40-9-1 since 2005).,OBSERVED,Total 45 or fewer.,falsifier
W05-092,FULL,Tennessee beats Auburn by 7 or more.,Auburn's offensive line cannot block anyone in the SEC -> Byron Brown's offense stalls against power-conference defenses -> Tennessee wins by a touchdown-plus despite its own line issues.,Auburn could not score against Baylor and Vanderbilt (late points against Florida discounted); Auburn's edge rush nowhere near last year's.,ASSERTION,FALSE,No number; a lean only under 7,"Spread, only at 6.5 or better","Raised himself: Tennessee just lost one of its best offensive linemen and could not block last week, and its quarterback is 'holding onto the ball forever and a day' (part of his under lean); Colin: both Tennessee guards may be backups.",OBSERVED,Tennessee wins by 6 or fewer or loses.,falsifier
W05-093,FULL,Auburn and Tennessee combine for 53 or fewer (54 pushes).,"Both offensive lines are in trouble -> drives never get started, so the fast tempo produces empty possessions -> the game stays under despite the pace.","Tennessee lost a top offensive lineman for the season and could not block Texas; Auburn can't block anyone; Tennessee's quarterback holds the ball 'forever and a day'; the fastest-tempo game of the weekend (the over case, which sharp bettors he knows are on).",ROSTER,TRUE,'I'm spot on the number' (54),Under; would prefer 55,Raised himself: 'some really sharp total bettors' are on the over because it is the fastest-tempo game of the weekend.,OBSERVED,Total 55 or more (54 pushes).,falsifier
W05-094,FULL,Auburn and Tennessee combine for 54 or fewer.,"Tennessee's inside-zone offense depends on its guards, and both may be backups -> Tennessee sputters -> Byron Brown cannot solve Jim Knowles -> under, but only at a key-number price.",Projects 53; Wendell Moe out; the other guard questionable on the availability report; Tennessee's quarterback had three turnover-worthy plays against Texas; both teams run plays every 21 and 25 seconds.,ROSTER,TRUE,53 (1 under the market; plays it only at 55),Under at 55 only,Raised himself: the pace (21 and 25 seconds per play) argues for a higher total.,OBSERVED,Total 56 or more (55 pushes).,falsifier
W05-095,FULL,TCU loses by 5 or fewer or beats BYU (he expects an outright win).,"BYU has played one competent opponent and needed luck -> TCU's run defense stops BYU and its passing game cannot be trusted -> TCU, with healthy receivers and Dwyer back, hits deep shots -> a home dog with revenge wins.","Line too high, should be about 4; Dwyer back; TCU's new offense improving; Dykes 15-7 ATS at home at TCU covering by 5 per game, 2-0 ATS as a home dog by 24 per game; BYU needed Richardson's injury and a fourth-down stop 'by one blade of grass' to beat Arizona; BYU's RT Gentry out; TCU was embarrassed at BYU last year.",STAT_CITED,TRUE,TCU +4 fair (2 points of value at 6); 'They win outright',Spread,"Cover 3's producer: BYU is 19-0 from August to October since 2024, has covered eight straight with Bachmeier, and comes off a bye.",OBSERVED,BYU's passing game works against TCU and BYU wins by 7 or more.,falsifier
W05-096,FULL,TCU loses by 6 or fewer or wins.,TCU's run defense matches up with BYU's offense -> BYU's tackling (122nd) gives TCU yards -> the game is closer than 6.5.,"Projects 4.5; BYU 122nd in tackling; Jaden Craig 10 big-time throws, 6 turnover-worthy plays; TCU top 20 in success rate and EPA allowed against the run.",STAT_CITED,FALSE,BYU -4.5 (2 points inside the market),Spread; waiting for 7,Cover 3's producer lays BYU -6.5; Colin himself thinks BYU makes the playoff.,OBSERVED,BYU wins by 7 or more.,falsifier
W05-097,FULL,Marshall loses by 19 or fewer.,James Madison's results came against weak or short-handed opponents -> the line has 'blown through 17' and is 'approaching 20' -> in conference play Marshall stays within three scores.,"JMU beat San Diego State (awful), Liberty (should have won without a botched call) and ODU with a backup QB; 'this number is getting out of control'; JMU's main fade spot is next week at Georgia Southern.",MARKET,FALSE,No projection offered (expects the line to move: 'I think it's going to get to 20'),Small spread bet; 'backing Marshall right now is dicey',"Colin Wilson laid JMU -15.5 on Sunday; Stucky concedes Marshall has been 'so, so bad'.",OBSERVED,James Madison wins by 20 or more.,falsifier
W05-098,COMPRESSED,James Madison beats Marshall by 16 or more.,None stated on air beyond the early number.,None offered on air (written up for Action Network on Sunday).,NONE,FALSE,Would not play above 18,"Spread at 15.5, taken Sunday","Stucky: 'this number is getting out of control for JMU'; Sixth Gear's Calabrese: 'a little bit too much market movement', and JMU's Old Dominion win came against a backup quarterback with short fields.",OBSERVED,James Madison wins by 15 or fewer.,depth|mechanism|falsifier
W05-099,COMPRESSED,Buffalo loses by 16 or fewer or beats Western Michigan.,The opener overstated the gap -> his fair number is about 8.,'That number should be eight'; 'the number is just way out of control'.,ASSERTION,FALSE,Western Michigan -8 fair (8.5 of value at the opener),Spread at the opener,"Buffalo's quarterback is hurt (Stucky's injury rundown), the likeliest reason for the big opener.",CONSTRUCTED,Western Michigan wins by 17 or more.,depth|mechanism|counter_case|falsifier
W05-100,FULL,"Maryland loses at Nebraska by 14 or fewer, or wins.",Nebraska may be missing two of its best skill players and looks ahead to Indiana -> Maryland is a buy-low after being atrocious -> the number cannot be above two touchdowns on power ratings alone.,'This can't be above two touchdowns just from power'; Nebraska possibly down a couple of its best skill players; Indiana next; Maryland gets away from home; concedes Maryland can't run and may have quit on Locksley.,MARKET,TRUE,Under two touchdowns on power; Colin makes it 10,"Spread, trash segment","Raised himself: 'maybe Maryland quits on Loxley', and Maryland can't run the ball.",OBSERVED,Nebraska wins by 15 or more.,falsifier
W05-101,COMPRESSED,"Maryland loses at Nebraska by 14 or fewer, or wins.","A good spot for Maryland, and his number is 10.",Projects Nebraska -10; agrees with Stucky's spot read.,ASSERTION,FALSE,Nebraska -10 (4.5 inside the market),"Spread, trash segment",Stucky's own concern: Maryland may have quit on Locksley.,OBSERVED,Nebraska wins by 15 or more.,depth|mechanism|falsifier
W05-102,FULL,Colorado loses by 13 or fewer or beats Texas Tech.,"Texas Tech's priors still prop it up (it should have lost to Houston and nearly lost to Oregon State; its defensive line is way down) -> Isaac Wilson is an upgrade who throws downfield to Joseph Williams -> at altitude, an all-out Colorado effort keeps it within two scores.","Isaac Wilson's aDOT 25% higher than Julian Lewis's; Lewis zero big-time throws and seven turnover-worthy plays excluding Weber State; Will Hammond two big-time throws and seven turnover-worthy plays when kept clean; Texas Tech covered against Sam Houston only via two pick-sixes and a Castellanos heave on third and goal from the 30; Texas Tech travels poorly under McGuire; Colorado 18-10 ATS as a home dog of more than a touchdown since 2005, Deion 3-0 by 10 per game.",STAT_CITED,FALSE,Colin: Colorado could win outright (he makes it 8; SP+ makes it 21),"Spread, trash segment",Colin notes SP+ makes the game Texas Tech -21 ('Either me or Bill').,OBSERVED,Texas Tech's defense forces Wilson into turnovers and Tech wins by 14 or more.,falsifier
W05-103,COMPRESSED,Colorado loses by 13 or fewer or beats Texas Tech.,His number (Texas Tech -8) is far below the market and he thinks Colorado can win outright.,Projects Texas Tech -8; SP+ makes it 21 ('That's a huge discrepancy'); 'Colorado for me all the way'.,ASSERTION,FALSE,Texas Tech -8 (5.5 inside the market); SP+ 21,"Spread, trash segment",SP+ (Bill Connelly) makes it Texas Tech -21.,OBSERVED,Texas Tech wins by 14 or more.,depth|falsifier
W05-104,FULL,Temple loses by 6 or fewer or wins (he expects an outright win).,"South Florida's record hides near-losses -> K.C. Keeler, strong as a dog, out-coaches first-year Brian Hartline -> Temple wins or covers.","South Florida should have lost to FIU, needed a miraculous comeback, had 14 points with two minutes left against Army (won on a fourth-down go route on the last play) and trailed Bowling Green in the fourth quarter without a point; Keeler two national titles with two programs and great as a dog; Hartline five games, 'most of them have been underwhelming'; Colin: South Florida 133rd in pass EPA.",STAT_CITED,FALSE,'Temple outright',"Spread at 6.5, would prefer 7",South Florida has won every close game and is the home favorite.,CONSTRUCTED,South Florida wins by 7 or more.,counter_case|falsifier
W05-105,FULL,Louisiana Tech loses by 1 or wins against Army.,"Army was fortunate to beat Temple and makes a tough trip -> Louisiana Tech, off a bye, has extra time and prior prep for Army's offense -> Louisiana Tech wins or covers.","Louisiana Tech off a bye; Army 'got very fortunate to beat Temple'; Army destroyed Louisiana Tech in a 2024 bowl Louisiana Tech accepted at the last second and played backups in; Blake Baker expected back; Colin: Louisiana Tech fifth in defensive line yards, and 'they have a strength of schedule of seven'.",STAT_CITED,TRUE,no projection offered,Spread at +2,"Army's option offense is a unique preparation problem regardless of a bye, and Army won the last meeting easily.",CONSTRUCTED,Army wins by 3 or more.,counter_case|falsifier
W05-106,FULL,Louisiana Tech loses by 1 or wins against Army.,Louisiana Tech's defensive line wins at the point of attack against Army's run game.,"Louisiana Tech fifth in defensive line yards, and 'a strength of schedule of seven'; 'I made my feelings about Army very clear months ago.'",STAT_CITED,FALSE,no projection offered,Spread on the board; also 'in the round robin' (market not stated),"Army's option offense is a unique preparation problem, and Army won the last meeting easily.",CONSTRUCTED,Army wins by 3 or more.,mechanism|counter_case|falsifier
W05-107,FULL,Texas A&M beats Arkansas by 14 or more.,"Texas A&M, buried by the media, gets up for a flex spot under Elko -> it can run on Arkansas, which cannot defend mobile quarterbacks, setting up Reed's play action -> Arkansas's offense, one target deep (Chris Marshall), cannot keep up.",A&M can't run on most SEC teams but can on Arkansas; 'Run Reed into the ground'; Arkansas can't defend mobile quarterbacks; Colin: Arkansas dead last in rush EPA and 135th in defensive finishing drives; KJ Jackson's aDOT under 8 with more turnover-worthy plays than big-time throws; Chris Marshall 40 targets against 15 for the next receiver; A&M 10th in third-down conversions and 7th in penalties; 40% rain.,STAT_CITED,TRUE,no projection offered,Spread below 14,Cover 3's Chip Patterson sprinkles Arkansas ML +500 ('it can't get worse').,OBSERVED,A&M cannot run and Arkansas keeps it within 13.,falsifier
W05-108,FULL,Pitt beats Virginia Tech outright.,"Virginia Tech's offense does not throw deep outside, which is how to beat Narduzzi's quarters -> Pitt's personnel matches Virginia Tech's tight end -> Pitt wins on the field if Heintschel avoids mistakes under pressure.",Sharp groups on Pitt; the line below 3; Virginia Tech's pass rush and havoc 'real' but the Maryland game aged poorly; both teams' rain games; Narduzzi leaves his corners on islands and Grunkemeyer is not throwing deep; Virginia Tech's tight end 'incredible' but Pitt's personnel matches up.,SCHEME,FALSE,Pitt wins,Moneyline lean,Raised himself: Heintschel has struggled when stepping up in class and faces real pressure.,OBSERVED,Virginia Tech wins.,falsifier
W05-109,FULL,Pitt and Virginia Tech combine for 54 or fewer.,Both defenses rank first and second nationally in stuff rate and line yards -> neither team runs -> Virginia Tech's banged-up offensive line adds to it -> under.,"Virginia Tech's defense first in stuff rate and line yards, Pitt's second; Stucky: 'You can never run Pitt'; Virginia Tech OL: Cunningham probable, Meadows questionable, Justin Terry out.",STAT_CITED,TRUE,no projection offered,Full-game under,"Cover 3's Bud Elliott (three-star, over 54.5): both quarterbacks are good and both teams' scoring was suppressed by rain games; he makes it 57.5.",OBSERVED,Total 55 or more.,falsifier
W05-110,FULL,Liberty wins at Delaware by 7 or more.,"Delaware's starting quarterback Minacucci 'with his knee limped off the field' and Delaware won't discuss injuries (status not confirmed) -> the backup is a massive downgrade, which Colin values at 8 points -> Liberty covers.",Minacucci limped off with a knee injury; Delaware will not discuss injuries; Streeter 2 of 16 for 9 yards; 'Streeter couldn't win the Arkansas job'; values the quarterback drop at 8 points.,ROSTER,TRUE,Quarterback downgrade worth 8 points,Spread taken early in the week,"Stucky: 'No, it can't be that high' (on Colin's 8 points); 'With the adjustment, I'm at seven. Six and a half, actually... it might just be way worse than I think. So I'm staying away.'",OBSERVED,Minacucci plays or Streeter moves the offense; Liberty wins by 6 or fewer.,falsifier
W05-111,FULL,Penn State and Northwestern combine for 46 or more.,"Northwestern's new stadium sits '21 feet below sea level' (as stated) with open ends, so the forecast wind 'ain't going to mean anything' -> over a low total.","Field 21 feet below sea level (as stated) with open ends, like Hard Rock Stadium; 20 mph gusts 'ain't going to mean anything'.",ASSERTION,TRUE,no projection offered,Full-game over at 45,Cover 3's Bud Elliott: Northwestern 'emptied the clip' against Indiana and Campbell will defend it (Northwestern team total under 22.5).,OBSERVED,Total 45 or fewer (45 pushes).,falsifier
W05-112,FULL,SMU beats Boston College by 22 or more.,Boston College's rating is inflated -> its defense is bad and SMU's offense faces no pressure -> spying Mason McKenzie removes BC's only offense -> an SMU team that has been unlucky buries them.,"BC played Rutgers' backup quarterback, 'and while Rutgers turned the ball over six times in BC territory', then Virginia Tech in a typhoon; SMU already faced Ashton Daniels and Lincoln Kienholz; SMU outgained Missouri State by 350 yards without covering; fumbles, missed field goals and turnovers on downs depressed SMU's rating.",STAT_CITED,FALSE,'SMU buries them',Spread as an overdog parlay leg,21 points is a big conference number for an SMU team that has been sloppy all season.,CONSTRUCTED,BC's McKenzie runs freely and Boston College stays within 21.,counter_case|falsifier
W05-113,FULL,Texas State beats San Diego State by 10 or more.,"San Diego State cannot defend the run -> Torrence Burgess and Brad Jackson's efficient passing produce points -> SDSU's offense, bottom 10 in success rate, cannot keep pace.",San Diego State cannot defend the run against anyone; Burgess among the highest elusiveness grades per PFF; Texas State's pass offense 14th in EPA; San Diego State bottom 10 in success rate and near last in creating methodical drives; mumps outbreak with no availability report yet.,STAT_CITED,TRUE,The line keeps rising,Spread as an overdog parlay leg,Cover 3's Bud Elliott: San Diego State ML +270 as a bounce-back.,OBSERVED,San Diego State's run game works and it stays within 9.,falsifier
W05-114,FULL,NC State beats Louisville outright.,"The market downgraded NC State for a Vanderbilt loss it nearly won (one CJ Bailey mistake) -> NC State has matchup advantages -> 'They're a three-and-a-half-point dog, but let's take them out right now'.",NC State's postgame win expectancy against Vanderbilt 'near flawless'; the loss came from one CJ Bailey mistake; 'advantages here for NC State' (not specified); Louisville's QB may not play (Stucky).,MARKET,TRUE,NC State wins,Moneyline as an underdog parlay leg,"Louisville is a road favorite for a reason, and NC State still lost to Vanderbilt.",CONSTRUCTED,Louisville wins.,counter_case|falsifier
W05-115,FULL,Mississippi State leads Alabama at halftime.,Alabama has started slowly against its main opponents -> Lebby's scripted openers are good -> Russell makes early mistakes in a hostile early-kick environment -> Mississippi State leads at the half.,"Alabama's first drives against its main opponents: interception, fumble, punt, punt, punt, then a 75-yard TD pass; Alabama 'traveling there the morning of' an 11 a.m. kick ('Very bizarre'; Colin interjects 'The 90-minute bus ride at 7 o'clock in the morning?'); South Carolina had about 130 yards on its first two drives against Alabama but missed a field goal and turned it over on downs; Lebby 'usually pretty good with his script'; his number Alabama -4.25.",STAT_CITED,FALSE,Alabama -4.25 full game; Mississippi State ahead early,First-half moneyline in an underdog parlay with NC State,Colin Wilson: 'Keelan Russell's going to be able to sit in that pocket all day and throw here. So I just don't see the Bulldogs... getting any kind of stop whatsoever.',OBSERVED,Alabama leads at halftime (a tie is a push on a two-way first-half moneyline).,falsifier
